pop,pair,task1,task2,lam_sel,G4_lam_U1_agree,G4_lam_U1_recomputed_E7_logits,G4_lam_ENT_min_entropy,G4_lam_ENTn_min_norm_entropy,G4_lam_fixed_lam1.0,G4_lam_fixed_lam0.7,G4_lam_Lcal_labeled_ref,G4_lam_oracle_test,G4_regret_U1_agree,G4_regret_U1_recomputed_E7_logits,G4_regret_ENT_min_entropy,G4_regret_ENTn_min_norm_entropy,G4_regret_fixed_lam1.0,G4_regret_fixed_lam0.7,G4_regret_Lcal_labeled_ref,G4_regret_oracle_test,G4_regret_RAND_grid_expectation,G7_lam_U1_agree,G7_lam_U1_recomputed_E7_logits,G7_lam_ENT_min_entropy,G7_lam_ENTn_min_norm_entropy,G7_lam_fixed_lam1.0,G7_lam_fixed_lam0.7,G7_lam_Lcal_labeled_ref,G7_lam_oracle_test,G7_regret_U1_agree,G7_regret_U1_recomputed_E7_logits,G7_regret_ENT_min_entropy,G7_regret_ENTn_min_norm_entropy,G7_regret_fixed_lam1.0,G7_regret_fixed_lam0.7,G7_regret_Lcal_labeled_ref,G7_regret_oracle_test,G7_regret_RAND_grid_expectation
R0,cola@s0__sst2@s0,cola,sst2,0.7,1.0,1.0,1.0,1.0,1.0,0.7,0.7,0.7,1.502302198834815,1.502302198834815,1.502302198834815,1.502302198834815,1.502302198834815,0.0,0.0,0.0,3.6534485998872435,1.0,1.0,1.3,1.3,1.0,0.7,0.7,0.7,1.502302198834815,1.502302198834815,4.158287915805314,4.158287915805314,1.502302198834815,0.0,0.0,0.0,6.062870835235058
R0,cola@s0__mrpc@s0,cola,mrpc,0.5,0.7,0.7,1.0,1.0,1.0,0.7,0.5,0.7,-0.1386554621848779,-0.1386554621848779,2.1638655462184797,2.1638655462184797,2.1638655462184797,-0.1386554621848779,0.0,-0.1386554621848779,1.7211134453781474,0.7,0.7,2.0,2.0,1.0,0.7,0.5,0.7,-0.1386554621848779,-0.1386554621848779,37.218487394957975,37.218487394957975,2.1638655462184797,-0.1386554621848779,0.0,-0.1386554621848779,9.607442977190873
R0,cola@s0__stsb@s0,cola,stsb,0.7,0.7,0.7,1.0,1.0,1.0,0.7,0.7,0.7,0.0,0.0,2.4188000988659697,2.4188000988659697,2.4188000988659697,0.0,0.0,0.0,3.286169444652065,0.7,0.7,2.0,2.0,1.0,0.7,0.7,0.7,0.0,0.0,27.930785097910515,27.930785097910515,2.4188000988659697,0.0,0.0,0.0,8.395990710157573
R0,cola@s0__mnli@s0,cola,mnli,1.0,1.0,1.0,0.3,0.3,1.0,0.7,1.0,1.0,0.0,0.0,23.105306231342738,23.105306231342738,0.0,2.463712991938616,0.0,0.0,8.528086829240147,1.0,1.0,0.3,0.3,1.0,0.7,1.3,1.0,0.0,0.0,23.105306231342738,23.105306231342738,0.0,2.463712991938616,0.1348549961784129,0.0,6.519115123372218
R0,cola@s0__qnli@s0,cola,qnli,0.7,0.7,0.7,1.0,1.0,1.0,0.7,0.7,0.7,0.0,0.0,1.7535242202787238,1.7535242202787238,1.7535242202787238,0.0,0.0,0.0,5.106804008093382,0.7,0.7,1.0,1.0,1.0,0.7,0.7,0.7,0.0,0.0,1.7535242202787238,1.7535242202787238,1.7535242202787238,0.0,0.0,0.0,9.764331734051384
R0,cola@s0__rte@s0,cola,rte,0.7,0.7,0.7,1.0,1.0,1.0,0.7,0.7,0.7,0.0,0.0,2.4564534551684725,2.4564534551684725,2.4564534551684725,0.0,0.0,0.0,3.316676185037121,0.7,0.7,1.3,1.3,1.0,0.7,0.7,0.7,0.0,0.0,8.5608223872073,8.5608223872073,2.4564534551684725,0.0,0.0,0.0,7.5642490005711025
R0,cola@s0__wic@s0,cola,wic,0.7,0.7,0.7,1.0,1.0,1.0,0.7,0.7,0.7,0.0,0.0,1.978162502459191,1.978162502459191,1.978162502459191,0.0,0.0,0.0,4.137873795002961,0.7,0.7,1.3,1.3,1.0,0.7,0.7,0.7,0.0,0.0,6.8785658075939615,6.8785658075939615,1.978162502459191,0.0,0.0,0.0,8.007644529383674
R0,cola@s0__snli@s0,cola,snli,0.5,0.7,0.7,1.0,1.0,1.0,0.7,0.7,0.7,-0.26770010329715266,-0.26770010329715266,1.2012479410368648,1.2012479410368648,1.2012479410368648,-0.26770010329715266,-0.26770010329715266,-0.26770010329715266,1.5910201289818127,0.7,0.7,1.5,1.5,1.0,0.7,0.7,0.7,-0.26770010329715266,-0.26770010329715266,7.438614980876068,7.438614980876068,1.2012479410368648,-0.26770010329715266,-0.26770010329715266,-0.26770010329715266,5.0593011290895
R0,cola@s0__scitail@s0,cola,scitail,0.5,0.5,0.5,1.0,1.0,1.0,0.7,0.5,0.5,0.0,0.0,9.285277438007334,9.285277438007334,9.285277438007334,3.933615033915261,0.0,0.0,4.303833537195592,0.5,0.5,2.0,2.0,1.0,0.7,0.5,0.5,0.0,0.0,36.041921494495725,36.041921494495725,9.285277438007334,3.933615033915261,0.0,0.0,13.08428380804117
R0,cola@s0__ag_news@s0,cola,ag_news,0.7,0.7,0.7,1.0,1.0,1.0,0.7,0.7,0.7,0.0,0.0,0.7280923645160087,0.7280923645160087,0.7280923645160087,0.0,0.0,0.0,1.388812572342668,0.7,0.7,1.0,1.0,1.0,0.7,0.7,0.7,0.0,0.0,0.7280923645160087,0.7280923645160087,0.7280923645160087,0.0,0.0,0.0,5.7052306883398956
R0,cola@s0__imdb@s0,cola,imdb,0.7,0.7,0.7,1.0,1.0,1.0,0.7,0.5,0.5,0.0,0.0,4.071369353731358,4.071369353731358,4.071369353731358,0.0,-0.007464668316126133,-0.007464668316126133,2.6972186419161326,0.7,0.7,2.0,2.0,1.0,0.7,0.5,0.5,0.0,0.0,36.60895177273728,36.60895177273728,4.071369353731358,0.0,-0.007464668316126133,-0.007464668316126133,11.295292285599546
R0,cola@s0__trec@s0,cola,trec,0.7,1.0,1.0,0.7,1.0,1.0,0.7,0.7,0.7,0.02417405318292376,0.02417405318292376,0.0,0.02417405318292376,0.02417405318292376,0.0,0.0,0.0,2.381647864625305,1.0,1.0,0.7,1.0,1.0,0.7,0.7,0.7,0.02417405318292376,0.02417405318292376,0.0,0.02417405318292376,0.02417405318292376,0.0,0.0,0.0,4.113905836307126
R0,cola@s0__yelp_polarity@s0,cola,yelp_polarity,0.5,0.5,0.5,1.0,1.0,1.0,0.7,0.5,0.7,0.0,0.0,2.7773046155398995,2.7773046155398995,2.7773046155398995,-0.012270674035386175,0.0,-0.012270674035386175,1.6062438488909037,0.5,0.5,1.5,1.5,1.0,0.7,0.5,0.7,0.0,0.0,13.188230247053767,13.188230247053767,2.7773046155398995,-0.012270674035386175,0.0,-0.012270674035386175,7.563336145268915
R0,sst2@s0__mrpc@s0,sst2,mrpc,0.5,0.5,0.5,1.0,1.0,1.0,0.7,0.5,0.3,0.0,0.0,2.890917389319936,2.890917389319936,2.890917389319936,1.7142857142857126,0.0,-0.3226837060702925,1.070629849383839,0.5,0.5,1.3,1.3,1.0,0.7,0.5,0.3,0.0,0.0,6.546782291191233,6.546782291191233,2.890917389319936,1.7142857142857126,0.0,-0.3226837060702925,5.694007954619544
R0,sst2@s0__stsb@s0,sst2,stsb,0.7,0.7,0.7,1.0,1.0,1.0,0.7,0.7,0.7,0.0,0.0,0.43400012981901215,0.43400012981901215,0.43400012981901215,0.0,0.0,0.0,3.950633467377168,0.7,0.7,1.0,1.0,1.0,0.7,0.7,0.7,0.0,0.0,0.43400012981901215,0.43400012981901215,0.43400012981901215,0.0,0.0,0.0,4.662118691493335
R0,sst2@s0__mnli@s0,sst2,mnli,0.7,0.7,0.7,1.0,1.0,1.0,0.7,0.7,0.7,0.0,0.0,0.6366278773770828,0.6366278773770828,0.6366278773770828,0.0,0.0,0.0,7.755920999555904,0.7,0.7,1.3,1.3,1.0,0.7,0.7,0.7,0.0,0.0,2.6662904442374957,2.6662904442374957,0.6366278773770828,0.0,0.0,0.0,6.872117419889194
R0,sst2@s0__qnli@s0,sst2,qnli,0.7,0.7,0.7,1.0,1.0,1.0,0.7,0.7,0.7,0.0,0.0,2.8294172636747827,2.8294172636747827,2.8294172636747827,0.0,0.0,0.0,5.253300986807613,0.7,0.7,1.3,1.3,1.0,0.7,0.7,0.7,0.0,0.0,6.253221819517374,6.253221819517374,2.8294172636747827,0.0,0.0,0.0,7.072153987557764
R0,sst2@s0__rte@s0,sst2,rte,0.7,0.7,0.7,1.0,1.0,1.0,0.7,0.7,0.7,0.0,0.0,3.4779304569000247,3.4779304569000247,3.4779304569000247,0.0,0.0,0.0,4.907875554452678,0.7,0.7,1.3,1.3,1.0,0.7,0.7,0.7,0.0,0.0,10.913024597537147,10.913024597537147,3.4779304569000247,0.0,0.0,0.0,8.087143787692812
R0,sst2@s0__wic@s0,sst2,wic,0.7,0.7,0.7,1.0,1.0,1.0,0.7,0.7,0.7,0.0,0.0,1.0682573434344311,1.0682573434344311,1.0682573434344311,0.0,0.0,0.0,4.8058891726414865,0.7,0.7,1.3,1.3,1.0,0.7,0.7,0.7,0.0,0.0,4.337942235566894,4.337942235566894,1.0682573434344311,0.0,0.0,0.0,6.343944290186809
R0,sst2@s0__snli@s0,sst2,snli,0.5,0.5,0.5,1.0,1.0,1.0,0.7,0.7,0.5,0.0,0.0,2.6971558368499404,2.6971558368499404,2.6971558368499404,0.9761315923947356,0.9761315923947356,0.0,2.613511784088032,0.5,0.5,1.3,1.3,1.0,0.7,0.7,0.5,0.0,0.0,4.589789701451585,4.589789701451585,2.6971558368499404,0.9761315923947356,0.9761315923947356,0.0,5.016801918882466
R0,sst2@s0__scitail@s0,sst2,scitail,0.5,0.5,0.5,1.0,1.0,1.0,0.7,0.5,0.5,0.0,0.0,1.7112884035826115,1.7112884035826115,1.7112884035826115,1.155504689660991,0.0,0.0,2.3770662592026595,0.5,0.5,1.0,1.0,1.0,0.7,0.5,0.5,0.0,0.0,1.7112884035826115,1.7112884035826115,1.7112884035826115,1.155504689660991,0.0,0.0,5.625651940961427
R0,sst2@s0__ag_news@s0,sst2,ag_news,0.7,0.5,0.5,0.7,0.7,1.0,0.7,0.5,0.7,0.35872738484663547,0.35872738484663547,0.0,0.0,0.8747092425720249,0.0,0.35872738484663547,0.0,1.8018793189795212,0.5,0.5,0.7,0.7,1.0,0.7,0.5,0.7,0.35872738484663547,0.35872738484663547,0.0,0.0,0.8747092425720249,0.0,0.35872738484663547,0.0,4.799610348971465
R0,sst2@s0__imdb@s0,sst2,imdb,0.7,0.7,0.7,1.0,1.0,1.0,0.7,0.5,0.7,0.0,0.0,0.17599675797297376,0.17599675797297376,0.17599675797297376,0.0,0.5975552527099581,0.0,1.5461014413933967,0.7,0.7,1.0,1.0,1.0,0.7,0.5,0.7,0.0,0.0,0.17599675797297376,0.17599675797297376,0.17599675797297376,0.0,0.5975552527099581,0.0,3.3331788840877876
R0,sst2@s0__trec@s0,sst2,trec,1.0,0.7,0.7,1.0,1.0,1.0,0.7,1.0,1.0,0.13676747341240247,0.13676747341240247,0.0,0.0,0.0,0.13676747341240247,0.0,0.0,3.2151297649787747,0.7,0.7,1.0,1.3,1.0,0.7,1.0,1.0,0.13676747341240247,0.13676747341240247,0.0,0.4338264256641411,0.0,0.13676747341240247,0.0,0.0,3.094461777008062
R0,sst2@s0__yelp_polarity@s0,sst2,yelp_polarity,0.5,0.5,0.5,1.0,1.0,1.0,0.7,0.5,0.5,0.0,0.0,0.867869238476271,0.867869238476271,0.867869238476271,0.5424525392576429,0.0,0.0,0.9464736301796978,0.5,0.5,1.3,1.3,1.0,0.7,0.5,0.5,0.0,0.0,2.078938820152876,2.078938820152876,0.867869238476271,0.5424525392576429,0.0,0.0,2.1497013737999584
R0,mrpc@s0__stsb@s0,mrpc,stsb,0.5,0.5,0.5,0.3,0.3,1.0,0.7,0.5,0.3,0.0,0.0,-1.3270457955890436,-1.3270457955890436,19.726952780717287,16.757141080329497,0.0,-1.3270457955890436,8.789262016364436,0.5,0.5,0.3,0.3,1.0,0.7,0.5,0.3,0.0,0.0,-1.3270457955890436,-1.3270457955890436,19.726952780717287,16.757141080329497,0.0,-1.3270457955890436,14.210475072243106
R0,mrpc@s0__mnli@s0,mrpc,mnli,0.3,0.3,0.3,1.0,1.0,1.0,0.7,0.3,0.3,0.0,0.0,10.358631317199585,10.358631317199585,10.358631317199585,12.357720729870769,0.0,0.0,6.594788638671941,0.3,0.3,1.0,1.0,1.0,0.7,0.3,0.3,0.0,0.0,10.358631317199585,10.358631317199585,10.358631317199585,12.357720729870769,0.0,0.0,9.334640843343958
R0,mrpc@s0__qnli@s0,mrpc,qnli,0.5,0.5,0.5,0.3,0.3,1.0,0.7,0.5,0.5,0.0,0.0,0.6164937122167147,0.6164937122167147,15.917951702065746,4.308343839912066,0.0,0.0,5.210697313548632,0.5,0.5,2.0,2.0,1.0,0.7,0.5,0.5,0.0,0.0,35.1367794911583,35.1367794911583,15.917951702065746,4.308343839912066,0.0,0.0,15.570306330271407
R0,mrpc@s0__rte@s0,mrpc,rte,0.5,0.3,0.3,1.0,1.0,1.0,0.7,0.5,0.3,-2.5991678224687953,-2.5991678224687953,16.565880721220537,16.565880721220537,16.565880721220537,10.224687933425802,0.0,-2.5991678224687953,6.0478502080443866,0.3,0.3,2.0,2.0,1.0,0.7,0.5,0.3,-2.5991678224687953,-2.5991678224687953,23.908460471567274,23.908460471567274,16.565880721220537,10.224687933425802,0.0,-2.5991678224687953,12.543293045373494
R0,mrpc@s0__wic@s0,mrpc,wic,0.5,0.5,0.7,1.0,1.0,1.0,0.7,0.5,1.0,0.0,-1.0520783564261782,-1.2193024366937366,-1.2193024366937366,-1.2193024366937366,-1.0520783564261782,0.0,-1.2193024366937366,-0.14978499761108266,0.5,0.7,2.0,2.0,1.0,0.7,0.5,1.0,0.0,-1.0520783564261782,10.85618729096991,10.85618729096991,-1.2193024366937366,-1.0520783564261782,0.0,-1.2193024366937366,2.5175073373831167
R0,mrpc@s0__snli@s0,mrpc,snli,0.7,0.5,0.5,0.7,0.7,1.0,0.7,0.7,0.5,-0.2301850972947328,-0.2301850972947328,0.0,0.0,3.550071191267201,0.0,0.0,-0.2301850972947328,1.648908400569532,0.5,0.5,2.0,2.0,1.0,0.7,0.7,0.5,-0.2301850972947328,-0.2301850972947328,24.918841955386807,24.918841955386807,3.550071191267201,0.0,0.0,-0.2301850972947328,8.013831446199745
R0,mrpc@s0__scitail@s0,mrpc,scitail,0.7,0.5,0.5,1.0,1.0,1.0,0.7,1.0,0.5,-0.758304077774774,-0.758304077774774,0.7153659195247242,0.7153659195247242,0.7153659195247242,0.0,0.7153659195247242,-0.758304077774774,-0.009654334323511149,0.5,0.5,2.0,2.0,1.0,0.7,1.0,0.5,-0.758304077774774,-0.758304077774774,11.385363219011623,11.385363219011623,0.7153659195247242,0.0,0.7153659195247242,-0.758304077774774,2.544693491763447
R0,mrpc@s0__ag_news@s0,mrpc,ag_news,0.7,0.3,0.3,0.5,0.5,1.0,0.7,1.0,0.7,0.7865828621963944,0.7865828621963944,0.726193108240436,0.726193108240436,1.7491551119674043,0.0,1.7491551119674043,0.0,0.8154827706010587,0.3,0.3,0.5,0.5,1.0,0.7,1.0,0.7,0.7865828621963944,0.7865828621963944,0.726193108240436,0.726193108240436,1.7491551119674043,0.0,1.7491551119674043,0.0,3.798860247172056
R0,mrpc@s0__imdb@s0,mrpc,imdb,0.7,0.7,0.7,1.0,1.0,1.0,0.7,0.7,0.7,0.0,0.0,0.6600811652562433,0.6600811652562433,0.6600811652562433,0.0,0.0,0.0,1.6122314153584867,0.7,0.7,1.0,1.0,1.0,0.7,0.7,0.7,0.0,0.0,0.6600811652562433,0.6600811652562433,0.6600811652562433,0.0,0.0,0.0,6.450282909904777
R0,mrpc@s0__trec@s0,mrpc,trec,0.7,0.7,1.0,1.0,1.0,1.0,0.7,1.0,1.0,0.0,-1.0283757338551691,-1.0283757338551691,-1.0283757338551691,-1.0283757338551691,0.0,-1.0283757338551691,-1.0283757338551691,0.05675146771037809,0.7,1.0,1.3,1.3,1.0,0.7,1.0,1.0,0.0,-1.0283757338551691,1.1996086105675152,1.1996086105675152,-1.0283757338551691,0.0,-1.0283757338551691,-1.0283757338551691,2.366787811014822
R0,mrpc@s0__yelp_polarity@s0,mrpc,yelp_polarity,0.5,0.3,0.3,0.7,0.7,1.0,0.7,0.5,0.3,-0.5169455169455217,-0.5169455169455217,3.4285714285714253,3.4285714285714253,7.675246675246661,3.4285714285714253,0.0,-0.5169455169455217,2.646718146718141,0.3,0.3,1.5,1.5,1.0,0.7,0.5,0.3,-0.5169455169455217,-0.5169455169455217,16.46889746889746,16.46889746889746,7.675246675246661,3.4285714285714253,0.0,-0.5169455169455217,9.424281424281416
R0,stsb@s0__mnli@s0,stsb,mnli,0.5,0.5,0.5,1.0,1.0,1.0,0.7,0.5,0.5,0.0,0.0,5.85498911533019,5.85498911533019,5.85498911533019,1.6030282279217212,0.0,0.0,4.579527523665358,0.5,0.5,2.0,2.0,1.0,0.7,0.5,0.5,0.0,0.0,19.360490984385425,19.360490984385425,5.85498911533019,1.6030282279217212,0.0,0.0,8.595745575823823
R0,stsb@s0__qnli@s0,stsb,qnli,0.5,0.5,0.5,1.0,1.0,1.0,0.7,0.7,0.7,0.0,0.0,2.187682184920192,2.187682184920192,2.187682184920192,-0.3932217811271732,-0.3932217811271732,-0.3932217811271732,3.1033761364810175,0.5,0.5,1.0,1.0,1.0,0.7,0.7,0.7,0.0,0.0,2.187682184920192,2.187682184920192,2.187682184920192,-0.3932217811271732,-0.3932217811271732,-0.3932217811271732,7.36299233677885
R0,stsb@s0__rte@s0,stsb,rte,0.5,0.5,0.5,1.0,1.0,1.0,0.7,0.5,0.5,0.0,0.0,0.8600421711209671,0.8600421711209671,0.8600421711209671,0.028852040074078822,0.0,0.0,0.8814338259075405,0.5,0.5,1.0,1.0,1.0,0.7,0.5,0.5,0.0,0.0,0.8600421711209671,0.8600421711209671,0.8600421711209671,0.028852040074078822,0.0,0.0,4.639034895342505
R0,stsb@s0__wic@s0,stsb,wic,0.7,0.7,0.7,0.3,0.3,1.0,0.7,0.7,0.7,0.0,0.0,16.00000112779304,16.00000112779304,4.699534405613703,0.0,0.0,0.0,5.254308912808528,0.7,0.7,0.3,0.3,1.0,0.7,0.7,0.7,0.0,0.0,16.00000112779304,16.00000112779304,4.699534405613703,0.0,0.0,0.0,12.479545717059423
R0,stsb@s0__snli@s0,stsb,snli,0.5,0.5,0.5,1.0,1.0,1.0,0.7,0.5,0.5,0.0,0.0,5.808500522281945,5.808500522281945,5.808500522281945,2.251386453827342,0.0,0.0,2.7404360016657554,0.5,0.5,2.0,2.0,1.0,0.7,0.5,0.5,0.0,0.0,19.625959245239834,19.625959245239834,5.808500522281945,2.251386453827342,0.0,0.0,7.473438246443334
R0,stsb@s0__scitail@s0,stsb,scitail,0.7,0.5,0.5,0.5,0.5,1.0,0.7,0.7,0.5,-0.6368121120206793,-0.6368121120206793,-0.6368121120206793,-0.6368121120206793,3.2352984031134735,0.0,0.0,-0.6368121120206793,1.6798771104279213,0.5,0.5,0.5,0.5,1.0,0.7,0.7,0.5,-0.6368121120206793,-0.6368121120206793,-0.6368121120206793,-0.6368121120206793,3.2352984031134735,0.0,0.0,-0.6368121120206793,7.763233296639443
R0,stsb@s0__ag_news@s0,stsb,ag_news,0.5,0.5,0.5,0.3,0.3,1.0,0.7,0.5,0.5,0.0,0.0,3.458830754699327,3.458830754699327,12.378819992031676,4.2634328465063875,0.0,0.0,5.025270898309348,0.5,0.5,0.3,0.3,1.0,0.7,0.5,0.5,0.0,0.0,3.458830754699327,3.458830754699327,12.378819992031676,4.2634328465063875,0.0,0.0,11.39489912858356
R0,stsb@s0__imdb@s0,stsb,imdb,1.0,0.7,0.7,0.7,0.7,1.0,0.7,1.0,1.0,0.24647558941985892,0.24647558941985892,0.24647558941985892,0.24647558941985892,0.0,0.24647558941985892,0.0,0.0,4.877113911369476,0.7,0.7,0.7,0.7,1.0,0.7,1.0,1.0,0.24647558941985892,0.24647558941985892,0.24647558941985892,0.24647558941985892,0.0,0.24647558941985892,0.0,0.0,5.907791770568503
R0,stsb@s0__trec@s0,stsb,trec,0.7,0.7,0.7,0.3,0.3,1.0,0.7,0.7,0.7,0.0,0.0,14.30234113912604,14.30234113912604,2.2822761335621,0.0,0.0,0.0,4.840239534160121,0.7,0.7,0.3,0.3,1.0,0.7,0.7,0.7,0.0,0.0,14.30234113912604,14.30234113912604,2.2822761335621,0.0,0.0,0.0,12.684783715785509
R0,stsb@s0__yelp_polarity@s0,stsb,yelp_polarity,0.7,0.7,0.7,0.3,0.3,1.0,0.7,0.7,0.7,0.0,0.0,10.070332558211392,10.070332558211392,0.7496384643374876,0.0,0.0,0.0,3.2254711764632518,0.7,0.7,0.3,0.3,1.0,0.7,0.7,0.7,0.0,0.0,10.070332558211392,10.070332558211392,0.7496384643374876,0.0,0.0,0.0,7.1604792127637555
R0,mnli@s0__qnli@s0,mnli,qnli,0.7,0.7,0.7,1.0,1.0,1.0,0.7,0.7,0.7,0.0,0.0,2.6024264718405687,2.6024264718405687,2.6024264718405687,0.0,0.0,0.0,6.724341655561316,0.7,0.7,1.3,1.3,1.0,0.7,0.7,0.7,0.0,0.0,6.970898526449309,6.970898526449309,2.6024264718405687,0.0,0.0,0.0,8.821018930371435
R0,mnli@s0__rte@s0,mnli,rte,0.7,0.7,0.7,1.0,1.0,1.0,0.7,0.7,0.5,0.0,0.0,2.2505754075456297,2.2505754075456297,2.2505754075456297,0.0,0.0,-1.4220361453525898,2.6219126142186937,0.7,0.7,1.0,1.0,1.0,0.7,0.7,0.5,0.0,0.0,2.2505754075456297,2.2505754075456297,2.2505754075456297,0.0,0.0,-1.4220361453525898,4.998063556819389
R0,mnli@s0__wic@s0,mnli,wic,0.7,1.0,1.0,0.3,0.3,1.0,0.7,1.0,1.0,-0.20129204072413254,-0.20129204072413254,26.68857784508466,26.68857784508466,-0.20129204072413254,0.0,-0.20129204072413254,-0.20129204072413254,7.9143541313244,1.0,1.0,0.3,0.3,1.0,0.7,1.0,1.0,-0.20129204072413254,-0.20129204072413254,26.68857784508466,26.68857784508466,-0.20129204072413254,0.0,-0.20129204072413254,-0.20129204072413254,9.350738584246368
R0,mnli@s0__snli@s0,mnli,snli,0.5,0.5,0.5,1.0,1.0,1.0,0.7,0.5,0.5,0.0,0.0,4.595397170709992,4.595397170709992,4.595397170709992,1.849457434929247,0.0,0.0,3.2149937290948003,0.5,0.5,1.5,1.5,1.0,0.7,0.5,0.5,0.0,0.0,8.857474699087897,8.857474699087897,4.595397170709992,1.849457434929247,0.0,0.0,6.103796998898178
R0,mnli@s0__scitail@s0,mnli,scitail,0.5,0.7,0.7,0.3,0.3,1.0,0.7,0.7,0.5,2.8380297257704745,2.8380297257704745,15.103478511125502,15.103478511125502,11.180878963717976,2.8380297257704745,2.8380297257704745,0.0,7.280596800153488,0.7,0.7,0.3,0.3,1.0,0.7,0.7,0.5,2.8380297257704745,2.8380297257704745,15.103478511125502,15.103478511125502,11.180878963717976,2.8380297257704745,2.8380297257704745,0.0,11.585851655035832
R0,mnli@s0__ag_news@s0,mnli,ag_news,0.7,0.5,0.5,0.3,0.3,1.0,0.7,0.7,0.7,0.39775185173521743,0.39775185173521743,15.668393035904804,15.668393035904804,8.179140181720545,0.0,0.0,0.0,6.0613212673401415,0.5,0.5,0.3,0.3,1.0,0.7,0.7,0.7,0.39775185173521743,0.39775185173521743,15.668393035904804,15.668393035904804,8.179140181720545,0.0,0.0,0.0,13.140863154988343
R0,mnli@s0__imdb@s0,mnli,imdb,0.7,0.7,0.7,1.0,1.0,1.0,0.7,0.7,0.7,0.0,0.0,2.448841394353185,2.448841394353185,2.448841394353185,0.0,0.0,0.0,6.6294690542257335,0.7,0.7,1.3,1.0,1.0,0.7,0.7,0.7,0.0,0.0,6.340309605399074,2.448841394353185,2.448841394353185,0.0,0.0,0.0,9.095802654857291
R0,mnli@s0__trec@s0,mnli,trec,1.0,1.0,1.0,0.3,0.3,1.0,0.7,1.0,1.0,0.0,0.0,23.452187448575568,23.452187448575568,0.0,0.772625912206526,0.0,0.0,7.572835891821461,1.0,1.0,0.3,0.3,1.0,0.7,1.0,1.0,0.0,0.0,23.452187448575568,23.452187448575568,0.0,0.772625912206526,0.0,0.0,6.6136862043141145
R0,mnli@s0__yelp_polarity@s0,mnli,yelp_polarity,0.5,0.5,0.5,1.0,1.0,1.0,0.7,0.7,0.7,0.0,0.0,2.3688101648386084,2.3688101648386084,2.3688101648386084,-0.14249618932138386,-0.14249618932138386,-0.14249618932138386,3.8757543660706215,0.5,0.5,1.3,1.3,1.0,0.7,0.7,0.7,0.0,0.0,4.8693546977440105,4.8693546977440105,2.3688101648386084,-0.14249618932138386,-0.14249618932138386,-0.14249618932138386,5.715786156545448
R0,qnli@s0__rte@s0,qnli,rte,0.7,0.7,0.7,0.3,0.3,1.0,0.7,0.7,0.7,0.0,0.0,19.82162198977496,19.82162198977496,2.314036695030508,0.0,0.0,0.0,6.012513264653735,0.7,0.7,0.3,0.3,1.0,0.7,0.7,0.7,0.0,0.0,19.82162198977496,19.82162198977496,2.314036695030508,0.0,0.0,0.0,7.617999315149968
R0,qnli@s0__wic@s0,qnli,wic,0.5,0.5,0.5,1.0,1.0,1.0,0.7,0.5,0.5,0.0,0.0,5.587305047147428,5.587305047147428,5.587305047147428,1.3466098430235607,0.0,0.0,5.24995250820984,0.5,0.5,2.0,2.0,1.0,0.7,0.5,0.5,0.0,0.0,27.04439857986304,27.04439857986304,5.587305047147428,1.3466098430235607,0.0,0.0,10.639301664715644
R0,qnli@s0__snli@s0,qnli,snli,0.7,0.7,0.7,1.0,1.0,1.0,0.7,0.7,0.7,0.0,0.0,1.0038951402092766,1.0038951402092766,1.0038951402092766,0.0,0.0,0.0,5.735963017487269,0.7,0.7,1.0,1.0,1.0,0.7,0.7,0.7,0.0,0.0,1.0038951402092766,1.0038951402092766,1.0038951402092766,0.0,0.0,0.0,6.16436597486575
R0,qnli@s0__scitail@s0,qnli,scitail,0.3,0.3,0.3,1.0,1.0,1.0,0.7,0.3,0.3,0.0,0.0,9.857801699227132,9.857801699227132,9.857801699227132,6.940589078523695,0.0,0.0,4.883799485038612,0.3,0.3,1.0,1.0,1.0,0.7,0.3,0.3,0.0,0.0,9.857801699227132,9.857801699227132,9.857801699227132,6.940589078523695,0.0,0.0,8.976934232575474
R0,qnli@s0__ag_news@s0,qnli,ag_news,0.5,0.5,0.5,0.3,0.3,1.0,0.7,0.5,0.5,0.0,0.0,2.674975410435221,2.674975410435221,12.683427346297771,6.333000569316161,0.0,0.0,5.422850831512288,0.5,0.5,0.3,0.3,1.0,0.7,0.5,0.5,0.0,0.0,2.674975410435221,2.674975410435221,12.683427346297771,6.333000569316161,0.0,0.0,12.219640132980095
R0,qnli@s0__imdb@s0,qnli,imdb,1.0,0.7,0.7,0.3,0.3,1.0,0.7,1.0,1.0,0.005539033140455896,0.005539033140455896,21.264345734538338,21.264345734538338,0.0,0.005539033140455896,0.0,0.0,6.251235568177474,0.7,0.7,0.3,0.3,1.0,0.7,1.0,1.0,0.005539033140455896,0.005539033140455896,21.264345734538338,21.264345734538338,0.0,0.005539033140455896,0.0,0.0,5.855446448598409
R0,qnli@s0__trec@s0,qnli,trec,1.0,1.0,1.0,0.7,1.0,1.0,0.7,1.0,1.0,0.0,0.0,0.7452640682978462,0.0,0.0,0.7452640682978462,0.0,0.0,5.2100867362912915,1.0,1.0,0.7,1.0,1.0,0.7,1.0,1.0,0.0,0.0,0.7452640682978462,0.0,0.0,0.7452640682978462,0.0,0.0,4.129041157889186
R0,qnli@s0__yelp_polarity@s0,qnli,yelp_polarity,0.5,0.7,0.7,0.3,0.3,1.0,0.7,0.5,0.7,-0.022847986188112568,-0.022847986188112568,12.534435803274913,12.534435803274913,3.303805696881046,-0.022847986188112568,0.0,-0.022847986188112568,3.9538483784919616,0.7,0.7,0.3,0.3,1.0,0.7,0.5,0.7,-0.022847986188112568,-0.022847986188112568,12.534435803274913,12.534435803274913,3.303805696881046,-0.022847986188112568,0.0,-0.022847986188112568,7.526264574562505
R0,rte@s0__wic@s0,rte,wic,0.7,0.7,0.7,1.0,1.0,1.0,0.7,0.7,0.7,0.0,0.0,2.4271844660194164,2.4271844660194164,2.4271844660194164,0.0,0.0,0.0,6.56598045264149,0.7,0.7,1.5,1.5,1.0,0.7,0.7,0.7,0.0,0.0,12.351852453161015,12.351852453161015,2.4271844660194164,0.0,0.0,0.0,9.82934330338298
R0,rte@s0__snli@s0,rte,snli,0.7,0.7,0.7,1.0,1.0,1.0,0.7,0.5,0.5,0.0,0.0,1.482114634067666,1.482114634067666,1.482114634067666,0.0,-1.8953234940397357,-1.8953234940397357,1.2027637878362003,0.7,0.7,1.5,1.5,1.0,0.7,0.5,0.5,0.0,0.0,7.467825694287644,7.467825694287644,1.482114634067666,0.0,-1.8953234940397357,-1.8953234940397357,4.221859372397797
R0,rte@s0__scitail@s0,rte,scitail,0.5,0.7,0.7,1.0,1.0,1.0,0.7,0.7,0.7,-1.03097986675722,-1.03097986675722,4.111531190926265,4.111531190926265,4.111531190926265,-1.03097986675722,-1.03097986675722,-1.03097986675722,2.354345990786788,0.7,0.7,1.3,1.3,1.0,0.7,0.7,0.7,-1.03097986675722,-1.03097986675722,9.70093783838346,9.70093783838346,4.111531190926265,-1.03097986675722,-1.03097986675722,-1.03097986675722,7.951044679071545
R0,rte@s0__ag_news@s0,rte,ag_news,0.5,0.5,0.5,0.7,1.0,1.0,0.7,0.5,0.3,0.0,0.0,0.5950170541504152,2.9227100322193555,2.9227100322193555,0.5950170541504152,0.0,-0.5940511173741947,0.730918992248894,0.5,0.5,0.7,1.0,1.0,0.7,0.5,0.3,0.0,0.0,0.5950170541504152,2.9227100322193555,2.9227100322193555,0.5950170541504152,0.0,-0.5940511173741947,3.4032099152336794
R0,rte@s0__imdb@s0,rte,imdb,0.7,0.7,0.7,0.7,0.7,1.0,0.7,0.7,0.7,0.0,0.0,0.0,0.0,2.6694218586642116,0.0,0.0,0.0,4.79797871817294,0.7,0.7,0.7,0.7,1.0,0.7,0.7,0.7,0.0,0.0,0.0,0.0,2.6694218586642116,0.0,0.0,0.0,8.83836617582874
R0,rte@s0__trec@s0,rte,trec,0.7,1.0,1.0,1.0,1.0,1.0,0.7,0.7,1.0,-0.6566697699162072,-0.6566697699162072,-0.6566697699162072,-0.6566697699162072,-0.6566697699162072,0.0,0.0,-0.6566697699162072,2.976625881101219,1.0,1.0,2.0,2.0,1.0,0.7,0.7,1.0,-0.6566697699162072,-0.6566697699162072,10.135988828301645,10.135988828301645,-0.6566697699162072,0.0,0.0,-0.6566697699162072,4.601200767579283
R0,rte@s0__yelp_polarity@s0,rte,yelp_polarity,0.5,0.7,0.7,0.3,0.3,1.0,0.7,0.7,0.5,4.339568417238326,4.339568417238326,3.016539424306419,3.016539424306419,6.809652926157794,4.339568417238326,4.339568417238326,0.0,3.541440191925635,0.7,0.7,0.3,0.3,1.0,0.7,0.7,0.5,4.339568417238326,4.339568417238326,3.016539424306419,3.016539424306419,6.809652926157794,4.339568417238326,4.339568417238326,0.0,6.12047057955519
R0,wic@s0__snli@s0,wic,snli,0.7,0.7,0.7,1.0,1.0,1.0,0.7,0.7,0.7,0.0,0.0,2.487249858331775,2.487249858331775,2.487249858331775,0.0,0.0,0.0,3.7755280614229143,0.7,0.7,1.0,1.0,1.0,0.7,0.7,0.7,0.0,0.0,2.487249858331775,2.487249858331775,2.487249858331775,0.0,0.0,0.0,7.413727499466556
R0,wic@s0__scitail@s0,wic,scitail,0.5,0.5,0.5,1.0,1.0,1.0,0.7,0.5,1.0,0.0,0.0,-0.18176530463864804,-0.18176530463864804,-0.18176530463864804,1.0506034608114057,0.0,-0.18176530463864804,0.704340555474775,0.5,0.5,1.3,1.3,1.0,0.7,0.5,1.0,0.0,0.0,1.9485240657263425,1.9485240657263425,-0.18176530463864804,1.0506034608114057,0.0,-0.18176530463864804,3.308128544423446
R0,wic@s0__ag_news@s0,wic,ag_news,1.0,0.7,0.7,1.0,1.0,1.0,0.7,0.5,1.0,1.4179847779132504,1.4179847779132504,0.0,0.0,0.0,1.4179847779132504,2.442033545379707,0.0,3.6858157895320485,0.7,0.7,1.3,1.3,1.0,0.7,0.5,1.0,1.4179847779132504,1.4179847779132504,2.7970011320807675,2.7970011320807675,0.0,1.4179847779132504,2.442033545379707,0.0,4.800732340168449
R0,wic@s0__imdb@s0,wic,imdb,0.7,0.7,0.7,1.0,1.0,1.0,0.7,1.0,0.7,0.0,0.0,1.3515653367055736,1.3515653367055736,1.3515653367055736,0.0,1.3515653367055736,0.0,4.668704092552514,0.7,0.7,1.0,1.0,1.0,0.7,1.0,0.7,0.0,0.0,1.3515653367055736,1.3515653367055736,1.3515653367055736,0.0,1.3515653367055736,0.0,7.279453023064378
R0,wic@s0__trec@s0,wic,trec,1.0,1.0,1.0,1.0,1.0,1.0,0.7,1.0,1.0,0.0,0.0,0.0,0.0,0.0,1.843473679387908,0.0,0.0,4.955158748339214,1.0,1.0,1.0,1.5,1.0,0.7,1.0,1.0,0.0,0.0,0.0,3.8902506070463194,0.0,1.843473679387908,0.0,0.0,5.585807878839447
R0,wic@s0__yelp_polarity@s0,wic,yelp_polarity,0.7,0.7,0.7,1.0,1.0,1.0,0.7,0.7,0.5,0.0,0.0,1.6980669154582295,1.6980669154582295,1.6980669154582295,0.0,0.0,-1.8350887916105396,1.8628249606510465,0.7,0.7,1.5,1.5,1.0,0.7,0.7,0.5,0.0,0.0,5.43783152478805,5.43783152478805,1.6980669154582295,0.0,0.0,-1.8350887916105396,4.106951467199915
R0,snli@s0__scitail@s0,snli,scitail,0.5,0.5,0.5,0.7,0.7,1.0,0.7,0.5,0.5,0.0,0.0,1.280433481697063,1.280433481697063,5.128552498064332,1.280433481697063,0.0,0.0,2.8226361762887757,0.5,0.5,0.7,0.7,1.0,0.7,0.5,0.5,0.0,0.0,1.280433481697063,1.280433481697063,5.128552498064332,1.280433481697063,0.0,0.0,11.204748622219233
R0,snli@s0__ag_news@s0,snli,ag_news,0.3,0.3,0.3,0.5,0.5,1.0,0.7,0.3,0.3,0.0,0.0,2.4273525358603276,2.4273525358603276,1.8038059127419404,2.280400203106825,0.0,0.0,1.6278896629272732,0.3,0.3,0.5,0.5,1.0,0.7,0.3,0.3,0.0,0.0,2.4273525358603276,2.4273525358603276,1.8038059127419404,2.280400203106825,0.0,0.0,4.418525802091805
R0,snli@s0__imdb@s0,snli,imdb,0.7,1.0,1.0,1.0,1.0,1.0,0.7,1.0,0.7,0.7992412535808513,0.7992412535808513,0.7992412535808513,0.7992412535808513,0.7992412535808513,0.0,0.7992412535808513,0.0,3.3264835537877846,1.0,1.0,1.0,1.0,1.0,0.7,1.0,0.7,0.7992412535808513,0.7992412535808513,0.7992412535808513,0.7992412535808513,0.7992412535808513,0.0,0.7992412535808513,0.0,5.739368428100011
R0,snli@s0__trec@s0,snli,trec,0.7,0.7,0.7,1.0,1.0,1.0,0.7,0.7,0.7,0.0,0.0,0.6628264558451669,0.6628264558451669,0.6628264558451669,0.0,0.0,0.0,3.5012328442049045,0.7,0.7,1.0,1.0,1.0,0.7,0.7,0.7,0.0,0.0,0.6628264558451669,0.6628264558451669,0.6628264558451669,0.0,0.0,0.0,6.059732863244971
R0,snli@s0__yelp_polarity@s0,snli,yelp_polarity,0.5,0.5,0.5,0.7,0.7,1.0,0.7,0.7,0.5,0.0,0.0,0.4264349779299792,0.4264349779299792,2.7050187349190624,0.4264349779299792,0.4264349779299792,0.0,2.0278910852000482,0.5,0.5,0.7,0.7,1.0,0.7,0.7,0.5,0.0,0.0,0.4264349779299792,0.4264349779299792,2.7050187349190624,0.4264349779299792,0.4264349779299792,0.0,5.521614230679242
R0,scitail@s0__ag_news@s0,scitail,ag_news,0.5,0.3,0.3,0.5,0.5,1.0,0.7,0.3,0.3,-1.1535662923423895,-1.1535662923423895,0.0,0.0,5.513491848217922,1.7891959056567375,-1.1535662923423895,-1.1535662923423895,1.5372803653830673,0.3,0.3,0.5,0.5,1.0,0.7,0.3,0.3,-1.1535662923423895,-1.1535662923423895,0.0,0.0,5.513491848217922,1.7891959056567375,-1.1535662923423895,-1.1535662923423895,10.296833139397531
R0,scitail@s0__imdb@s0,scitail,imdb,0.7,0.5,0.5,1.0,1.0,1.0,0.7,0.5,0.5,-0.41480915947913477,-0.41480915947913477,0.8882731541939304,0.8882731541939304,0.8882731541939304,0.0,-0.41480915947913477,-0.41480915947913477,1.3125034083496245,0.5,0.5,1.0,1.0,1.0,0.7,0.5,0.5,-0.41480915947913477,-0.41480915947913477,0.8882731541939304,0.8882731541939304,0.8882731541939304,0.0,-0.41480915947913477,-0.41480915947913477,5.367366419306954
R0,scitail@s0__trec@s0,scitail,trec,0.7,0.5,0.5,0.7,1.0,1.0,0.7,0.7,0.5,-0.36641893466606845,-0.36641893466606845,0.0,0.40752777274257745,0.40752777274257745,0.0,0.0,-0.36641893466606845,2.5294073853484256,0.5,0.5,0.7,1.0,1.0,0.7,0.7,0.5,-0.36641893466606845,-0.36641893466606845,0.0,0.40752777274257745,0.40752777274257745,0.0,0.0,-0.36641893466606845,5.443198591293995
R0,scitail@s0__yelp_polarity@s0,scitail,yelp_polarity,0.5,0.5,0.5,1.0,1.0,1.0,0.7,0.5,0.5,0.0,0.0,0.809768720921844,0.809768720921844,0.809768720921844,0.7390525821527882,0.0,0.0,1.1530552291421914,0.5,0.5,1.0,1.0,1.0,0.7,0.5,0.5,0.0,0.0,0.809768720921844,0.809768720921844,0.809768720921844,0.7390525821527882,0.0,0.0,3.935873298552216
R0,ag_news@s0__imdb@s0,ag_news,imdb,0.7,0.5,0.5,0.5,0.5,1.0,0.7,0.5,0.7,0.5845797420052312,0.5845797420052312,0.5845797420052312,0.5845797420052312,1.3012889709076103,0.0,0.5845797420052312,0.0,1.6918105279322333,0.5,0.5,0.5,0.5,1.0,0.7,0.5,0.7,0.5845797420052312,0.5845797420052312,0.5845797420052312,0.5845797420052312,1.3012889709076103,0.0,0.5845797420052312,0.0,5.997436535212995
R0,ag_news@s0__trec@s0,ag_news,trec,1.0,1.0,1.0,0.5,0.5,1.0,0.7,1.0,1.0,0.0,0.0,0.8067593638601989,0.8067593638601989,0.0,0.044218439089083184,0.0,0.0,1.343977433452756,1.0,1.0,0.5,0.5,1.0,0.7,1.0,1.0,0.0,0.0,0.8067593638601989,0.8067593638601989,0.0,0.044218439089083184,0.0,0.0,1.7373747054087025
R0,ag_news@s0__yelp_polarity@s0,ag_news,yelp_polarity,0.5,0.7,0.7,0.3,0.3,1.0,0.7,0.5,0.7,-0.23645767621005565,-0.23645767621005565,2.481254824832091,2.481254824832091,2.145075652703321,-0.23645767621005565,0.0,-0.23645767621005565,1.0974682003313392,0.7,0.7,0.3,0.3,1.0,0.7,0.5,0.7,-0.23645767621005565,-0.23645767621005565,2.481254824832091,2.481254824832091,2.145075652703321,-0.23645767621005565,0.0,-0.23645767621005565,6.27819316742597
R0,imdb@s0__trec@s0,imdb,trec,1.0,1.0,1.0,1.0,1.0,1.0,0.7,1.0,1.0,0.0,0.0,0.0,0.0,0.0,0.5957139366442155,0.0,0.0,3.14118623922677,1.0,1.0,1.0,1.0,1.0,0.7,1.0,1.0,0.0,0.0,0.0,0.0,0.0,0.5957139366442155,0.0,0.0,3.4925053362471328
R0,imdb@s0__yelp_polarity@s0,imdb,yelp_polarity,0.5,0.5,0.5,0.5,0.5,1.0,0.7,0.3,0.5,0.0,0.0,0.0,0.0,1.6810869761761715,0.5030670082420752,1.2951377463599423,0.0,0.8698229326945472,0.5,0.5,0.5,0.5,1.0,0.7,0.3,0.5,0.0,0.0,0.0,0.0,1.6810869761761715,0.5030670082420752,1.2951377463599423,0.0,3.662188472802874
R0,trec@s0__yelp_polarity@s0,trec,yelp_polarity,1.0,0.7,0.7,0.7,0.7,1.0,0.7,0.7,1.0,0.021817316337857662,0.021817316337857662,0.021817316337857662,0.021817316337857662,0.0,0.021817316337857662,0.021817316337857662,0.0,1.7733364479939784,0.7,0.7,0.7,0.7,1.0,0.7,0.7,1.0,0.021817316337857662,0.021817316337857662,0.021817316337857662,0.021817316337857662,0.0,0.021817316337857662,0.021817316337857662,0.0,2.3669741869350416
S1,cola@s1__sst2@s1,cola,sst2,0.7,0.7,0.7,0.3,0.3,1.0,0.7,0.7,0.7,0.0,0.0,12.820381870676023,12.820381870676023,2.413929291278516,0.0,0.0,0.0,4.839264313340949,0.7,0.7,2.0,2.0,1.0,0.7,0.7,0.7,0.0,0.0,41.3285803780574,41.3285803780574,2.413929291278516,0.0,0.0,0.0,12.82300835025952
S1,cola@s1__mrpc@s1,cola,mrpc,0.7,0.7,0.7,0.7,0.7,1.0,0.7,0.7,0.7,0.0,0.0,0.0,0.0,2.7565220198889406,0.0,0.0,0.0,3.589128890610882,0.7,0.7,2.0,2.0,1.0,0.7,0.7,0.7,0.0,0.0,40.09266434198633,40.09266434198633,2.7565220198889406,0.0,0.0,0.0,11.096658733233717
S1,cola@s1__stsb@s1,cola,stsb,0.7,0.7,0.7,0.3,0.3,1.0,0.7,0.7,0.7,0.0,0.0,11.457557690283481,11.457557690283481,1.834609220931227,0.0,0.0,0.0,3.5539530768645937,0.7,0.7,0.3,0.3,1.0,0.7,0.7,0.7,0.0,0.0,11.457557690283481,11.457557690283481,1.834609220931227,0.0,0.0,0.0,12.701384873525495
S1,cola@s1__mnli@s1,cola,mnli,1.0,1.0,1.0,0.3,0.3,1.0,0.7,1.0,1.0,0.0,0.0,32.83499511033633,32.83499511033633,0.0,4.776723074960676,0.0,0.0,13.459924245645368,1.0,1.0,0.3,0.3,1.0,0.7,1.0,1.0,0.0,0.0,32.83499511033633,32.83499511033633,0.0,4.776723074960676,0.0,0.0,12.819744016489205
S1,cola@s1__qnli@s1,cola,qnli,1.0,1.0,1.0,0.3,0.3,1.0,0.7,1.0,1.0,0.0,0.0,17.833440792557088,17.833440792557088,0.0,0.8124985434743826,0.0,0.0,6.137236595432855,1.0,1.0,0.3,0.3,1.0,0.7,1.0,1.0,0.0,0.0,17.833440792557088,17.833440792557088,0.0,0.8124985434743826,0.0,0.0,12.952070874259395
S1,cola@s1__rte@s1,cola,rte,1.0,1.0,1.0,0.3,0.3,1.0,0.7,1.0,1.0,0.0,0.0,10.906288360674022,10.906288360674022,0.0,2.1747014842093515,0.0,0.0,4.4517562214038575,1.0,1.0,1.5,1.5,1.0,0.7,1.0,1.0,0.0,0.0,7.403610088159818,7.403610088159818,0.0,2.1747014842093515,0.0,0.0,6.111204106684523
S1,cola@s1__wic@s1,cola,wic,0.7,0.7,0.7,1.0,1.0,1.0,0.7,0.7,0.7,0.0,0.0,7.2951881902186155,7.2951881902186155,7.2951881902186155,0.0,0.0,0.0,5.503084854631507,0.7,0.7,2.0,2.0,1.0,0.7,0.7,0.7,0.0,0.0,35.75755014649539,35.75755014649539,7.2951881902186155,0.0,0.0,0.0,13.307133198106829
S1,cola@s1__snli@s1,cola,snli,1.0,1.0,1.0,0.3,0.3,1.0,0.7,1.0,1.0,0.0,0.0,27.0999115826702,27.0999115826702,0.0,1.3074477491205272,0.0,0.0,9.03580515534844,1.0,1.0,0.3,0.3,1.0,0.7,1.0,1.0,0.0,0.0,27.0999115826702,27.0999115826702,0.0,1.3074477491205272,0.0,0.0,7.94926215872657
S1,cola@s1__scitail@s1,cola,scitail,0.7,0.7,0.7,1.0,1.0,1.0,0.7,0.7,0.7,0.0,0.0,3.8864538181190955,3.8864538181190955,3.8864538181190955,0.0,0.0,0.0,3.6314789954928814,0.7,0.7,2.0,2.0,1.0,0.7,0.7,0.7,0.0,0.0,38.36355157318152,38.36355157318152,3.8864538181190955,0.0,0.0,0.0,11.805022843710823
S1,cola@s1__ag_news@s1,cola,ag_news,0.7,0.7,0.7,0.3,0.3,1.0,0.7,0.7,0.7,0.0,0.0,7.202090326518162,7.202090326518162,0.430907333943642,0.0,0.0,0.0,2.376697436679889,0.7,0.7,0.3,0.3,1.0,0.7,0.7,0.7,0.0,0.0,7.202090326518162,7.202090326518162,0.430907333943642,0.0,0.0,0.0,8.006197596524114
S1,cola@s1__imdb@s1,cola,imdb,0.7,0.7,0.7,0.7,0.7,1.0,0.7,0.7,0.7,0.0,0.0,0.0,0.0,3.0379797410939324,0.0,0.0,0.0,4.8520671453613415,0.7,0.7,2.0,2.0,1.0,0.7,0.7,0.7,0.0,0.0,45.970082851975036,45.970082851975036,3.0379797410939324,0.0,0.0,0.0,15.339094412184778
S1,cola@s1__trec@s1,cola,trec,0.7,1.0,1.0,0.7,0.7,1.0,0.7,1.0,1.0,-0.17713745866791974,-0.17713745866791974,0.0,0.0,-0.17713745866791974,0.0,-0.17713745866791974,-0.17713745866791974,2.2336541489529265,1.0,1.0,0.7,0.7,1.0,0.7,1.0,1.0,-0.17713745866791974,-0.17713745866791974,0.0,0.0,-0.17713745866791974,0.0,-0.17713745866791974,-0.17713745866791974,6.3858053849787515
S1,cola@s1__yelp_polarity@s1,cola,yelp_polarity,0.5,0.7,0.7,0.3,0.3,1.0,0.7,0.7,0.7,-0.927255423735085,-0.927255423735085,6.504370403222815,6.504370403222815,4.037171526776806,-0.927255423735085,-0.927255423735085,-0.927255423735085,2.403571626566134,0.7,0.7,0.3,0.3,1.0,0.7,0.7,0.7,-0.927255423735085,-0.927255423735085,6.504370403222815,6.504370403222815,4.037171526776806,-0.927255423735085,-0.927255423735085,-0.927255423735085,11.133559311295196
S1,sst2@s1__mrpc@s1,sst2,mrpc,0.5,0.3,0.3,1.0,1.0,1.0,0.7,0.5,0.3,-0.491683973232504,-0.491683973232504,6.0391039636473405,6.0391039636473405,6.0391039636473405,2.484157835880507,0.0,-0.491683973232504,2.007894456573836,0.3,0.3,2.0,2.0,1.0,0.7,0.5,0.3,-0.491683973232504,-0.491683973232504,29.632834549230523,29.632834549230523,6.0391039636473405,2.484157835880507,0.0,-0.491683973232504,8.65214183015983
S1,sst2@s1__stsb@s1,sst2,stsb,1.0,0.7,0.7,0.5,0.5,1.0,0.7,0.7,1.0,0.09987849761962098,0.09987849761962098,2.1892616271039445,2.1892616271039445,0.0,0.09987849761962098,0.09987849761962098,0.0,3.9214364497241028,0.7,0.7,0.5,0.5,1.0,0.7,0.7,1.0,0.09987849761962098,0.09987849761962098,2.1892616271039445,2.1892616271039445,0.0,0.09987849761962098,0.09987849761962098,0.0,3.985691903179958
S1,sst2@s1__mnli@s1,sst2,mnli,1.0,1.0,1.0,0.3,0.3,1.0,0.7,1.0,1.0,0.0,0.0,25.50577271832991,25.50577271832991,0.0,1.6164000911635723,0.0,0.0,8.820537319596466,1.0,1.0,0.3,0.3,1.0,0.7,1.0,1.0,0.0,0.0,25.50577271832991,25.50577271832991,0.0,1.6164000911635723,0.0,0.0,7.767388767791992
S1,sst2@s1__qnli@s1,sst2,qnli,0.7,0.7,0.7,0.3,0.3,1.0,0.7,0.7,0.7,0.0,0.0,8.329641014033662,8.329641014033662,0.7438377415177277,0.0,0.0,0.0,2.626279989195299,0.7,0.7,0.3,0.3,1.0,0.7,0.7,0.7,0.0,0.0,8.329641014033662,8.329641014033662,0.7438377415177277,0.0,0.0,0.0,4.046062553913588
S1,sst2@s1__rte@s1,sst2,rte,1.0,1.0,1.0,1.0,1.0,1.0,0.7,0.7,0.7,0.0,0.0,0.0,0.0,0.0,-0.9708737864077666,-0.9708737864077666,-0.9708737864077666,2.6271491894047427,1.0,1.0,1.3,1.3,1.0,0.7,0.7,0.7,0.0,0.0,1.7047807481709865,1.7047807481709865,0.0,-0.9708737864077666,-0.9708737864077666,-0.9708737864077666,3.7847863573718263
S1,sst2@s1__wic@s1,sst2,wic,0.5,0.7,0.7,1.0,1.0,1.0,0.7,0.7,0.7,-1.8763745624632122,-1.8763745624632122,1.8004832264659432,1.8004832264659432,1.8004832264659432,-1.8763745624632122,-1.8763745624632122,-1.8763745624632122,1.8370736920360564,0.7,0.7,2.0,2.0,1.0,0.7,0.7,0.7,-1.8763745624632122,-1.8763745624632122,22.68841185763405,22.68841185763405,1.8004832264659432,-1.8763745624632122,-1.8763745624632122,-1.8763745624632122,7.142303999008767
S1,sst2@s1__snli@s1,sst2,snli,0.7,1.0,1.0,1.0,1.0,1.0,0.7,1.0,1.0,-1.4796252116006103,-1.4796252116006103,-1.4796252116006103,-1.4796252116006103,-1.4796252116006103,0.0,-1.4796252116006103,-1.4796252116006103,5.305399282912643,1.3,1.3,1.3,1.3,1.0,0.7,1.3,1.0,0.0,0.0,0.0,0.0,-0.7633504608396291,0.7162747507609812,0.0,-0.7633504608396291,4.10875467848342
S1,sst2@s1__scitail@s1,sst2,scitail,0.7,0.5,0.5,1.0,1.0,1.0,0.7,0.5,0.5,-0.9009629833812038,-0.9009629833812038,2.4486571879936747,2.4486571879936747,2.4486571879936747,0.0,-0.9009629833812038,-0.9009629833812038,0.23142796593842163,0.5,0.5,1.3,1.3,1.0,0.7,0.5,0.5,-0.9009629833812038,-0.9009629833812038,7.064693869687511,7.064693869687511,2.4486571879936747,0.0,-0.9009629833812038,-0.9009629833812038,5.967031273354238
S1,sst2@s1__ag_news@s1,sst2,ag_news,0.7,0.7,0.7,0.3,0.5,1.0,0.7,0.5,0.7,0.0,0.0,3.8913762250276096,0.6066770121209597,0.9449314264144637,0.0,0.6066770121209597,0.0,1.3607461658907583,0.7,0.7,0.3,0.5,1.0,0.7,0.5,0.7,0.0,0.0,3.8913762250276096,0.6066770121209597,0.9449314264144637,0.0,0.6066770121209597,0.0,3.9356040407187507
S1,sst2@s1__imdb@s1,sst2,imdb,0.7,0.7,0.7,1.0,1.0,1.0,0.7,0.7,0.7,0.0,0.0,0.5918330559742446,0.5918330559742446,0.5918330559742446,0.0,0.0,0.0,0.9574423760766226,0.7,0.7,1.3,1.3,1.0,0.7,0.7,0.7,0.0,0.0,2.7076767628166576,2.7076767628166576,0.5918330559742446,0.0,0.0,0.0,4.163648889136608
S1,sst2@s1__trec@s1,sst2,trec,0.7,1.0,0.7,0.7,1.0,1.0,0.7,1.0,0.7,0.13200891601203857,0.0,0.0,0.13200891601203857,0.13200891601203857,0.0,0.13200891601203857,0.0,1.4779994156982417,1.0,0.7,0.7,1.0,1.0,0.7,1.0,0.7,0.13200891601203857,0.0,0.0,0.13200891601203857,0.13200891601203857,0.0,0.13200891601203857,0.0,5.01610694267969
S1,sst2@s1__yelp_polarity@s1,sst2,yelp_polarity,0.7,0.7,0.7,1.0,1.0,1.0,0.7,0.7,0.5,0.0,0.0,-0.014680259876154178,-0.014680259876154178,-0.014680259876154178,0.0,0.0,-0.23696682464454666,0.31041892077231514,0.7,0.7,1.3,1.3,1.0,0.7,0.7,0.5,0.0,0.0,1.6496751548030875,1.6496751548030875,-0.014680259876154178,0.0,0.0,-0.23696682464454666,1.9924225766867618
S1,mrpc@s1__stsb@s1,mrpc,stsb,0.3,0.3,0.3,1.0,1.0,1.0,0.7,0.3,0.3,0.0,0.0,6.042682709715286,6.042682709715286,6.042682709715286,6.466568633037673,0.0,0.0,5.323169463549915,0.3,0.3,2.0,2.0,1.0,0.7,0.3,0.3,0.0,0.0,10.358737138199203,10.358737138199203,6.042682709715286,6.466568633037673,0.0,0.0,6.545907014240843
S1,mrpc@s1__mnli@s1,mrpc,mnli,0.5,0.5,0.5,1.0,1.0,1.0,0.7,0.5,0.5,0.0,0.0,16.42894747779826,16.42894747779826,16.42894747779826,5.616799900247993,0.0,0.0,8.587799082835732,0.5,0.5,2.0,2.0,1.0,0.7,0.5,0.5,0.0,0.0,27.600687180481863,27.600687180481863,16.42894747779826,5.616799900247993,0.0,0.0,15.12243371142774
S1,mrpc@s1__qnli@s1,mrpc,qnli,0.3,0.3,0.3,1.0,1.0,1.0,0.7,0.3,0.3,0.0,0.0,12.308926749875337,12.308926749875337,12.308926749875337,7.072526204150642,0.0,0.0,5.894699940010783,0.3,0.3,2.0,2.0,1.0,0.7,0.3,0.3,0.0,0.0,24.9014101262811,24.9014101262811,12.308926749875337,7.072526204150642,0.0,0.0,12.147780308566603
S1,mrpc@s1__rte@s1,mrpc,rte,0.5,0.5,0.5,1.0,1.0,1.0,0.7,0.3,0.5,0.0,0.0,6.744300207265175,6.744300207265175,6.744300207265175,3.0653430784335134,8.30151630849787,0.0,4.527789898549139,0.5,0.5,2.0,2.0,1.0,0.7,0.3,0.5,0.0,0.0,24.648194611105044,24.648194611105044,6.744300207265175,3.0653430784335134,8.30151630849787,0.0,10.319624740918506
S1,mrpc@s1__wic@s1,mrpc,wic,0.7,0.7,0.7,1.0,1.0,1.0,0.7,1.0,0.7,0.0,0.0,0.8371888081075141,0.8371888081075141,0.8371888081075141,0.0,0.8371888081075141,0.0,2.3334802085628272,0.7,0.7,1.5,1.5,1.0,0.7,1.3,0.7,0.0,0.0,5.019460967907763,5.019460967907763,0.8371888081075141,0.0,1.9350811485642883,0.0,3.2438443542210886
S1,mrpc@s1__snli@s1,mrpc,snli,0.5,0.5,0.5,1.0,0.7,1.0,0.7,0.5,0.5,0.0,0.0,7.137405983927625,1.7668979359153791,7.137405983927625,1.7668979359153791,0.0,0.0,3.4416351637843374,0.5,0.5,2.0,2.0,1.0,0.7,0.5,0.5,0.0,0.0,35.27983491526403,35.27983491526403,7.137405983927625,1.7668979359153791,0.0,0.0,12.844065705136023
S1,mrpc@s1__scitail@s1,mrpc,scitail,0.7,1.0,1.0,1.0,1.0,1.0,0.7,0.7,0.7,0.5148934376119962,0.5148934376119962,0.5148934376119962,0.5148934376119962,0.5148934376119962,0.0,0.0,0.0,0.6914433880726073,1.0,1.0,1.5,1.5,1.0,0.7,0.7,0.7,0.5148934376119962,0.5148934376119962,3.981596643969909,3.981596643969909,0.5148934376119962,0.0,0.0,0.0,2.436464604181795
S1,mrpc@s1__ag_news@s1,mrpc,ag_news,0.5,0.5,0.5,0.5,0.5,1.0,0.7,0.5,0.7,0.0,0.0,0.0,0.0,0.4069304961718312,-0.4578900268469632,0.0,-0.4578900268469632,0.392108730237653,0.5,0.5,0.5,0.5,1.0,0.7,0.5,0.7,0.0,0.0,0.0,0.0,0.4069304961718312,-0.4578900268469632,0.0,-0.4578900268469632,1.6227325672239736
S1,mrpc@s1__imdb@s1,mrpc,imdb,0.7,0.7,0.7,0.7,0.7,1.0,0.7,0.5,0.7,0.0,0.0,0.0,0.0,2.733726959596694,0.0,1.3774026122169603,0.0,2.618106477474777,0.7,0.7,0.7,0.7,1.0,0.7,0.5,0.7,0.0,0.0,0.0,0.0,2.733726959596694,0.0,1.3774026122169603,0.0,10.937768460043227
S1,mrpc@s1__trec@s1,mrpc,trec,1.0,0.7,1.0,1.0,1.0,1.0,0.7,1.0,0.7,-1.1851623826381275,0.0,0.0,0.0,0.0,-1.1851623826381275,0.0,-1.1851623826381275,-0.03078343851007359,0.7,1.0,1.3,1.3,1.0,0.7,1.0,0.7,-1.1851623826381275,0.0,-0.4521317531168134,-0.4521317531168134,0.0,-1.1851623826381275,0.0,-1.1851623826381275,0.7154400932298515
S1,mrpc@s1__yelp_polarity@s1,mrpc,yelp_polarity,0.5,0.5,0.5,0.7,0.7,1.0,0.7,0.5,0.5,0.0,0.0,2.365090260968006,2.365090260968006,7.6334043859966005,2.365090260968006,0.0,0.0,2.5113503618868718,0.5,0.5,0.7,0.7,1.0,0.7,0.5,0.5,0.0,0.0,2.365090260968006,2.365090260968006,7.6334043859966005,2.365090260968006,0.0,0.0,10.814920715206137
S1,stsb@s1__mnli@s1,stsb,mnli,0.7,0.7,0.7,1.0,1.0,1.0,0.7,0.7,0.7,0.0,0.0,2.556343997810817,2.556343997810817,2.556343997810817,0.0,0.0,0.0,4.734738821282697,0.7,0.7,1.5,1.5,1.0,0.7,0.7,0.7,0.0,0.0,7.339398637633776,7.339398637633776,2.556343997810817,0.0,0.0,0.0,6.275176885579925
S1,stsb@s1__qnli@s1,stsb,qnli,0.7,0.5,0.5,1.0,1.0,1.0,0.7,0.5,0.7,0.04724299762045581,0.04724299762045581,1.2230433112796812,1.2230433112796812,1.2230433112796812,0.0,0.04724299762045581,0.0,1.2780837937109961,0.5,0.5,1.3,1.3,1.0,0.7,0.5,0.7,0.04724299762045581,0.04724299762045581,3.4485986330385354,3.4485986330385354,1.2230433112796812,0.0,0.04724299762045581,0.0,3.8855187554569404
S1,stsb@s1__rte@s1,stsb,rte,0.5,0.5,0.5,1.0,1.0,1.0,0.7,0.5,1.0,0.0,0.0,-1.1414498971085374,-1.1414498971085374,-1.1414498971085374,-1.0321515989037522,0.0,-1.1414498971085374,0.40596848757582515,0.5,0.5,2.0,2.0,1.0,0.7,0.5,1.0,0.0,0.0,4.2289432786852155,4.2289432786852155,-1.1414498971085374,-1.0321515989037522,0.0,-1.1414498971085374,1.124743276102229
S1,stsb@s1__wic@s1,stsb,wic,0.7,0.7,0.7,1.0,1.0,1.0,0.7,0.7,0.7,0.0,0.0,4.741066719889542,4.741066719889542,4.741066719889542,0.0,0.0,0.0,4.981704408054116,0.7,0.7,2.0,2.0,1.0,0.7,0.7,0.7,0.0,0.0,23.09425113466923,23.09425113466923,4.741066719889542,0.0,0.0,0.0,9.340622524097522
S1,stsb@s1__snli@s1,stsb,snli,0.5,0.5,0.5,1.0,1.0,1.0,0.7,0.5,0.7,0.0,0.0,0.45193958675705526,0.45193958675705526,0.45193958675705526,-0.6396893555349115,0.0,-0.6396893555349115,2.568356273029973,0.5,0.5,2.0,2.0,1.0,0.7,0.5,0.7,0.0,0.0,9.381552496377953,9.381552496377953,0.45193958675705526,-0.6396893555349115,0.0,-0.6396893555349115,3.854565118264766
S1,stsb@s1__scitail@s1,stsb,scitail,1.0,1.0,1.0,0.7,0.7,1.0,0.7,1.0,1.0,0.0,0.0,8.440459664640521,8.440459664640521,0.0,8.440459664640521,0.0,0.0,9.978770705619427,1.5,1.5,0.7,0.7,1.0,0.7,1.5,2.0,-2.8389439499516778,-2.8389439499516778,16.084526289079538,16.084526289079538,7.6440666244390165,16.084526289079538,-2.8389439499516778,-3.3789092269783882,9.181928020471958
S1,stsb@s1__ag_news@s1,stsb,ag_news,0.5,0.5,0.5,0.3,0.3,1.0,0.7,0.5,0.5,0.0,0.0,3.5132127561403714,3.5132127561403714,11.523753227821231,6.663858120447297,0.0,0.0,5.4252060261022255,0.5,0.5,0.3,0.3,1.0,0.7,0.5,0.5,0.0,0.0,3.5132127561403714,3.5132127561403714,11.523753227821231,6.663858120447297,0.0,0.0,11.391130398943869
S1,stsb@s1__imdb@s1,stsb,imdb,1.0,0.7,0.7,0.7,0.7,1.0,0.7,0.7,1.0,0.17305145953692147,0.17305145953692147,0.17305145953692147,0.17305145953692147,0.0,0.17305145953692147,0.17305145953692147,0.0,4.574293558848486,0.7,0.7,0.7,0.7,1.0,0.7,0.7,1.0,0.17305145953692147,0.17305145953692147,0.17305145953692147,0.17305145953692147,0.0,0.17305145953692147,0.17305145953692147,0.0,7.966881277553233
S1,stsb@s1__trec@s1,stsb,trec,0.7,0.7,0.7,0.5,0.5,1.0,0.7,0.7,0.5,0.0,0.0,-0.3578307314052731,-0.3578307314052731,5.205098950271969,0.0,0.0,-0.3578307314052731,3.339348995244018,0.7,0.7,0.5,0.5,1.0,0.7,0.7,0.5,0.0,0.0,-0.3578307314052731,-0.3578307314052731,5.205098950271969,0.0,0.0,-0.3578307314052731,7.637821050028287
S1,stsb@s1__yelp_polarity@s1,stsb,yelp_polarity,0.7,0.7,0.7,0.3,0.3,1.0,0.7,0.7,1.0,0.0,0.0,11.416159148204041,11.416159148204041,-0.000641475194862462,0.0,0.0,-0.000641475194862462,3.2968276008008,0.7,0.7,0.3,0.3,1.0,0.7,0.7,1.0,0.0,0.0,11.416159148204041,11.416159148204041,-0.000641475194862462,0.0,0.0,-0.000641475194862462,4.622680940670139
S1,mnli@s1__qnli@s1,mnli,qnli,0.7,0.7,0.7,0.3,0.3,1.0,0.7,0.7,0.7,0.0,0.0,27.239294461239048,27.239294461239048,1.641400666494619,0.0,0.0,0.0,8.78778407062831,0.7,0.7,0.3,0.3,1.0,0.7,0.7,0.7,0.0,0.0,27.239294461239048,27.239294461239048,1.641400666494619,0.0,0.0,0.0,9.260950001077365
S1,mnli@s1__rte@s1,mnli,rte,0.7,1.0,1.0,1.0,1.0,1.0,0.7,1.0,1.0,-1.1727101863934108,-1.1727101863934108,-1.1727101863934108,-1.1727101863934108,-1.1727101863934108,0.0,-1.1727101863934108,-1.1727101863934108,4.598930961416439,1.0,1.0,1.5,1.3,1.0,0.7,1.0,1.0,-1.1727101863934108,-1.1727101863934108,3.7698873499095953,1.5536374845869227,-1.1727101863934108,0.0,-1.1727101863934108,-1.1727101863934108,4.434979503395571
S1,mnli@s1__wic@s1,mnli,wic,1.0,1.0,1.0,0.3,0.3,1.0,0.7,1.0,1.0,0.0,0.0,34.70825979384766,34.70825979384766,0.0,2.1176551179452496,0.0,0.0,13.365801519950358,1.0,1.0,0.3,0.3,1.0,0.7,1.0,1.0,0.0,0.0,34.70825979384766,34.70825979384766,0.0,2.1176551179452496,0.0,0.0,12.557170833808248
S1,mnli@s1__snli@s1,mnli,snli,0.5,0.5,0.5,1.0,1.0,1.0,0.7,0.5,0.5,0.0,0.0,3.8593434269903915,3.8593434269903915,3.8593434269903915,1.220585432879151,0.0,0.0,3.9267782221713454,0.5,0.5,1.5,1.5,1.0,0.7,0.5,0.5,0.0,0.0,10.44887819371645,10.44887819371645,3.8593434269903915,1.220585432879151,0.0,0.0,7.436069041164621
S1,mnli@s1__scitail@s1,mnli,scitail,0.7,0.7,0.7,1.0,1.0,1.0,0.7,0.7,0.7,0.0,0.0,1.9516012242546843,1.9516012242546843,1.9516012242546843,0.0,0.0,0.0,4.87107386012682,0.7,0.7,1.5,1.3,1.0,0.7,0.7,0.7,0.0,0.0,6.348750644862033,4.779150655966391,1.9516012242546843,0.0,0.0,0.0,5.817461988253841
S1,mnli@s1__ag_news@s1,mnli,ag_news,0.5,0.5,0.5,0.3,0.3,1.0,0.7,0.5,0.5,0.0,0.0,14.977235031589975,14.977235031589975,16.254323843610543,3.4561150333358936,0.0,0.0,8.671918477134103,0.5,0.5,0.3,0.3,1.0,0.7,0.5,0.5,0.0,0.0,14.977235031589975,14.977235031589975,16.254323843610543,3.4561150333358936,0.0,0.0,15.691427215234278
S1,mnli@s1__imdb@s1,mnli,imdb,1.0,1.0,1.0,0.3,0.3,1.0,0.7,1.0,1.0,0.0,0.0,32.57782733061543,32.57782733061543,0.0,3.2336111201067053,0.0,0.0,12.249583020490984,1.3,1.3,0.3,0.3,1.0,0.7,1.3,1.0,0.8591478732208224,0.8591478732208224,32.57782733061543,32.57782733061543,0.0,3.2336111201067053,0.8591478732208224,0.0,10.161299721912584
S1,mnli@s1__trec@s1,mnli,trec,0.7,1.0,1.0,0.3,0.3,1.0,0.7,1.0,1.0,-1.1208891441312208,-1.1208891441312208,17.087647585426414,17.087647585426414,-1.1208891441312208,0.0,-1.1208891441312208,-1.1208891441312208,5.163832491596704,1.0,1.0,0.3,0.3,1.0,0.7,1.0,1.0,-1.1208891441312208,-1.1208891441312208,17.087647585426414,17.087647585426414,-1.1208891441312208,0.0,-1.1208891441312208,-1.1208891441312208,6.170488464628959
S1,mnli@s1__yelp_polarity@s1,mnli,yelp_polarity,0.7,0.7,0.7,1.0,0.3,1.0,0.7,0.7,0.7,0.0,0.0,1.1076529445737338,21.801977895047052,1.1076529445737338,0.0,0.0,0.0,6.562607792372555,0.7,0.7,1.5,1.3,1.0,0.7,0.7,0.7,0.0,0.0,4.54434801225908,3.035948632350194,1.1076529445737338,0.0,0.0,0.0,6.374624974582941
S1,qnli@s1__rte@s1,qnli,rte,0.7,0.7,0.7,1.0,1.0,1.0,0.7,0.7,0.7,0.0,0.0,0.17005054492724714,0.17005054492724714,0.17005054492724714,0.0,0.0,0.0,2.487850408011949,0.7,0.7,1.0,1.0,1.0,0.7,0.7,0.7,0.0,0.0,0.17005054492724714,0.17005054492724714,0.17005054492724714,0.0,0.0,0.0,4.790613647349071
S1,qnli@s1__wic@s1,qnli,wic,0.7,1.0,0.7,1.0,1.0,1.0,0.7,0.7,1.0,-0.3834108547676851,0.0,-0.3834108547676851,-0.3834108547676851,-0.3834108547676851,0.0,0.0,-0.3834108547676851,6.703689961379158,1.0,0.7,1.3,1.3,1.0,0.7,0.7,1.0,-0.3834108547676851,0.0,1.7398887166190313,1.7398887166190313,-0.3834108547676851,0.0,0.0,-0.3834108547676851,6.738517288720698
S1,qnli@s1__snli@s1,qnli,snli,0.7,0.7,0.7,1.0,1.0,1.0,0.7,0.7,0.7,0.0,0.0,0.818928426977017,0.818928426977017,0.818928426977017,0.0,0.0,0.0,4.779450513107225,0.7,0.7,1.5,1.3,1.0,0.7,0.7,0.7,0.0,0.0,4.775163053815046,2.660813564889142,0.818928426977017,0.0,0.0,0.0,5.630771906480929
S1,qnli@s1__scitail@s1,qnli,scitail,1.0,1.0,1.0,1.0,1.0,1.0,0.7,0.7,1.0,0.0,0.0,0.0,0.0,0.0,0.4734176476878349,0.4734176476878349,0.0,1.7796378424733499,1.0,1.0,1.3,1.3,1.0,0.7,0.7,1.0,0.0,0.0,1.183871678077686,1.183871678077686,0.0,0.4734176476878349,0.4734176476878349,0.0,2.5005118673215705
S1,qnli@s1__ag_news@s1,qnli,ag_news,0.3,0.5,0.5,0.3,0.3,1.0,0.7,0.5,0.5,-0.139563941492038,-0.139563941492038,0.0,0.0,13.44143672237429,7.526001431399488,-0.139563941492038,-0.139563941492038,5.206968553070435,0.5,0.5,0.3,0.3,1.0,0.7,0.5,0.5,-0.139563941492038,-0.139563941492038,0.0,0.0,13.44143672237429,7.526001431399488,-0.139563941492038,-0.139563941492038,13.368500425347221
S1,qnli@s1__imdb@s1,qnli,imdb,1.0,1.0,1.0,0.7,0.7,1.0,0.7,1.0,1.0,0.0,0.0,0.8167683076743648,0.8167683076743648,0.0,0.8167683076743648,0.0,0.0,4.493183400935186,1.0,1.0,0.7,0.7,1.0,0.7,1.0,1.0,0.0,0.0,0.8167683076743648,0.8167683076743648,0.0,0.8167683076743648,0.0,0.0,4.870592109852343
S1,qnli@s1__trec@s1,qnli,trec,1.0,0.7,0.7,0.7,0.7,1.0,0.7,0.7,1.0,0.2726070600869601,0.2726070600869601,0.2726070600869601,0.2726070600869601,0.0,0.2726070600869601,0.2726070600869601,0.0,2.110882063404382,0.7,0.7,0.7,0.7,1.0,0.7,0.7,1.0,0.2726070600869601,0.2726070600869601,0.2726070600869601,0.2726070600869601,0.0,0.2726070600869601,0.2726070600869601,0.0,3.203277610963843
S1,qnli@s1__yelp_polarity@s1,qnli,yelp_polarity,0.7,0.7,0.7,0.3,0.3,1.0,0.7,0.7,0.7,0.0,0.0,6.795807983751157,6.795807983751157,0.529202935975992,0.0,0.0,0.0,2.049941845963879,0.7,0.7,0.3,0.3,1.0,0.7,0.7,0.7,0.0,0.0,6.795807983751157,6.795807983751157,0.529202935975992,0.0,0.0,0.0,2.730112187153655
S1,rte@s1__wic@s1,rte,wic,1.0,1.0,1.0,1.0,1.0,1.0,0.7,1.0,1.0,0.0,0.0,0.0,0.0,0.0,0.004759185227487528,0.0,0.0,4.084967320261434,1.0,1.0,2.0,2.0,1.0,0.7,1.3,1.0,0.0,0.0,6.353512278697881,6.353512278697881,0.0,0.004759185227487528,4.065930579351473,0.0,4.54298224144026
S1,rte@s1__snli@s1,rte,snli,1.0,1.0,0.7,1.0,1.0,1.0,0.7,1.0,1.0,0.0,0.5555795165380073,0.0,0.0,0.0,0.5555795165380073,0.0,0.0,4.533818278395849,1.0,0.7,1.5,1.5,1.0,0.7,1.0,1.0,0.0,0.5555795165380073,3.8417273699240195,3.8417273699240195,0.0,0.5555795165380073,0.0,0.0,4.5153138241933375
S1,rte@s1__scitail@s1,rte,scitail,0.5,0.5,0.5,1.0,1.0,1.0,0.7,0.5,0.7,0.0,0.0,2.788302154866207,2.788302154866207,2.788302154866207,-0.07741488916008787,0.0,-0.07741488916008787,0.8729667207052955,0.5,0.5,2.0,2.0,1.0,0.7,0.5,0.7,0.0,0.0,16.955226871163408,16.955226871163408,2.788302154866207,-0.07741488916008787,0.0,-0.07741488916008787,5.488910805036778
S1,rte@s1__ag_news@s1,rte,ag_news,0.7,0.5,0.5,1.0,1.0,1.0,0.7,1.0,0.7,3.476780651258704,3.476780651258704,1.8532519975942963,1.8532519975942963,1.8532519975942963,0.0,1.8532519975942963,0.0,2.563982086089875,0.5,0.5,1.0,1.0,1.0,0.7,1.0,0.7,3.476780651258704,3.476780651258704,1.8532519975942963,1.8532519975942963,1.8532519975942963,0.0,1.8532519975942963,0.0,2.809979993372043
S1,rte@s1__imdb@s1,rte,imdb,1.0,1.0,1.0,1.0,1.0,1.0,0.7,0.7,1.0,0.0,0.0,0.0,0.0,0.0,0.5957878091164992,0.5957878091164992,0.0,5.467004004774026,1.0,1.0,1.0,1.0,1.0,0.7,0.7,1.0,0.0,0.0,0.0,0.0,0.0,0.5957878091164992,0.5957878091164992,0.0,7.614764187286174
S1,rte@s1__trec@s1,rte,trec,1.0,1.0,1.0,1.0,1.0,1.0,0.7,0.7,0.7,0.0,0.0,0.0,0.0,0.0,-2.4271844660194164,-2.4271844660194164,-2.4271844660194164,0.7709635589839114,1.0,1.0,2.0,2.0,1.0,0.7,0.7,0.7,0.0,0.0,4.910892405905043,4.910892405905043,0.0,-2.4271844660194164,-2.4271844660194164,-2.4271844660194164,1.607119107784094
S1,rte@s1__yelp_polarity@s1,rte,yelp_polarity,0.7,0.5,0.7,1.0,1.0,1.0,0.7,0.7,0.7,2.391908344519722,0.0,6.139189793858435,6.139189793858435,6.139189793858435,0.0,0.0,0.0,4.38724648539528,0.5,0.7,1.0,1.0,1.0,0.7,0.7,0.7,2.391908344519722,0.0,6.139189793858435,6.139189793858435,6.139189793858435,0.0,0.0,0.0,5.698097051701156
S1,wic@s1__snli@s1,wic,snli,0.7,0.7,0.7,1.0,1.0,1.0,0.7,1.0,1.0,0.0,0.0,-1.1220145450433372,-1.1220145450433372,-1.1220145450433372,0.0,-1.1220145450433372,-1.1220145450433372,7.632365548510728,0.7,0.7,1.3,1.3,1.0,0.7,1.0,1.0,0.0,0.0,2.6513223947516873,2.6513223947516873,-1.1220145450433372,0.0,-1.1220145450433372,-1.1220145450433372,7.374362729270648
S1,wic@s1__scitail@s1,wic,scitail,0.5,0.5,0.5,1.0,1.0,1.0,0.7,0.5,0.5,0.0,0.0,3.8853940575604873,3.8853940575604873,3.8853940575604873,1.7504813057180324,0.0,0.0,2.118971415958504,0.5,0.5,1.5,1.5,1.0,0.7,0.5,0.5,0.0,0.0,8.690787134115684,8.690787134115684,3.8853940575604873,1.7504813057180324,0.0,0.0,5.39303276032114
S1,wic@s1__ag_news@s1,wic,ag_news,0.7,1.0,0.7,1.0,1.0,1.0,0.7,1.0,0.7,2.0518103996761017,0.0,2.0518103996761017,2.0518103996761017,2.0518103996761017,0.0,2.0518103996761017,0.0,3.5502161779165986,1.0,0.7,1.0,1.3,1.0,0.7,1.0,0.7,2.0518103996761017,0.0,2.0518103996761017,4.881427497252588,2.0518103996761017,0.0,2.0518103996761017,0.0,5.009884484767359
S1,wic@s1__imdb@s1,wic,imdb,0.7,0.7,0.7,1.0,1.0,1.0,0.7,0.7,0.7,0.0,0.0,1.2740842677098851,1.2740842677098851,1.2740842677098851,0.0,0.0,0.0,5.038474964767045,0.7,0.7,1.0,1.0,1.0,0.7,0.7,0.7,0.0,0.0,1.2740842677098851,1.2740842677098851,1.2740842677098851,0.0,0.0,0.0,6.4178176236285704
S1,wic@s1__trec@s1,wic,trec,1.0,1.0,1.0,1.0,1.0,1.0,0.7,0.7,1.0,0.0,0.0,0.0,0.0,0.0,0.4745277106276369,0.4745277106276369,0.0,4.1686252126421355,1.0,1.0,1.3,1.5,1.0,0.7,0.7,1.0,0.0,0.0,1.3228579102874116,3.011684125705083,0.0,0.4745277106276369,0.4745277106276369,0.0,4.716818234142975
S1,wic@s1__yelp_polarity@s1,wic,yelp_polarity,0.7,0.7,0.7,1.0,1.0,1.0,0.7,0.7,0.5,0.0,0.0,2.2313641426560116,2.2313641426560116,2.2313641426560116,0.0,0.0,-0.018599079503167637,2.1237364184687912,0.7,0.7,1.5,1.5,1.0,0.7,0.7,0.5,0.0,0.0,5.320387533362769,5.320387533362769,2.2313641426560116,0.0,0.0,-0.018599079503167637,3.96492144553428
S1,snli@s1__scitail@s1,snli,scitail,0.5,0.5,0.5,1.0,1.0,1.0,0.7,0.7,0.7,0.0,0.0,2.654584647319469,2.654584647319469,2.654584647319469,-0.04875767719566548,-0.04875767719566548,-0.04875767719566548,2.0512440336000277,0.5,0.5,1.5,1.0,1.0,0.7,0.7,0.7,0.0,0.0,6.8923681404221115,2.654584647319469,2.654584647319469,-0.04875767719566548,-0.04875767719566548,-0.04875767719566548,4.445930302183547
S1,snli@s1__ag_news@s1,snli,ag_news,0.7,0.7,0.7,0.3,0.3,1.0,0.7,0.7,0.7,0.0,0.0,11.424327179128536,11.424327179128536,1.5829886551031347,0.0,0.0,0.0,3.4934000757292027,0.7,0.7,0.3,0.3,1.0,0.7,0.7,0.7,0.0,0.0,11.424327179128536,11.424327179128536,1.5829886551031347,0.0,0.0,0.0,6.799284282170202
S1,snli@s1__imdb@s1,snli,imdb,1.0,1.0,1.0,1.0,1.0,1.0,0.7,1.0,1.0,0.0,0.0,0.0,0.0,0.0,0.8632527425053604,0.0,0.0,6.951570396479465,1.0,1.0,1.0,1.0,1.0,0.7,1.0,1.0,0.0,0.0,0.0,0.0,0.0,0.8632527425053604,0.0,0.0,5.43580783022146
S1,snli@s1__trec@s1,snli,trec,0.7,1.0,1.0,1.0,1.0,1.0,0.7,1.0,1.0,-0.12102805384647253,-0.12102805384647253,-0.12102805384647253,-0.12102805384647253,-0.12102805384647253,0.0,-0.12102805384647253,-0.12102805384647253,3.7232341034075187,1.0,1.0,1.0,1.0,1.0,0.7,1.0,1.0,-0.12102805384647253,-0.12102805384647253,-0.12102805384647253,-0.12102805384647253,-0.12102805384647253,0.0,-0.12102805384647253,-0.12102805384647253,3.0772445067527694
S1,snli@s1__yelp_polarity@s1,snli,yelp_polarity,1.0,1.0,1.0,1.0,1.0,1.0,0.7,1.0,0.7,0.0,0.0,0.0,0.0,0.0,-0.1529028997045767,0.0,-0.1529028997045767,4.129550468231447,1.0,1.0,1.5,1.5,1.0,0.7,1.0,0.7,0.0,0.0,1.328843102804922,1.328843102804922,0.0,-0.1529028997045767,0.0,-0.1529028997045767,3.139965876310047
S1,scitail@s1__ag_news@s1,scitail,ag_news,0.7,0.7,0.7,0.5,0.7,1.0,0.7,0.7,0.7,0.0,0.0,1.3735077786448557,0.0,0.5950829334706031,0.0,0.0,0.0,1.2928313187999252,0.7,0.7,0.5,0.7,1.0,0.7,0.7,0.7,0.0,0.0,1.3735077786448557,0.0,0.5950829334706031,0.0,0.0,0.0,4.1968896094193
S1,scitail@s1__imdb@s1,scitail,imdb,0.7,0.5,0.5,1.0,1.0,1.0,0.7,0.5,0.7,0.33105274773780335,0.33105274773780335,0.546226681899098,0.546226681899098,0.546226681899098,0.0,0.33105274773780335,0.0,1.0193639977755882,0.5,0.5,1.0,1.0,1.0,0.7,0.5,0.7,0.33105274773780335,0.33105274773780335,0.546226681899098,0.546226681899098,0.546226681899098,0.0,0.33105274773780335,0.0,4.425187077484793
S1,scitail@s1__trec@s1,scitail,trec,0.7,0.5,0.7,0.7,1.0,1.0,0.7,0.7,0.5,-0.07742424631832501,0.0,0.0,1.2619188362589684,1.2619188362589684,0.0,0.0,-0.07742424631832501,0.7100702922203134,0.5,0.7,0.7,1.0,1.0,0.7,0.7,0.5,-0.07742424631832501,0.0,0.0,1.2619188362589684,1.2619188362589684,0.0,0.0,-0.07742424631832501,5.244746900276474
S1,scitail@s1__yelp_polarity@s1,scitail,yelp_polarity,0.5,0.5,0.5,1.0,1.0,1.0,0.7,0.5,0.5,0.0,0.0,1.7419448248402802,1.7419448248402802,1.7419448248402802,0.7169372336810254,0.0,0.0,0.749016165650157,0.5,0.5,1.3,1.3,1.0,0.7,0.5,0.5,0.0,0.0,3.4638308910915017,3.4638308910915017,1.7419448248402802,0.7169372336810254,0.0,0.0,3.545418975973444
S1,ag_news@s1__imdb@s1,ag_news,imdb,1.0,1.0,1.0,0.5,0.7,1.0,0.7,1.0,1.0,0.0,0.0,1.832604008179639,0.3090094198666793,0.0,0.3090094198666793,0.0,0.0,2.2191746190940247,1.0,1.0,0.5,0.7,1.0,0.7,1.0,1.0,0.0,0.0,1.832604008179639,0.3090094198666793,0.0,0.3090094198666793,0.0,0.0,2.7447042023470245
S1,ag_news@s1__trec@s1,ag_news,trec,0.7,1.0,1.0,0.7,0.7,1.0,0.7,0.7,1.0,-0.027882167535464575,-0.027882167535464575,0.0,0.0,-0.027882167535464575,0.0,0.0,-0.027882167535464575,0.8306309855740102,1.0,1.0,0.7,0.7,1.0,0.7,0.7,1.0,-0.027882167535464575,-0.027882167535464575,0.0,0.0,-0.027882167535464575,0.0,0.0,-0.027882167535464575,1.3607710025457624
S1,ag_news@s1__yelp_polarity@s1,ag_news,yelp_polarity,0.7,0.5,0.5,0.3,0.3,1.0,0.7,0.5,0.7,0.1957359929431246,0.1957359929431246,2.4177052803308396,2.4177052803308396,1.1244771362718176,0.0,0.1957359929431246,0.0,0.9344796023864455,0.5,0.5,0.3,0.3,1.0,0.7,0.5,0.7,0.1957359929431246,0.1957359929431246,2.4177052803308396,2.4177052803308396,1.1244771362718176,0.0,0.1957359929431246,0.0,2.880923248279484
S1,imdb@s1__trec@s1,imdb,trec,1.0,1.0,1.0,1.0,1.0,1.0,0.7,1.0,1.0,0.0,0.0,0.0,0.0,0.0,0.05479754386070734,0.0,0.0,1.8482833630121875,1.0,1.0,1.0,1.0,1.0,0.7,1.0,1.0,0.0,0.0,0.0,0.0,0.0,0.05479754386070734,0.0,0.0,3.7207748232333797
S1,imdb@s1__yelp_polarity@s1,imdb,yelp_polarity,0.5,0.5,0.5,1.0,1.0,1.0,0.7,0.3,0.5,0.0,0.0,1.467231928292967,1.467231928292967,1.467231928292967,0.2613554404184315,1.029374160097063,0.0,0.6894903822021153,0.5,0.5,1.3,1.3,1.0,0.7,0.3,0.5,0.0,0.0,3.9294648299921797,3.9294648299921797,1.467231928292967,0.2613554404184315,1.029374160097063,0.0,4.353745600029687
S1,trec@s1__yelp_polarity@s1,trec,yelp_polarity,1.0,1.0,1.0,0.7,1.0,1.0,0.7,0.7,0.7,0.0,0.0,-0.3529269259569201,0.0,0.0,-0.3529269259569201,-0.3529269259569201,-0.3529269259569201,0.439828069711784,1.0,1.0,0.7,1.0,1.0,0.7,0.7,0.7,0.0,0.0,-0.3529269259569201,0.0,0.0,-0.3529269259569201,-0.3529269259569201,-0.3529269259569201,2.616619788028851
P,ag_news@s0__cola@s1,ag_news,cola,0.7,0.7,0.7,0.3,0.3,1.0,0.7,0.7,0.7,0.0,0.0,7.626314799708256,7.626314799708256,0.956080797761627,0.0,0.0,0.0,2.7009818590041674,0.7,0.7,0.3,0.3,1.0,0.7,0.7,0.7,0.0,0.0,7.626314799708256,7.626314799708256,0.956080797761627,0.0,0.0,0.0,6.870973190483809
P,ag_news@s0__imdb@s1,ag_news,imdb,0.7,1.0,1.0,0.5,0.5,1.0,0.7,0.7,0.7,0.011074127953292212,0.011074127953292212,1.1701686268369205,1.1701686268369205,0.011074127953292212,0.0,0.0,0.0,1.8987042513965129,1.0,1.0,0.5,0.5,1.0,0.7,0.7,0.7,0.011074127953292212,0.011074127953292212,1.1701686268369205,1.1701686268369205,0.011074127953292212,0.0,0.0,0.0,5.375899219154954
P,ag_news@s0__mnli@s1,ag_news,mnli,0.7,0.5,0.5,0.3,0.3,1.0,0.7,0.7,0.7,0.48406377814665946,0.48406377814665946,12.815433271185805,12.815433271185805,9.412074687179084,0.0,0.0,0.0,5.677892934127887,0.5,0.5,0.3,0.3,1.0,0.7,0.7,0.7,0.48406377814665946,0.48406377814665946,12.815433271185805,12.815433271185805,9.412074687179084,0.0,0.0,0.0,9.770972709465187
P,ag_news@s0__mrpc@s1,ag_news,mrpc,0.7,1.0,1.0,0.5,0.7,1.0,0.7,0.7,0.7,0.5286339234921611,0.5286339234921611,1.8135149435966502,0.0,0.5286339234921611,0.0,0.0,0.0,1.7875086635846222,1.0,1.0,0.5,0.7,1.0,0.7,0.7,0.7,0.5286339234921611,0.5286339234921611,1.8135149435966502,0.0,0.5286339234921611,0.0,0.0,0.0,3.6658629746517604
P,ag_news@s0__qnli@s1,ag_news,qnli,0.5,0.5,0.5,0.3,0.3,1.0,0.7,0.5,0.5,0.0,0.0,1.380025707259691,1.380025707259691,23.24160107407276,7.93986451665506,0.0,0.0,8.140372824496877,0.5,0.5,0.3,0.3,1.0,0.7,0.5,0.5,0.0,0.0,1.380025707259691,1.380025707259691,23.24160107407276,7.93986451665506,0.0,0.0,19.673763036198288
P,ag_news@s0__rte@s1,ag_news,rte,1.0,1.0,1.0,0.3,0.3,1.0,0.7,1.0,1.0,0.0,0.0,10.42921937282798,10.42921937282798,0.0,2.5377305637421577,0.0,0.0,4.681707733289825,1.0,1.0,0.3,0.3,1.0,0.7,1.0,1.0,0.0,0.0,10.42921937282798,10.42921937282798,0.0,2.5377305637421577,0.0,0.0,4.749940433898795
P,ag_news@s0__scitail@s1,ag_news,scitail,0.7,0.7,0.7,0.7,0.7,1.0,0.7,0.7,0.7,0.0,0.0,0.0,0.0,0.29847446385142806,0.0,0.0,0.0,0.8098772004999255,0.7,0.7,0.7,0.7,1.0,0.7,0.7,0.7,0.0,0.0,0.0,0.0,0.29847446385142806,0.0,0.0,0.0,2.846324983720299
P,ag_news@s0__snli@s1,ag_news,snli,1.0,1.0,1.0,0.3,0.3,1.0,0.7,1.0,1.0,0.0,0.0,18.87702171805643,18.87702171805643,0.0,0.0333525098203169,0.0,0.0,5.795249293727528,1.0,1.0,0.3,0.3,1.0,0.7,1.0,1.0,0.0,0.0,18.87702171805643,18.87702171805643,0.0,0.0333525098203169,0.0,0.0,5.765762703420761
P,ag_news@s0__sst2@s1,ag_news,sst2,1.0,0.7,0.7,0.3,0.5,1.0,0.7,1.0,0.7,-0.5481025714105137,-0.5481025714105137,4.203510999947957,0.2528414538435997,0.0,-0.5481025714105137,0.0,-0.5481025714105137,0.9770624705952607,0.7,0.7,0.3,0.5,1.0,0.7,1.0,0.7,-0.5481025714105137,-0.5481025714105137,4.203510999947957,0.2528414538435997,0.0,-0.5481025714105137,0.0,-0.5481025714105137,3.09609656764221
P,ag_news@s0__stsb@s1,ag_news,stsb,0.3,0.5,0.5,0.3,0.3,1.0,0.7,0.5,0.5,-1.9585749148087306,-1.9585749148087306,0.0,0.0,16.488990437816355,5.828327909792708,-1.9585749148087306,-1.9585749148087306,5.089685858200083,0.5,0.5,0.3,0.3,1.0,0.7,0.5,0.5,-1.9585749148087306,-1.9585749148087306,0.0,0.0,16.488990437816355,5.828327909792708,-1.9585749148087306,-1.9585749148087306,11.562258606531877
P,ag_news@s0__trec@s1,ag_news,trec,1.0,0.7,0.7,0.7,0.7,1.0,0.7,0.7,0.7,-0.2815518249192128,-0.2815518249192128,-0.2815518249192128,-0.2815518249192128,0.0,-0.2815518249192128,-0.2815518249192128,-0.2815518249192128,0.4947505746882713,0.7,0.7,0.7,0.7,1.0,0.7,0.7,0.7,-0.2815518249192128,-0.2815518249192128,-0.2815518249192128,-0.2815518249192128,0.0,-0.2815518249192128,-0.2815518249192128,-0.2815518249192128,0.8021514736811517
P,ag_news@s0__wic@s1,ag_news,wic,1.0,1.0,1.0,0.3,1.0,1.0,0.7,1.0,0.7,0.0,0.0,13.448799816190016,0.0,0.0,-0.12160070749502871,0.0,-0.12160070749502871,3.8711364861369417,1.0,1.0,0.3,1.0,1.0,0.7,1.0,0.7,0.0,0.0,13.448799816190016,0.0,0.0,-0.12160070749502871,0.0,-0.12160070749502871,4.674918091637865
P,ag_news@s0__yelp_polarity@s1,ag_news,yelp_polarity,0.7,0.7,0.7,0.3,0.3,1.0,0.7,0.5,0.7,0.0,0.0,2.6796776935510525,2.6796776935510525,0.4787131818105417,0.0,0.4652533353997068,0.0,0.9059110526903252,0.7,0.7,0.3,0.3,1.0,0.7,0.5,0.7,0.0,0.0,2.6796776935510525,2.6796776935510525,0.4787131818105417,0.0,0.4652533353997068,0.0,2.4084878549767965
P,cola@s0__imdb@s1,cola,imdb,0.7,0.7,0.7,1.0,1.0,1.0,0.7,0.7,0.7,0.0,0.0,2.4489951575421665,2.4489951575421665,2.4489951575421665,0.0,0.0,0.0,2.5465096654419956,0.7,0.7,1.0,1.0,1.0,0.7,0.7,0.7,0.0,0.0,2.4489951575421665,2.4489951575421665,2.4489951575421665,0.0,0.0,0.0,8.592807902238372
P,cola@s0__mnli@s1,cola,mnli,1.0,1.0,1.0,1.0,1.0,1.0,0.7,1.0,1.0,0.0,0.0,0.0,0.0,0.0,2.4424276492347907,0.0,0.0,6.7783509828098945,1.3,1.3,1.3,1.3,1.0,0.7,1.0,1.0,2.2387031261333123,2.2387031261333123,2.2387031261333123,2.2387031261333123,0.0,2.4424276492347907,0.0,0.0,6.624006569335503
P,cola@s0__mrpc@s1,cola,mrpc,0.7,0.7,0.7,1.0,1.0,1.0,0.7,0.7,0.7,0.0,0.0,4.1928288169200245,4.1928288169200245,4.1928288169200245,0.0,0.0,0.0,2.105915399867808,0.7,0.7,1.3,1.3,1.0,0.7,0.7,0.7,0.0,0.0,8.76652346331791,8.76652346331791,4.1928288169200245,0.0,0.0,0.0,8.274006231706164
P,cola@s0__qnli@s1,cola,qnli,0.7,1.0,1.0,1.0,1.0,1.0,0.7,1.0,1.0,-0.18147966553145878,-0.18147966553145878,-0.18147966553145878,-0.18147966553145878,-0.18147966553145878,0.0,-0.18147966553145878,-0.18147966553145878,2.2040644090481427,1.0,1.0,1.0,1.0,1.0,0.7,1.0,1.0,-0.18147966553145878,-0.18147966553145878,-0.18147966553145878,-0.18147966553145878,-0.18147966553145878,0.0,-0.18147966553145878,-0.18147966553145878,5.347611222907725
P,cola@s0__rte@s1,cola,rte,0.7,0.7,1.0,0.7,0.7,1.0,0.7,0.5,0.7,0.0,2.9418903483723557,0.0,0.0,2.9418903483723557,0.0,2.8241005139920006,0.0,2.9085165619645914,0.7,1.0,0.7,0.7,1.0,0.7,0.5,0.7,0.0,2.9418903483723557,0.0,0.0,2.9418903483723557,0.0,2.8241005139920006,0.0,7.820633107611975
P,cola@s0__scitail@s1,cola,scitail,1.0,1.0,1.0,1.0,1.0,1.0,0.7,0.7,1.0,0.0,0.0,0.0,0.0,0.0,0.6148603906853678,0.6148603906853678,0.0,2.5912564838318164,1.0,1.0,1.0,1.0,1.0,0.7,0.7,1.0,0.0,0.0,0.0,0.0,0.0,0.6148603906853678,0.6148603906853678,0.0,4.172986267677816
P,cola@s0__snli@s1,cola,snli,1.0,1.0,1.0,1.0,1.0,1.0,0.7,1.0,1.0,0.0,0.0,0.0,0.0,0.0,0.8605021386623446,0.0,0.0,3.7924766878928375,1.0,1.0,1.3,1.3,1.0,0.7,1.0,1.0,0.0,0.0,0.7334374011470413,0.7334374011470413,0.0,0.8605021386623446,0.0,0.0,3.881094991187968
P,cola@s0__sst2@s1,cola,sst2,0.7,1.0,1.0,1.0,1.0,1.0,0.7,1.0,0.7,1.2882167084843577,1.2882167084843577,1.2882167084843577,1.2882167084843577,1.2882167084843577,0.0,1.2882167084843577,0.0,2.47278947123874,1.0,1.0,1.0,1.0,1.0,0.7,1.0,0.7,1.2882167084843577,1.2882167084843577,1.2882167084843577,1.2882167084843577,1.2882167084843577,0.0,1.2882167084843577,0.0,5.269408711351845
P,cola@s0__stsb@s1,cola,stsb,1.0,1.0,1.0,0.3,0.3,1.0,0.7,1.0,0.7,0.0,0.0,14.651212105332057,14.651212105332057,0.0,-0.5280011009346386,0.0,-0.5280011009346386,4.211866399699971,1.0,1.0,0.3,0.3,1.0,0.7,1.0,0.7,0.0,0.0,14.651212105332057,14.651212105332057,0.0,-0.5280011009346386,0.0,-0.5280011009346386,5.540666958395149
P,cola@s0__trec@s1,cola,trec,0.7,1.0,1.0,0.7,1.0,1.0,0.7,0.7,1.0,-0.4411764705882337,-0.4411764705882337,0.0,-0.4411764705882337,-0.4411764705882337,0.0,0.0,-0.4411764705882337,1.427780016116037,1.0,1.0,0.7,1.0,1.0,0.7,0.7,1.0,-0.4411764705882337,-0.4411764705882337,0.0,-0.4411764705882337,-0.4411764705882337,0.0,0.0,-0.4411764705882337,5.8032116956371596
P,cola@s0__wic@s1,cola,wic,0.7,0.7,0.7,1.0,1.0,1.0,0.7,0.7,0.7,0.0,0.0,2.450980392156854,2.450980392156854,2.450980392156854,0.0,0.0,0.0,4.336192810457518,0.7,0.7,1.3,1.3,1.0,0.7,0.7,0.7,0.0,0.0,7.001633986928102,7.001633986928102,2.450980392156854,0.0,0.0,0.0,9.105975723622782
P,cola@s0__yelp_polarity@s1,cola,yelp_polarity,0.7,0.7,1.0,1.0,1.0,1.0,0.7,0.7,0.7,0.0,0.9112760859971036,0.9112760859971036,0.9112760859971036,0.9112760859971036,0.0,0.0,0.0,2.2470801021373195,0.7,1.0,1.0,1.0,1.0,0.7,0.7,0.7,0.0,0.9112760859971036,0.9112760859971036,0.9112760859971036,0.9112760859971036,0.0,0.0,0.0,4.867633548596291
P,imdb@s0__mnli@s1,imdb,mnli,1.0,1.0,1.0,0.3,0.3,1.0,0.7,1.0,1.0,0.0,0.0,39.874895153107005,39.874895153107005,0.0,4.816005752221642,0.0,0.0,15.613334977032114,1.3,1.3,0.3,0.3,1.0,0.7,1.0,1.0,1.0074289573202222,1.0074289573202222,39.874895153107005,39.874895153107005,0.0,4.816005752221642,0.0,0.0,11.167845915807426
P,imdb@s0__mrpc@s1,imdb,mrpc,0.7,0.7,0.7,0.7,0.7,1.0,0.7,0.7,0.7,0.0,0.0,0.0,0.0,0.903379694122719,0.0,0.0,0.0,3.2183365540926796,0.7,0.7,0.7,0.7,1.0,0.7,0.7,0.7,0.0,0.0,0.0,0.0,0.903379694122719,0.0,0.0,0.0,7.18517710759434
P,imdb@s0__qnli@s1,imdb,qnli,1.0,1.0,1.0,0.3,0.3,1.0,0.7,1.0,1.0,0.0,0.0,22.579519909687217,22.579519909687217,0.0,2.272523987226782,0.0,0.0,8.395895244742416,1.0,1.0,0.3,0.3,1.0,0.7,1.0,1.0,0.0,0.0,22.579519909687217,22.579519909687217,0.0,2.272523987226782,0.0,0.0,6.278243078242422
P,imdb@s0__rte@s1,imdb,rte,0.7,0.7,0.7,0.7,0.7,1.0,0.7,0.7,0.7,0.0,0.0,0.0,0.0,0.8607658806601304,0.0,0.0,0.0,3.9399655351564866,0.7,0.7,0.7,0.7,1.0,0.7,0.7,0.7,0.0,0.0,0.0,0.0,0.8607658806601304,0.0,0.0,0.0,6.358662834931902
P,imdb@s0__scitail@s1,imdb,scitail,1.0,1.0,1.0,1.0,1.0,1.0,0.7,0.7,1.0,0.0,0.0,0.0,0.0,0.0,1.227486238577602,1.227486238577602,0.0,4.505450754497383,1.0,1.0,1.0,1.0,1.0,0.7,0.7,1.0,0.0,0.0,0.0,0.0,0.0,1.227486238577602,1.227486238577602,0.0,4.588901170319256
P,imdb@s0__snli@s1,imdb,snli,1.0,1.0,1.0,0.3,0.3,1.0,0.7,1.0,1.0,0.0,0.0,30.706057098453567,30.706057098453567,0.0,2.839558544787968,0.0,0.0,10.889147340545247,1.0,1.0,0.3,0.3,1.0,0.7,1.3,1.0,0.0,0.0,30.706057098453567,30.706057098453567,0.0,2.839558544787968,0.34418696420225325,0.0,7.401978311636956
P,imdb@s0__sst2@s1,imdb,sst2,0.7,0.7,0.7,1.0,1.0,1.0,0.7,1.0,0.7,0.0,0.0,0.01866442067411933,0.01866442067411933,0.01866442067411933,0.0,0.01866442067411933,0.0,3.440493721762014,0.7,0.7,1.0,1.0,1.0,0.7,1.0,0.7,0.0,0.0,0.01866442067411933,0.01866442067411933,0.01866442067411933,0.0,0.01866442067411933,0.0,4.17763459194298
P,imdb@s0__stsb@s1,imdb,stsb,1.0,1.0,1.0,1.0,1.0,1.0,0.7,1.0,1.0,0.0,0.0,0.0,0.0,0.0,2.5795103471585756,0.0,0.0,8.657557343245237,1.0,1.0,1.0,1.0,1.0,0.7,1.0,1.0,0.0,0.0,0.0,0.0,0.0,2.5795103471585756,0.0,0.0,6.19476621819076
P,imdb@s0__trec@s1,imdb,trec,1.0,1.0,1.0,1.0,1.0,1.0,0.7,0.7,0.7,0.0,0.0,0.0,0.0,0.0,-0.001131245606988962,-0.001131245606988962,-0.001131245606988962,2.540739925126628,1.0,1.0,1.0,1.0,1.0,0.7,0.7,0.7,0.0,0.0,0.0,0.0,0.0,-0.001131245606988962,-0.001131245606988962,-0.001131245606988962,2.9485970615195103
P,imdb@s0__wic@s1,imdb,wic,0.7,0.7,0.7,1.0,1.0,1.0,0.7,0.7,0.7,0.0,0.0,1.2301140084603146,1.2301140084603146,1.2301140084603146,0.0,0.0,0.0,6.234167490676812,0.7,0.7,1.0,1.0,1.0,0.7,0.7,0.7,0.0,0.0,1.2301140084603146,1.2301140084603146,1.2301140084603146,0.0,0.0,0.0,8.260699126600652
P,imdb@s0__yelp_polarity@s1,imdb,yelp_polarity,0.7,0.7,0.7,1.0,1.0,1.0,0.7,0.7,0.7,0.0,0.0,0.08534129792319156,0.08534129792319156,0.08534129792319156,0.0,0.0,0.0,3.442105900438372,0.7,0.7,1.0,1.0,1.0,0.7,0.7,0.7,0.0,0.0,0.08534129792319156,0.08534129792319156,0.08534129792319156,0.0,0.0,0.0,4.179674522311906
P,mnli@s0__mrpc@s1,mnli,mrpc,0.7,0.7,0.7,1.0,1.0,1.0,0.7,0.7,0.7,0.0,0.0,2.4586743280876955,2.4586743280876955,2.4586743280876955,0.0,0.0,0.0,4.64452415909386,0.7,0.7,1.0,1.0,1.0,0.7,0.7,0.7,0.0,0.0,2.4586743280876955,2.4586743280876955,2.4586743280876955,0.0,0.0,0.0,5.609733446612397
P,mnli@s0__qnli@s1,mnli,qnli,1.0,1.0,1.0,1.0,1.0,1.0,0.7,1.0,1.0,0.0,0.0,0.0,0.0,0.0,3.7880133857773113,0.0,0.0,10.232340482499241,1.0,1.0,1.3,1.3,1.0,0.7,1.0,1.0,0.0,0.0,0.717235256975024,0.717235256975024,0.0,3.7880133857773113,0.0,0.0,7.284095064925792
P,mnli@s0__rte@s1,mnli,rte,1.0,0.7,0.7,1.0,0.3,1.0,0.7,1.0,1.0,2.8587103730449814,2.8587103730449814,0.0,27.999914313664355,0.0,2.8587103730449814,0.0,0.0,10.258260995818032,0.7,0.7,1.0,0.3,1.0,0.7,1.0,1.0,2.8587103730449814,2.8587103730449814,0.0,27.999914313664355,0.0,2.8587103730449814,0.0,0.0,7.8858460794591165
P,mnli@s0__scitail@s1,mnli,scitail,0.7,0.7,0.7,1.0,1.0,1.0,0.7,1.0,0.7,0.0,0.0,0.7025528182375562,0.7025528182375562,0.7025528182375562,0.0,0.7025528182375562,0.0,6.979865756377215,0.7,0.7,1.5,1.5,1.0,0.7,1.0,0.7,0.0,0.0,5.676330557787623,5.676330557787623,0.7025528182375562,0.0,0.7025528182375562,0.0,6.691417277464787
P,mnli@s0__snli@s1,mnli,snli,1.0,1.0,1.0,1.0,1.0,1.0,0.7,1.0,1.0,0.0,0.0,0.0,0.0,0.0,1.983058123225967,0.0,0.0,7.8687561988120605,1.0,1.0,1.5,1.5,1.0,0.7,1.0,1.0,0.0,0.0,3.26151161279713,3.26151161279713,0.0,1.983058123225967,0.0,0.0,6.578833773315698
P,mnli@s0__sst2@s1,mnli,sst2,1.0,1.0,1.0,0.3,0.3,1.0,0.7,1.0,1.0,0.0,0.0,21.316499141946554,21.316499141946554,0.0,2.2309389556263826,0.0,0.0,8.298258873814051,1.0,1.0,0.3,0.3,1.0,0.7,1.0,1.0,0.0,0.0,21.316499141946554,21.316499141946554,0.0,2.2309389556263826,0.0,0.0,6.761240937213349
P,mnli@s0__stsb@s1,mnli,stsb,1.0,1.0,1.0,0.3,0.3,1.0,0.7,1.0,1.0,0.0,0.0,20.435326763378626,20.435326763378626,0.0,5.124952520706905,0.0,0.0,8.703033368496094,1.0,1.0,0.3,0.3,1.0,0.7,1.3,1.0,0.0,0.0,20.435326763378626,20.435326763378626,0.0,5.124952520706905,0.266517782571829,0.0,6.206156392457318
P,mnli@s0__trec@s1,mnli,trec,0.7,1.0,1.0,0.3,0.3,1.0,0.7,0.7,0.7,1.1707140146490436,1.1707140146490436,21.061727793879115,21.061727793879115,1.1707140146490436,0.0,0.0,0.0,6.904171298364162,1.0,1.0,0.3,0.3,1.0,0.7,0.7,0.7,1.1707140146490436,1.1707140146490436,21.061727793879115,21.061727793879115,1.1707140146490436,0.0,0.0,0.0,7.967920987118887
P,mnli@s0__wic@s1,mnli,wic,0.7,0.7,0.7,1.0,1.0,1.0,0.7,1.0,0.7,0.0,0.0,2.4965669850517735,2.4965669850517735,2.4965669850517735,0.0,2.4965669850517735,0.0,7.0838180413948795,0.7,0.7,1.3,1.5,1.0,0.7,1.0,0.7,0.0,0.0,5.936872583469944,8.988850913414314,2.4965669850517735,0.0,2.4965669850517735,0.0,8.424970053396866
P,mnli@s0__yelp_polarity@s1,mnli,yelp_polarity,1.0,1.0,1.0,0.3,0.3,1.0,0.7,1.0,1.0,0.0,0.0,20.868692729103945,20.868692729103945,0.0,2.4823771246709203,0.0,0.0,8.290488469028222,1.0,1.0,0.3,0.3,1.0,0.7,1.0,1.0,0.0,0.0,20.868692729103945,20.868692729103945,0.0,2.4823771246709203,0.0,0.0,6.353071471720908
P,mrpc@s0__qnli@s1,mrpc,qnli,0.7,0.5,0.5,1.0,1.0,1.0,0.7,0.7,0.7,0.43928812795674954,0.43928812795674954,0.056318990763692955,0.056318990763692955,0.056318990763692955,0.0,0.0,0.0,0.7039873845460731,0.5,0.5,1.3,1.3,1.0,0.7,0.7,0.7,0.43928812795674954,0.43928812795674954,0.6533002928587495,0.6533002928587495,0.056318990763692955,0.0,0.0,0.0,1.4642937598558268
P,mrpc@s0__rte@s1,mrpc,rte,0.7,0.7,0.7,1.0,1.0,1.0,0.7,0.7,0.7,0.0,0.0,6.282940360610267,6.282940360610267,6.282940360610267,0.0,0.0,0.0,4.469486823855759,0.7,0.7,1.0,1.0,1.0,0.7,0.7,0.7,0.0,0.0,6.282940360610267,6.282940360610267,6.282940360610267,0.0,0.0,0.0,7.470576580146624
P,mrpc@s0__scitail@s1,mrpc,scitail,1.0,0.7,0.7,0.7,0.7,1.0,0.7,1.0,0.7,-0.3283302063789906,-0.3283302063789906,-0.3283302063789906,-0.3283302063789906,0.0,-0.3283302063789906,0.0,-0.3283302063789906,1.5341061377646792,0.7,0.7,2.0,2.0,1.0,0.7,1.0,0.7,-0.3283302063789906,-0.3283302063789906,4.3878316805146085,4.3878316805146085,0.0,-0.3283302063789906,0.0,-0.3283302063789906,2.0980204464525074
P,mrpc@s0__snli@s1,mrpc,snli,1.0,1.0,1.0,1.0,1.0,1.0,0.7,1.0,1.0,0.0,0.0,0.0,0.0,0.0,0.43114332476035244,0.0,0.0,3.6484685527238767,1.0,1.0,1.5,1.0,1.0,0.7,1.3,1.5,0.0,0.0,-0.8309562777647828,0.0,0.0,0.43114332476035244,-0.3076923076922977,-0.8309562777647828,2.4172484050903567
P,mrpc@s0__sst2@s1,mrpc,sst2,1.0,0.7,1.0,1.0,1.0,1.0,0.7,0.7,1.0,1.477318889641166,0.0,0.0,0.0,0.0,1.477318889641166,1.477318889641166,0.0,2.244527194764162,0.7,1.0,1.0,1.0,1.0,0.7,0.7,1.0,1.477318889641166,0.0,0.0,0.0,0.0,1.477318889641166,1.477318889641166,0.0,3.141632008253538
P,mrpc@s0__stsb@s1,mrpc,stsb,0.7,0.7,0.7,0.3,0.3,1.0,0.7,0.7,0.7,0.0,0.0,9.14716631050343,9.14716631050343,0.06501552528317411,0.0,0.0,0.0,2.584657193809392,0.7,0.7,0.3,0.3,1.0,0.7,0.7,0.7,0.0,0.0,9.14716631050343,9.14716631050343,0.06501552528317411,0.0,0.0,0.0,2.1276810799376293
P,mrpc@s0__trec@s1,mrpc,trec,1.0,1.0,0.7,1.0,1.0,1.0,0.7,1.0,0.7,0.0,-0.45694716242660194,0.0,0.0,0.0,-0.45694716242660194,0.0,-0.45694716242660194,0.5572407045009831,1.0,0.7,1.5,1.5,1.0,0.7,1.0,0.7,0.0,-0.45694716242660194,0.7994129158512719,0.7994129158512719,0.0,-0.45694716242660194,0.0,-0.45694716242660194,1.3955828906905259
P,mrpc@s0__wic@s1,mrpc,wic,0.7,1.0,0.7,1.0,1.0,1.0,0.7,1.0,0.7,0.04014939309058274,0.0,0.04014939309058274,0.04014939309058274,0.04014939309058274,0.0,0.04014939309058274,0.0,3.1342203548085976,1.0,0.7,1.5,1.5,1.0,0.7,1.0,0.7,0.04014939309058274,0.0,2.0410830999066376,2.0410830999066376,0.04014939309058274,0.0,0.04014939309058274,0.0,3.09750566893425
P,mrpc@s0__yelp_polarity@s1,mrpc,yelp_polarity,0.7,0.7,0.7,1.0,1.0,1.0,0.7,1.0,1.0,0.0,0.0,-0.7821160618588285,-0.7821160618588285,-0.7821160618588285,0.0,-0.7821160618588285,-0.7821160618588285,1.2742305925585673,0.7,0.7,1.0,1.0,1.0,0.7,1.0,1.3,0.0,0.0,-0.7821160618588285,-0.7821160618588285,-0.7821160618588285,0.0,-0.7821160618588285,-0.821313734497009,0.9471312640811975
P,qnli@s0__rte@s1,qnli,rte,1.0,1.0,1.0,1.0,1.0,1.0,0.7,1.0,0.7,0.0,0.0,0.0,0.0,0.0,-2.9341523913726464,0.0,-2.9341523913726464,5.119387376224028,1.0,1.0,1.0,1.0,1.0,0.7,1.0,0.7,0.0,0.0,0.0,0.0,0.0,-2.9341523913726464,0.0,-2.9341523913726464,4.285271738260485
P,qnli@s0__scitail@s1,qnli,scitail,1.0,1.0,1.0,1.0,1.0,1.0,0.7,1.0,1.0,0.0,0.0,0.0,0.0,0.0,2.8107986704181687,0.0,0.0,7.213220818170896,1.0,1.0,1.0,1.0,1.0,0.7,1.0,1.3,0.0,0.0,0.0,0.0,0.0,2.8107986704181687,0.0,-0.1405112750798465,4.866553561352628
P,qnli@s0__snli@s1,qnli,snli,1.0,1.0,1.0,0.3,0.3,1.0,0.7,1.0,1.0,0.0,0.0,32.83532176585866,32.83532176585866,0.0,2.1629557531104404,0.0,0.0,11.369718053320769,1.0,1.0,0.3,0.3,1.0,0.7,1.0,1.0,0.0,0.0,32.83532176585866,32.83532176585866,0.0,2.1629557531104404,0.0,0.0,7.940488648862473
P,qnli@s0__sst2@s1,qnli,sst2,1.0,1.0,1.0,0.3,0.3,1.0,0.7,0.7,1.0,0.0,0.0,22.723450760342303,22.723450760342303,0.0,1.1553942529512362,1.1553942529512362,0.0,8.065398339140877,1.0,1.0,0.3,0.3,1.0,0.7,0.7,1.0,0.0,0.0,22.723450760342303,22.723450760342303,0.0,1.1553942529512362,1.1553942529512362,0.0,6.51518960946477
P,qnli@s0__stsb@s1,qnli,stsb,1.0,1.0,1.0,0.3,0.3,1.0,0.7,1.0,1.0,0.0,0.0,25.764160712850305,25.764160712850305,0.0,4.050056677624925,0.0,0.0,10.492852502695516,1.0,1.0,0.3,0.3,1.0,0.7,1.0,1.3,0.0,0.0,25.764160712850305,25.764160712850305,0.0,4.050056677624925,0.0,-0.11600771236520702,6.7291163802595495
P,qnli@s0__trec@s1,qnli,trec,1.0,1.0,1.0,0.3,0.3,1.0,0.7,1.0,1.0,0.0,0.0,17.068728746043703,17.068728746043703,0.0,1.2023888129403915,0.0,0.0,5.634574936373754,1.0,1.0,0.3,0.3,1.0,0.7,1.0,1.0,0.0,0.0,17.068728746043703,17.068728746043703,0.0,1.2023888129403915,0.0,0.0,4.5126641362308035
P,qnli@s0__wic@s1,qnli,wic,0.7,0.7,0.7,1.0,1.0,1.0,0.7,1.0,0.7,0.0,0.0,0.7833819203173498,0.7833819203173498,0.7833819203173498,0.0,0.7833819203173498,0.0,8.485750036606637,0.7,0.7,1.3,1.3,1.0,0.7,1.0,0.7,0.0,0.0,3.112894852441994,3.112894852441994,0.7833819203173498,0.0,0.7833819203173498,0.0,8.316028380123267
P,qnli@s0__yelp_polarity@s1,qnli,yelp_polarity,1.0,1.0,1.0,0.3,0.3,1.0,0.7,1.0,1.0,0.0,0.0,21.005421633708288,21.005421633708288,0.0,2.7125850154514075,0.0,0.0,8.305897727512521,1.0,1.0,0.3,0.3,1.0,0.7,1.0,1.0,0.0,0.0,21.005421633708288,21.005421633708288,0.0,2.7125850154514075,0.0,0.0,5.4554283539686415
P,rte@s0__scitail@s1,rte,scitail,1.0,0.7,0.7,1.0,1.0,1.0,0.7,0.7,0.7,-3.991420608754259,-3.991420608754259,0.0,0.0,0.0,-3.991420608754259,-3.991420608754259,-3.991420608754259,1.5160795278602535,0.7,0.7,1.5,1.5,1.0,0.7,0.7,0.7,-3.991420608754259,-3.991420608754259,2.345215759849917,2.345215759849917,0.0,-3.991420608754259,-3.991420608754259,-3.991420608754259,2.5535203607663974
P,rte@s0__snli@s1,rte,snli,1.0,1.0,1.0,1.0,0.5,1.0,0.7,1.0,1.0,0.0,0.0,0.0,5.913204746090517,0.0,3.229398158131891,0.0,0.0,6.873608213723892,1.0,1.0,2.0,2.0,1.0,0.7,1.0,1.0,0.0,0.0,8.511773291777425,8.511773291777425,0.0,3.229398158131891,0.0,0.0,6.017267472987956
P,rte@s0__sst2@s1,rte,sst2,1.0,1.0,1.0,1.0,1.0,1.0,0.7,1.0,1.0,0.0,0.0,0.0,0.0,0.0,1.1403549134189284,0.0,0.0,5.774245003757731,1.0,1.0,1.3,1.3,1.0,0.7,1.0,1.0,0.0,0.0,3.9509808432644733,3.9509808432644733,0.0,1.1403549134189284,0.0,0.0,6.955299489694193
P,rte@s0__stsb@s1,rte,stsb,0.7,0.7,0.7,0.3,0.3,1.0,0.7,0.7,0.7,0.0,0.0,10.368751318022085,10.368751318022085,0.12716035946266357,0.0,0.0,0.0,2.9586128283047133,0.7,0.7,0.3,0.3,1.0,0.7,0.7,0.7,0.0,0.0,10.368751318022085,10.368751318022085,0.12716035946266357,0.0,0.0,0.0,2.5754118830671886
P,rte@s0__trec@s1,rte,trec,1.0,1.0,1.0,1.0,1.0,1.0,0.7,1.0,0.7,0.0,0.0,0.0,0.0,0.0,-0.1712328767123239,0.0,-0.1712328767123239,3.847752360686263,1.0,1.0,1.5,2.0,1.0,0.7,1.3,0.7,0.0,0.0,4.054728022343401,11.592299507913296,0.0,-0.1712328767123239,1.4563106796116498,-0.1712328767123239,4.642049664659057
P,rte@s0__wic@s1,rte,wic,0.7,1.0,1.0,1.0,1.0,1.0,0.7,1.0,0.7,3.2299003743892385,3.2299003743892385,3.2299003743892385,3.2299003743892385,3.2299003743892385,0.0,3.2299003743892385,0.0,8.405910908052544,1.0,1.0,1.0,1.0,1.0,0.7,1.0,0.7,3.2299003743892385,3.2299003743892385,3.2299003743892385,3.2299003743892385,3.2299003743892385,0.0,3.2299003743892385,0.0,9.117239128661176
P,rte@s0__yelp_polarity@s1,rte,yelp_polarity,1.0,1.0,1.0,1.0,1.0,1.0,0.7,1.0,1.0,0.0,0.0,0.0,0.0,0.0,2.751849655043237,0.0,0.0,4.2505905368422106,1.0,1.0,1.0,1.0,1.0,0.7,1.0,1.0,0.0,0.0,0.0,0.0,0.0,2.751849655043237,0.0,0.0,5.2001581702202895
P,scitail@s0__snli@s1,scitail,snli,1.0,1.0,1.0,1.0,1.0,1.0,0.7,1.0,1.0,0.0,0.0,0.0,0.0,0.0,0.9805050357276524,0.0,0.0,7.517987030465411,1.3,1.3,1.3,1.3,1.0,0.7,1.3,1.0,0.0,0.0,0.0,0.0,-0.49074422339917545,0.4897608123284769,0.0,-0.49074422339917545,4.991554661460028
P,scitail@s0__sst2@s1,scitail,sst2,1.0,1.0,1.0,1.0,1.0,1.0,0.7,0.7,0.7,0.0,0.0,0.0,0.0,0.0,-0.06278799606996843,-0.06278799606996843,-0.06278799606996843,4.101732231967673,1.0,1.0,1.3,1.3,1.0,0.7,0.7,0.7,0.0,0.0,1.403584216546161,1.403584216546161,0.0,-0.06278799606996843,-0.06278799606996843,-0.06278799606996843,3.798551108596883
P,scitail@s0__stsb@s1,scitail,stsb,0.7,1.0,1.0,1.0,1.0,1.0,0.7,1.0,1.0,-0.11541784642173925,-0.11541784642173925,-0.11541784642173925,-0.11541784642173925,-0.11541784642173925,0.0,-0.11541784642173925,-0.11541784642173925,5.140191052544832,1.0,1.0,2.0,2.0,1.0,0.7,1.3,1.0,-0.11541784642173925,-0.11541784642173925,7.5643196491066655,7.5643196491066655,-0.11541784642173925,0.0,1.1883891308599237,-0.11541784642173925,4.58158459176882
P,scitail@s0__trec@s1,scitail,trec,1.0,0.7,0.7,0.7,1.0,1.0,0.7,1.0,0.7,-0.017803040111874502,-0.017803040111874502,-0.017803040111874502,0.0,0.0,-0.017803040111874502,0.0,-0.017803040111874502,2.6168850506253727,0.7,0.7,0.7,1.0,1.0,0.7,1.0,0.7,-0.017803040111874502,-0.017803040111874502,-0.017803040111874502,0.0,0.0,-0.017803040111874502,0.0,-0.017803040111874502,3.523522208945725
P,scitail@s0__wic@s1,scitail,wic,0.7,0.7,0.7,1.0,1.0,1.0,0.7,1.0,1.0,0.0,0.0,-0.2971446927857446,-0.2971446927857446,-0.2971446927857446,0.0,-0.2971446927857446,-0.2971446927857446,6.410078208977349,0.7,0.7,1.3,1.3,1.0,0.7,1.0,1.0,0.0,0.0,2.1186231266293376,2.1186231266293376,-0.2971446927857446,0.0,-0.2971446927857446,-0.2971446927857446,6.830577221436772
P,scitail@s0__yelp_polarity@s1,scitail,yelp_polarity,0.7,0.7,0.7,1.0,1.0,1.0,0.7,0.7,0.7,0.0,0.0,0.6319128287107678,0.6319128287107678,0.6319128287107678,0.0,0.0,0.0,3.3321100703667423,0.7,0.7,1.3,1.3,1.0,0.7,0.7,0.7,0.0,0.0,1.2072972321332753,1.2072972321332753,0.6319128287107678,0.0,0.0,0.0,3.5587480270769114
P,snli@s0__sst2@s1,snli,sst2,1.0,1.0,1.0,1.0,1.0,1.0,0.7,1.0,1.0,0.0,0.0,0.0,0.0,0.0,0.8295525859412511,0.0,0.0,5.579118840305883,1.0,1.0,1.0,1.0,1.0,0.7,1.0,1.0,0.0,0.0,0.0,0.0,0.0,0.8295525859412511,0.0,0.0,4.853851445949106
P,snli@s0__stsb@s1,snli,stsb,0.7,0.7,0.7,0.3,0.3,1.0,0.7,0.7,0.7,0.0,0.0,11.100843937080885,11.100843937080885,0.0946708430017873,0.0,0.0,0.0,3.0109598536621816,2.0,2.0,0.3,0.3,1.0,0.7,2.0,2.0,0.0,0.0,14.51916411540859,14.51916411540859,3.5129910213294924,3.418320178327705,0.0,0.0,4.2337573556683274
P,snli@s0__trec@s1,snli,trec,0.7,0.7,0.7,1.0,1.0,1.0,0.7,0.7,0.7,0.0,0.0,0.3899265982276967,0.3899265982276967,0.3899265982276967,0.0,0.0,0.0,3.3715282066952317,0.7,0.7,1.0,1.0,1.0,0.7,0.7,0.7,0.0,0.0,0.3899265982276967,0.3899265982276967,0.3899265982276967,0.0,0.0,0.0,6.30072900229131
P,snli@s0__wic@s1,snli,wic,0.7,1.0,1.0,1.0,1.0,1.0,0.7,1.0,0.7,1.9513231649248786,1.9513231649248786,1.9513231649248786,1.9513231649248786,1.9513231649248786,0.0,1.9513231649248786,0.0,6.960419826845465,1.0,1.0,1.3,2.0,1.0,0.7,1.0,0.7,1.9513231649248786,1.9513231649248786,6.388214200408838,13.300203802451216,1.9513231649248786,0.0,1.9513231649248786,0.0,7.988688277082702
P,snli@s0__yelp_polarity@s1,snli,yelp_polarity,1.0,1.0,1.0,1.0,1.0,1.0,0.7,1.0,1.0,0.0,0.0,0.0,0.0,0.0,1.6297636978967134,0.0,0.0,5.754698649070034,1.0,1.0,1.3,1.3,1.0,0.7,1.0,1.0,0.0,0.0,0.23884555691714437,0.23884555691714437,0.0,1.6297636978967134,0.0,0.0,4.122702162233534
P,sst2@s0__stsb@s1,sst2,stsb,1.0,1.0,1.0,1.0,1.0,1.0,0.7,1.0,1.0,0.0,0.0,0.0,0.0,0.0,1.277644370353559,0.0,0.0,9.31331001352195,1.0,1.0,1.3,1.3,1.0,0.7,1.0,1.0,0.0,0.0,0.8232136880469643,0.8232136880469643,0.0,1.277644370353559,0.0,0.0,6.538788265129234
P,sst2@s0__trec@s1,sst2,trec,0.7,0.7,0.7,1.0,1.0,1.0,0.7,0.7,1.0,0.0,0.0,-0.07987220447284171,-0.07987220447284171,-0.07987220447284171,0.0,0.0,-0.07987220447284171,2.1337093527069,0.7,0.7,1.0,1.0,1.0,0.7,0.7,1.0,0.0,0.0,-0.07987220447284171,-0.07987220447284171,-0.07987220447284171,0.0,0.0,-0.07987220447284171,3.1286927217821288
P,sst2@s0__wic@s1,sst2,wic,0.7,1.0,0.7,1.0,1.0,1.0,0.7,1.0,1.0,-0.08352648833760412,0.0,-0.08352648833760412,-0.08352648833760412,-0.08352648833760412,0.0,-0.08352648833760412,-0.08352648833760412,5.974362588485876,1.0,0.7,1.3,1.3,1.0,0.7,1.0,1.0,-0.08352648833760412,0.0,3.3113032220342897,3.3113032220342897,-0.08352648833760412,0.0,-0.08352648833760412,-0.08352648833760412,6.679583441470307
P,sst2@s0__yelp_polarity@s1,sst2,yelp_polarity,1.0,1.0,1.0,1.0,1.0,1.0,0.7,1.0,1.0,0.0,0.0,0.0,0.0,0.0,0.8571580219772779,0.0,0.0,5.5791976139356105,1.0,1.0,1.3,1.3,1.0,0.7,1.0,1.0,0.0,0.0,1.014111612202906,1.014111612202906,0.0,0.8571580219772779,0.0,0.0,4.544722319652213
P,stsb@s0__trec@s1,stsb,trec,0.7,0.7,0.7,0.3,0.3,1.0,0.7,0.7,0.7,0.0,0.0,12.484855169377651,12.484855169377651,4.546845287366574,0.0,0.0,0.0,4.950342234826724,0.7,0.7,0.3,0.3,1.0,0.7,0.7,0.7,0.0,0.0,12.484855169377651,12.484855169377651,4.546845287366574,0.0,0.0,0.0,14.691010202034521
P,stsb@s0__wic@s1,stsb,wic,1.0,1.0,1.0,0.3,0.3,1.0,0.7,1.0,0.7,0.0,0.0,17.047978155444056,17.047978155444056,0.0,-0.5163233355217733,0.0,-0.5163233355217733,5.454949414594001,1.0,1.0,0.3,0.3,1.0,0.7,1.0,0.7,0.0,0.0,17.047978155444056,17.047978155444056,0.0,-0.5163233355217733,0.0,-0.5163233355217733,5.379991931254266
P,stsb@s0__yelp_polarity@s1,stsb,yelp_polarity,1.0,0.7,0.7,0.3,0.3,1.0,0.7,1.0,1.0,0.585409264436032,0.585409264436032,10.455081153280677,10.455081153280677,0.0,0.585409264436032,0.0,0.0,3.7667307489671953,0.7,0.7,0.3,0.3,1.0,0.7,1.0,1.0,0.585409264436032,0.585409264436032,10.455081153280677,10.455081153280677,0.0,0.585409264436032,0.0,0.0,6.754905204119284
P,trec@s0__wic@s1,trec,wic,0.7,1.0,0.7,1.0,1.0,1.0,0.7,1.0,1.0,-1.3385262780911455,0.0,-1.3385262780911455,-1.3385262780911455,-1.3385262780911455,0.0,-1.3385262780911455,-1.3385262780911455,3.1378704449816412,1.0,0.7,1.3,1.3,1.0,0.7,1.0,1.0,-1.3385262780911455,0.0,0.4666935267257477,0.4666935267257477,-1.3385262780911455,0.0,-1.3385262780911455,-1.3385262780911455,3.5073161684765166
P,trec@s0__yelp_polarity@s1,trec,yelp_polarity,1.0,0.7,0.7,1.0,1.0,1.0,0.7,1.0,1.0,0.20338721754835642,0.20338721754835642,0.0,0.0,0.0,0.20338721754835642,0.0,0.0,1.2233882453126648,0.7,0.7,1.0,1.0,1.0,0.7,1.0,1.0,0.20338721754835642,0.20338721754835642,0.0,0.0,0.0,0.20338721754835642,0.0,0.0,1.5493756856131937
P,wic@s0__yelp_polarity@s1,wic,yelp_polarity,1.0,1.0,1.0,0.3,0.3,1.0,0.7,1.0,1.0,0.0,0.0,11.570508339696106,11.570508339696106,0.0,1.2306115060204181,0.0,0.0,4.368168994899041,1.0,1.0,1.3,1.3,1.0,0.7,1.0,1.3,0.0,0.0,-0.460986424917631,-0.460986424917631,0.0,1.2306115060204181,0.0,-0.460986424917631,3.258644519653891
