id,m,G4_lam_sel,G4_Dtest_sel,G4_lam_U1_agree,G4_lam_ENT_min_entropy,G4_lam_fixed_lam1.0,G4_lam_fixed_lam0.7,G4_lam_Lcal_labeled_ref,G4_lam_oracle_test,G4_regret_U1_agree,G4_regret_ENT_min_entropy,G4_regret_fixed_lam1.0,G4_regret_fixed_lam0.7,G4_regret_Lcal_labeled_ref,G4_regret_oracle_test,G4_regret_RAND_grid_expectation,G7_lam_sel,G7_Dtest_sel,G7_lam_U1_agree,G7_lam_ENT_min_entropy,G7_lam_fixed_lam1.0,G7_lam_fixed_lam0.7,G7_lam_Lcal_labeled_ref,G7_lam_oracle_test,G7_regret_U1_agree,G7_regret_ENT_min_entropy,G7_regret_fixed_lam1.0,G7_regret_fixed_lam0.7,G7_regret_Lcal_labeled_ref,G7_regret_oracle_test,G7_regret_RAND_grid_expectation
qnli@s0__rte@s1__wic@s0,3,0.5,0.06709059179639232,0.5,1.0,1.0,0.7,0.5,0.5,0.0,6.442040400296523,6.442040400296523,2.369862449551119,0.0,0.0,3.507285489251302,0.5,0.06709059179639232,0.5,1.5,1.0,0.7,0.5,0.5,0.0,14.601788361749435,6.442040400296523,2.369862449551119,0.0,0.0,8.963613552661002
mrpc@s1__mnli@s1__rte@s1,3,0.3,0.11597067786837989,0.3,1.0,1.0,0.7,0.3,0.3,0.0,9.519808911951234,9.519808911951234,4.35384235235976,0.0,0.0,4.14178541031765,0.3,0.11597067786837989,0.3,1.0,1.0,0.7,0.3,0.3,0.0,9.519808911951234,9.519808911951234,4.35384235235976,0.0,0.0,11.123838547856337
snli@s0__scitail@s0__ag_news@s1,3,0.7,0.04593713365016716,0.7,0.5,1.0,0.7,0.7,0.7,0.0,1.6800420030671503,0.33613615539298536,0.0,0.0,0.0,2.8336057206849565,0.7,0.04593713365016716,0.7,0.5,1.0,0.7,0.7,0.7,0.0,1.6800420030671503,0.33613615539298536,0.0,0.0,0.0,4.441222951823887
rte@s1__wic@s1__imdb@s0,3,0.7,0.07178885928885936,0.7,1.0,1.0,0.7,0.7,0.7,0.0,2.655855353223757,2.655855353223757,0.0,0.0,0.0,3.3689808607571674,0.7,0.07178885928885936,0.7,1.3,1.0,0.7,0.7,0.7,0.0,8.655035266877364,2.655855353223757,0.0,0.0,0.0,7.999682717727824
mrpc@s0__imdb@s0__trec@s0,3,0.7,0.013705269955269994,0.7,1.0,1.0,0.7,0.5,0.7,0.0,0.4129586241655159,0.4129586241655159,0.0,0.045635670635668646,0.0,1.0069022407384443,0.7,0.013705269955269994,0.7,1.0,1.0,0.7,0.5,0.7,0.0,0.4129586241655159,0.4129586241655159,0.0,0.045635670635668646,0.0,6.318960435339744
sst2@s1__snli@s1__ag_news@s0,3,0.7,0.017215365797343285,1.0,0.5,1.0,0.7,0.5,0.7,0.5129049322309509,1.0406613660800423,0.5129049322309509,0.0,1.0406613660800423,0.0,1.5811543625780051,0.7,0.017215365797343285,1.0,0.5,1.0,0.7,0.5,0.7,0.5129049322309509,1.0406613660800423,0.5129049322309509,0.0,1.0406613660800423,0.0,5.716054187324501
sst2@s0__ag_news@s0__imdb@s1,3,0.7,0.008942719614204342,0.7,0.7,1.0,0.7,0.7,0.7,0.0,0.0,0.6539531254777797,0.0,0.0,0.0,1.0949246270951312,0.7,0.008942719614204342,0.7,0.7,1.0,0.7,0.7,0.7,0.0,0.0,0.6539531254777797,0.0,0.0,0.0,4.6457109604942755
qnli@s1__wic@s1__ag_news@s0,3,0.5,0.026530059717194132,0.5,0.3,1.0,0.7,0.5,0.5,0.0,3.545979145394351,10.685819486989079,1.9528373402642352,0.0,0.0,4.046158993161916,0.5,0.026530059717194132,0.5,0.3,1.0,0.7,0.5,0.5,0.0,3.545979145394351,10.685819486989079,1.9528373402642352,0.0,0.0,13.015204457351489
sst2@s1__stsb@s1__snli@s0,3,0.7,0.038424273540428655,0.7,1.0,1.0,0.7,1.0,0.7,0.0,0.43437319004502317,0.43437319004502317,0.0,0.43437319004502317,0.0,2.2466561629895465,0.7,0.038424273540428655,0.7,1.0,1.0,0.7,1.0,0.7,0.0,0.43437319004502317,0.43437319004502317,0.0,0.43437319004502317,0.0,5.096010316726897
cola@s1__wic@s0__trec@s1,3,0.7,0.005994915148189839,0.7,1.0,1.0,0.7,0.5,0.7,0.0,0.8939009452578306,0.8939009452578306,0.0,0.9405862860608183,0.0,1.2455533115308004,0.7,0.005994915148189839,0.7,1.0,1.0,0.7,0.5,0.7,0.0,0.8939009452578306,0.8939009452578306,0.0,0.9405862860608183,0.0,7.796544305007227
mrpc@s0__rte@s1__ag_news@s1,3,0.7,0.06218691081451588,0.7,1.0,1.0,0.7,0.7,0.7,0.0,1.7146188284305697,1.7146188284305697,0.0,0.0,0.0,2.513378460943269,0.7,0.06218691081451588,0.7,1.0,1.0,0.7,0.7,0.7,0.0,1.7146188284305697,1.7146188284305697,0.0,0.0,0.0,5.446526288908804
mrpc@s0__stsb@s0__scitail@s0,3,1.0,0.3158117165999744,1.0,1.0,1.0,0.7,1.0,1.0,0.0,0.0,0.0,6.626163491454474,0.0,0.0,9.158587001053997,1.0,0.3158117165999744,1.5,1.3,1.0,0.7,2.0,1.3,-4.284876739196564,-4.306026156265985,0.0,6.626163491454474,-2.762886904756623,-4.306026156265985,3.611508314856687
mnli@s1__qnli@s0__yelp_polarity@s0,3,0.7,0.02232435425980228,0.7,1.0,1.0,0.7,0.7,0.7,0.0,1.0010909217153419,1.0010909217153419,0.0,0.0,0.0,2.151994136796503,0.7,0.02232435425980228,0.7,1.0,1.0,0.7,0.7,0.7,0.0,1.0010909217153419,1.0010909217153419,0.0,0.0,0.0,4.106043876074035
qnli@s1__wic@s0__snli@s1,3,0.7,0.0246575735211384,0.5,1.0,1.0,0.7,0.5,0.5,-0.352754283836787,2.86792318887763,2.86792318887763,0.0,-0.352754283836787,-0.352754283836787,1.3613331301019964,0.7,0.0246575735211384,0.5,2.0,1.0,0.7,0.5,0.5,-0.352754283836787,26.38172294559925,2.86792318887763,0.0,-0.352754283836787,-0.352754283836787,7.807765336605953
mrpc@s0__scitail@s1__imdb@s0,3,0.7,0.01640941800553597,0.7,1.0,1.0,0.7,0.7,0.7,0.0,1.536138411138399,1.536138411138399,0.0,0.0,0.0,2.5865586389440365,0.7,0.01640941800553597,0.7,1.0,1.0,0.7,0.7,0.7,0.0,1.536138411138399,1.536138411138399,0.0,0.0,0.0,5.855088313577547
qnli@s0__wic@s0__snli@s1,3,0.5,0.06541272218057304,0.3,1.0,1.0,0.7,0.5,0.5,1.1193168827992483,6.7218113797925305,6.7218113797925305,1.6488134640231022,0.0,0.0,2.37248543165372,0.5,0.06541272218057304,0.3,2.0,1.0,0.7,0.5,0.5,1.1193168827992483,25.181617498497964,6.7218113797925305,1.6488134640231022,0.0,0.0,9.010654384973488
stsb@s1__mnli@s0__snli@s0,3,0.5,0.03536347588599964,0.7,1.0,1.0,0.7,1.0,0.7,-0.23212471436182547,1.5311667611613289,1.5311667611613289,-0.23212471436182547,1.5311667611613289,-0.23212471436182547,1.2064097874596418,0.5,0.03536347588599964,0.7,1.3,1.0,0.7,1.0,0.7,-0.23212471436182547,4.2139461762428105,1.5311667611613289,-0.23212471436182547,1.5311667611613289,-0.23212471436182547,4.618570679482806
mnli@s1__trec@s1__yelp_polarity@s0,3,0.7,0.031846301548387856,0.7,1.0,1.0,0.7,0.7,0.7,0.0,0.46026499118797526,0.46026499118797526,0.0,0.0,0.0,1.9004836161726268,0.7,0.031846301548387856,0.7,1.0,1.0,0.7,0.7,0.7,0.0,0.46026499118797526,0.46026499118797526,0.0,0.0,0.0,4.050168169056391
stsb@s1__qnli@s1__ag_news@s0,3,0.3,0.11185624353733792,0.3,0.3,1.0,0.7,0.3,0.3,0.0,0.0,7.944043607852769,7.214543309145016,0.0,0.0,4.336936889403631,0.3,0.11185624353733792,0.3,0.3,1.0,0.7,0.3,0.3,0.0,0.0,7.944043607852769,7.214543309145016,0.0,0.0,8.763542493691018
mnli@s0__ag_news@s0__imdb@s1,3,0.7,0.014840999725845294,0.7,0.7,1.0,0.7,0.7,0.7,0.0,0.0,1.4259748516355475,0.0,0.0,0.0,2.3603118685236346,0.7,0.014840999725845294,0.7,0.7,1.0,0.7,0.7,0.7,0.0,0.0,1.4259748516355475,0.0,0.0,0.0,6.0178063507104556
stsb@s0__ag_news@s0__trec@s1,3,0.5,0.06134172231455748,0.7,0.3,1.0,0.7,0.7,0.5,0.1485248401896233,5.593009526211468,4.08358568181757,0.1485248401896233,0.1485248401896233,0.0,2.4562800120546653,0.5,0.06134172231455748,0.7,0.3,1.0,0.7,0.7,0.5,0.1485248401896233,5.593009526211468,4.08358568181757,0.1485248401896233,0.1485248401896233,0.0,9.035170021831215
qnli@s0__rte@s0__imdb@s0,3,0.5,0.07399116435207986,0.5,1.0,1.0,0.7,0.5,0.7,0.0,4.069220099149684,4.069220099149684,-0.13326315703077185,0.0,-0.13326315703077185,1.7385717275682055,0.5,0.07399116435207986,0.5,1.5,1.0,0.7,0.5,0.7,0.0,11.403136183065754,4.069220099149684,-0.13326315703077185,0.0,-0.13326315703077185,6.97864195663491
sst2@s1__wic@s1__snli@s1,3,0.7,0.05712472434924709,0.7,1.0,1.0,0.7,0.5,0.5,0.0,1.8218867068311106,1.8218867068311106,0.0,-1.2741201543690073,-1.2741201543690073,0.6444584303097134,0.7,0.05712472434924709,0.7,1.0,1.0,0.7,0.5,0.5,0.0,1.8218867068311106,1.8218867068311106,0.0,-1.2741201543690073,-1.2741201543690073,5.436138330703343
sst2@s1__stsb@s0__scitail@s1,3,0.7,0.004878015936529589,0.7,1.0,1.0,0.7,0.7,0.7,0.0,0.7984486189774098,0.7984486189774098,0.0,0.0,0.0,1.6013613265214084,0.7,0.004878015936529589,0.7,1.0,1.0,0.7,0.7,0.7,0.0,0.7984486189774098,0.7984486189774098,0.0,0.0,0.0,4.4351342218207455
stsb@s0__wic@s0__trec@s1,3,0.5,0.09125264493565854,0.5,0.7,1.0,0.7,0.5,0.5,0.0,1.7899093416284373,6.466718321883336,1.7899093416284373,0.0,0.0,3.017874949691951,0.5,0.09125264493565854,0.5,0.7,1.0,0.7,0.5,0.5,0.0,1.7899093416284373,6.466718321883336,1.7899093416284373,0.0,0.0,14.41390080896683
snli@s1__imdb@s0__yelp_polarity@s1,3,0.5,0.01839821181411916,0.5,0.7,1.0,0.7,0.5,0.5,0.0,0.23121564237849057,2.3865539500885324,0.23121564237849057,0.0,0.0,1.4423888349900271,0.5,0.01839821181411916,0.5,0.7,1.0,0.7,0.5,0.5,0.0,0.23121564237849057,2.3865539500885324,0.23121564237849057,0.0,0.0,5.641050475545674
mnli@s0__ag_news@s0__trec@s1,3,0.7,0.010887127888839276,0.7,0.7,1.0,0.7,0.5,0.7,0.0,0.0,1.5410747018249626,0.0,0.6909376016226543,0.0,1.8927957375178883,0.7,0.010887127888839276,0.7,0.7,1.0,0.7,0.5,0.7,0.0,0.0,1.5410747018249626,0.0,0.6909376016226543,0.0,5.44186056191195
mrpc@s1__wic@s1__trec@s0,3,1.0,0.035978835978836,0.5,1.0,1.0,0.7,1.0,1.0,0.6613756613756627,0.0,0.0,1.0673234811165777,0.0,0.0,1.5373563218390784,1.0,0.035978835978836,0.5,1.0,1.0,0.7,1.0,1.0,0.6613756613756627,0.0,0.0,1.0673234811165777,0.0,0.0,4.196966142778949
mrpc@s0__mnli@s1__wic@s1,3,0.7,0.0739237225152718,0.7,1.0,1.0,0.7,0.7,0.7,0.0,0.4859789366831624,0.4859789366831624,0.0,0.0,0.0,4.504194838701875,0.7,0.0739237225152718,0.7,1.0,1.0,0.7,0.7,0.7,0.0,0.4859789366831624,0.4859789366831624,0.0,0.0,0.0,8.961879384414592
rte@s1__snli@s1__scitail@s0,3,0.7,0.014916051537401387,0.7,1.0,1.0,0.7,0.7,0.7,0.0,0.23543603808034996,0.23543603808034996,0.0,0.0,0.0,2.4979596302014127,0.7,0.014916051537401387,0.7,1.3,1.0,0.7,0.7,0.7,0.0,1.2252512095598966,0.23543603808034996,0.0,0.0,0.0,4.054959416818121
cola@s0__stsb@s1__rte@s0__trec@s0,4,0.7,0.1115589504431953,0.7,0.7,1.0,0.7,0.7,0.7,0.0,0.0,1.542913182260941,0.0,0.0,0.0,2.898755427108435,0.7,0.1115589504431953,0.7,0.7,1.0,0.7,0.7,0.7,0.0,0.0,1.542913182260941,0.0,0.0,0.0,9.245079555385413
cola@s1__wic@s1__scitail@s0__trec@s0,4,0.5,0.034835069498062365,0.7,1.0,1.0,0.7,0.7,0.7,-1.0976609705806495,1.4115308539658922,1.4115308539658922,-1.0976609705806495,-1.0976609705806495,-1.0976609705806495,2.0221771743222567,0.5,0.034835069498062365,0.7,1.0,1.0,0.7,0.7,0.7,-1.0976609705806495,1.4115308539658922,1.4115308539658922,-1.0976609705806495,-1.0976609705806495,-1.0976609705806495,10.245302823226796
sst2@s0__mrpc@s1__qnli@s0__snli@s1,4,0.5,0.025947066628730697,0.5,0.5,1.0,0.7,0.5,0.5,0.0,0.0,4.522056991969614,1.7695876519164155,0.0,0.0,1.9138688307383134,0.5,0.025947066628730697,0.5,0.5,1.0,0.7,0.5,0.5,0.0,0.0,4.522056991969614,1.7695876519164155,0.0,0.0,9.588854006441702
stsb@s0__mnli@s1__imdb@s1__yelp_polarity@s1,4,0.5,0.03113114132012762,0.7,1.0,1.0,0.7,0.7,0.7,-0.25842222011867033,1.0305989939081495,1.0305989939081495,-0.25842222011867033,-0.25842222011867033,-0.25842222011867033,1.5426332555199846,0.5,0.03113114132012762,0.7,1.0,1.0,0.7,0.7,0.7,-0.25842222011867033,1.0305989939081495,1.0305989939081495,-0.25842222011867033,-0.25842222011867033,-0.25842222011867033,5.305921012343255
stsb@s0__ag_news@s0__trec@s1__yelp_polarity@s0,4,0.5,0.05548701892148056,0.5,0.3,1.0,0.7,0.5,0.5,0.0,3.7305961812853616,4.444721069685976,1.1729218837922328,0.0,0.0,2.3370597836908926,0.5,0.05548701892148056,0.5,0.3,1.0,0.7,0.5,0.5,0.0,3.7305961812853616,4.444721069685976,1.1729218837922328,0.0,0.0,8.207890712633395
mnli@s0__qnli@s1__rte@s0__scitail@s1,4,0.5,-0.0046806339728653334,0.5,1.0,1.0,0.7,0.5,0.5,0.0,3.2157859397856425,3.2157859397856425,0.20502993154767335,0.0,0.0,1.8160776741472207,0.5,-0.0046806339728653334,0.5,1.0,1.0,0.7,0.5,0.5,0.0,3.2157859397856425,3.2157859397856425,0.20502993154767335,0.0,0.0,6.896373974573717
stsb@s0__mnli@s1__wic@s0__snli@s0,4,0.5,0.05402879603544952,0.5,1.0,1.0,0.7,0.5,0.5,0.0,3.330675294528118,3.330675294528118,0.40388457621203244,0.0,0.0,1.6888553110944087,0.5,0.05402879603544952,0.5,1.0,1.0,0.7,0.5,0.5,0.0,3.330675294528118,3.330675294528118,0.40388457621203244,0.0,0.0,10.316713112557824
sst2@s1__stsb@s1__mnli@s0__rte@s0,4,0.5,0.010608025541830268,0.7,1.0,1.0,0.7,0.7,0.7,-0.09793005797055221,2.960171363225339,2.960171363225339,-0.09793005797055221,-0.09793005797055221,-0.09793005797055221,1.9599662927390487,0.5,0.010608025541830268,0.7,1.0,1.0,0.7,0.7,0.7,-0.09793005797055221,2.960171363225339,2.960171363225339,-0.09793005797055221,-0.09793005797055221,-0.09793005797055221,8.61331896126146
mnli@s1__rte@s0__ag_news@s1__imdb@s1,4,0.7,0.02497216916010825,0.5,0.5,1.0,0.7,0.5,0.5,-0.041861902234441306,-0.041861902234441306,3.4318292089381863,0.0,-0.041861902234441306,-0.041861902234441306,2.2652454060452074,0.7,0.02497216916010825,0.5,0.5,1.0,0.7,0.5,0.5,-0.041861902234441306,-0.041861902234441306,3.4318292089381863,0.0,-0.041861902234441306,-0.041861902234441306,9.831912365617116
cola@s1__mnli@s1__wic@s1__snli@s1,4,0.7,0.08310758692749687,0.7,0.7,1.0,0.7,1.0,0.7,0.0,0.0,1.6040654321267445,0.0,1.6040654321267445,0.0,2.8153700634811374,0.7,0.08310758692749687,0.7,0.7,1.0,0.7,1.0,0.7,0.0,0.0,1.6040654321267445,0.0,1.6040654321267445,0.0,7.961291774830196
sst2@s1__stsb@s0__snli@s1__ag_news@s1,4,0.5,0.08824795604057789,0.5,0.3,1.0,0.7,0.5,0.5,0.0,0.7589584547851413,9.541770837075736,5.729907413481639,0.0,0.0,4.007659176335629,0.5,0.08824795604057789,0.5,0.3,1.0,0.7,0.5,0.5,0.0,0.7589584547851413,9.541770837075736,5.729907413481639,0.0,0.0,8.445656142807842
cola@s1__sst2@s1__stsb@s0__rte@s1,4,1.0,0.15204561397993321,1.0,0.5,1.0,0.7,0.5,0.7,0.0,-0.5579116617387969,0.0,-0.8946258796778905,-0.5579116617387969,-0.8946258796778905,0.18288571842855483,1.0,0.15204561397993321,1.0,0.5,1.0,0.7,0.5,0.7,0.0,-0.5579116617387969,0.0,-0.8946258796778905,-0.5579116617387969,-0.8946258796778905,5.213494538437413
sst2@s1__qnli@s0__imdb@s0__yelp_polarity@s1,4,0.5,0.020587562879290533,0.5,0.7,1.0,0.7,0.5,0.5,0.0,1.2081048005504358,4.232203560249981,1.2081048005504358,0.0,0.0,1.4686357762272229,0.5,0.020587562879290533,0.5,0.7,1.0,0.7,0.5,0.5,0.0,1.2081048005504358,4.232203560249981,1.2081048005504358,0.0,0.0,6.786853109709087
cola@s1__stsb@s1__mnli@s0__qnli@s1,4,0.5,0.03294512689522899,0.5,1.0,1.0,0.7,0.5,0.5,0.0,2.9714781209054797,2.9714781209054797,0.023314876290925213,0.0,0.0,1.2894361142619493,0.5,0.03294512689522899,0.5,1.0,1.0,0.7,0.5,0.5,0.0,2.9714781209054797,2.9714781209054797,0.023314876290925213,0.0,0.0,8.523064375009517
mrpc@s0__rte@s1__imdb@s1__yelp_polarity@s1,4,0.7,0.0673882852048957,0.5,0.7,1.0,0.7,0.5,0.5,-0.5013265385885757,0.0,3.3492796042739137,0.0,-0.5013265385885757,-0.5013265385885757,1.6246830327844852,0.7,0.0673882852048957,0.5,0.7,1.0,0.7,0.5,0.5,-0.5013265385885757,0.0,3.3492796042739137,0.0,-0.5013265385885757,-0.5013265385885757,5.997021856851953
