pair,t1,t2,TA,TA__sel,TIES,TIES__sel,DARE_TA,DARE_TA__sel,DARE_TIES,DARE_TIES__sel,TSVM,TSVM__sel,KNOTS,KNOTS__sel,PICO_TA,PICO_TA__sel,GATE,GATE__sel,PICO_TIES,PICO_TIES__sel,SOFTGATE,SOFTGATE__sel,TA4_E1grid,PICO_TA_c1,gate_n_fail_layers
cola-sst2,cola,sst2,0.941444,"{""lam"": 1.3}",0.941203,"{""k"": 30, ""lam"": 1.5}",0.943895,"{""p"": 0.5, ""lam"": 1.0, ""seed"": 0}",0.917684,"{""p"": 0.5, ""k"": 20, ""lam"": 1.5, ""seed"": 0}",0.943544,"{""kmode"": ""lora"", ""r"": 8, ""lam"": 1.3}",0.968095,"{""topK"": 100, ""lam"": 1.4, ""mask"": ""ties"", ""merging_type"": ""mean""}",0.956005,"{""c"": 1.6}",0.941444,"{""theta"": 30.0, ""beta"": 1.0, ""lam"": 1.3}",0.945719,"{""k"": 20, ""c"": 1.5}",0.951193,"{""theta"": 30.0, ""beta"": 0.25, ""lam"": 1.0}",0.951193,0.932301,0
cola-mrpc,cola,mrpc,0.937232,"{""lam"": 0.7}",0.937481,"{""k"": 20, ""lam"": 1.0}",0.948637,"{""p"": 0.5, ""lam"": 0.7, ""seed"": 0}",0.936412,"{""p"": 0.5, ""k"": 20, ""lam"": 0.7, ""seed"": 0}",0.945224,"{""kmode"": ""lora"", ""r"": 8, ""lam"": 0.7}",0.935751,"{""topK"": 100, ""lam"": 1.0, ""mask"": ""ties"", ""merging_type"": ""mean""}",0.946318,"{""c"": 1.1}",0.937232,"{""theta"": 30.0, ""beta"": 1.0, ""lam"": 0.7}",0.945167,"{""k"": 20, ""c"": 1.25}",0.937232,"{""theta"": 30.0, ""beta"": 0.25, ""lam"": 0.7}",0.937232,0.944363,0
cola-qqp,cola,qqp,0.933782,"{""lam"": 0.85}",0.932533,"{""k"": 10, ""lam"": 1.5}",0.938974,"{""p"": 0.5, ""lam"": 0.7, ""seed"": 0}",0.919112,"{""p"": 0.5, ""k"": 20, ""lam"": 1.0, ""seed"": 0}",0.936762,"{""kmode"": ""lora"", ""r"": 8, ""lam"": 0.7}",0.933662,"{""topK"": 20, ""lam"": 1.0, ""mask"": ""ties"", ""merging_type"": ""mean""}",0.944652,"{""c"": 1.25}",0.933782,"{""theta"": 30.0, ""beta"": 1.0, ""lam"": 0.85}",0.940646,"{""k"": 20, ""c"": 1.5}",0.936721,"{""theta"": 30.0, ""beta"": 0.25, ""lam"": 0.7}",0.936721,0.942572,0
cola-mnli,cola,mnli,0.929489,"{""lam"": 0.85}",0.910374,"{""k"": 30, ""lam"": 1.0}",0.914060,"{""p"": 0.5, ""lam"": 0.7, ""seed"": 0}",0.883743,"{""p"": 0.5, ""k"": 20, ""lam"": 0.7, ""seed"": 0}",0.920749,"{""kmode"": ""lora"", ""r"": 8, ""lam"": 1.0}",0.926802,"{""topK"": 20, ""lam"": 1.0, ""mask"": ""ties"", ""merging_type"": ""mean""}",0.933054,"{""c"": 1.4}",0.929489,"{""theta"": 30.0, ""beta"": 1.0, ""lam"": 0.85}",0.915927,"{""k"": 20, ""c"": 1.5}",0.921765,"{""theta"": 30.0, ""beta"": 0.25, ""lam"": 1.0}",0.921765,0.906392,0
cola-qnli,cola,qnli,0.961349,"{""lam"": 1.0}",0.938530,"{""k"": 20, ""lam"": 1.5}",0.953283,"{""p"": 0.5, ""lam"": 0.7, ""seed"": 0}",0.945386,"{""p"": 0.5, ""k"": 20, ""lam"": 1.0, ""seed"": 0}",0.966861,"{""kmode"": ""lora"", ""r"": 8, ""lam"": 1.0}",0.968778,"{""topK"": 20, ""lam"": 1.0, ""mask"": ""ties"", ""merging_type"": ""mean""}",0.973652,"{""c"": 1.4}",0.961349,"{""theta"": 30.0, ""beta"": 1.0, ""lam"": 1.0}",0.962999,"{""k"": 20, ""c"": 1.5}",0.961349,"{""theta"": 30.0, ""beta"": 0.25, ""lam"": 1.0}",0.961349,0.958227,0
cola-rte,cola,rte,0.948538,"{""lam"": 1.15}",0.946739,"{""k"": 10, ""lam"": 1.5}",0.959076,"{""p"": 0.5, ""lam"": 1.0, ""seed"": 0}",0.964303,"{""p"": 0.5, ""k"": 20, ""lam"": 1.0, ""seed"": 0}",0.965361,"{""kmode"": ""lora"", ""r"": 8, ""lam"": 1.0}",0.963647,"{""topK"": 100, ""lam"": 1.4, ""mask"": ""ties"", ""merging_type"": ""mean""}",0.960303,"{""c"": 1.6}",0.948538,"{""theta"": 30.0, ""beta"": 1.0, ""lam"": 1.15}",0.973294,"{""k"": 20, ""c"": 1.5}",0.959479,"{""theta"": 30.0, ""beta"": 0.25, ""lam"": 1.0}",0.959479,0.939563,0
sst2-mrpc,sst2,mrpc,0.961314,"{""lam"": 0.85}",0.958293,"{""k"": 20, ""lam"": 1.0}",0.961597,"{""p"": 0.5, ""lam"": 0.7, ""seed"": 0}",0.956815,"{""p"": 0.5, ""k"": 20, ""lam"": 1.0, ""seed"": 0}",0.963595,"{""kmode"": ""lora"", ""r"": 8, ""lam"": 1.0}",0.961940,"{""topK"": 100, ""lam"": 1.0, ""mask"": ""ties"", ""merging_type"": ""mean""}",0.969689,"{""c"": 1.1}",0.961314,"{""theta"": 30.0, ""beta"": 1.0, ""lam"": 0.85}",0.964736,"{""k"": 20, ""c"": 1.5}",0.956526,"{""theta"": 30.0, ""beta"": 0.25, ""lam"": 0.7}",0.956526,0.959375,0
sst2-qqp,sst2,qqp,0.978348,"{""lam"": 0.85}",0.972516,"{""k"": 30, ""lam"": 1.0}",0.964737,"{""p"": 0.5, ""lam"": 0.7, ""seed"": 0}",0.947393,"{""p"": 0.5, ""k"": 20, ""lam"": 1.0, ""seed"": 0}",0.975160,"{""kmode"": ""lora"", ""r"": 8, ""lam"": 1.0}",0.974896,"{""topK"": 20, ""lam"": 1.0, ""mask"": ""ties"", ""merging_type"": ""mean""}",0.977181,"{""c"": 1.25}",0.978348,"{""theta"": 30.0, ""beta"": 1.0, ""lam"": 0.85}",0.972243,"{""k"": 20, ""c"": 1.5}",0.971584,"{""theta"": 30.0, ""beta"": 0.25, ""lam"": 1.0}",0.971584,0.973361,0
sst2-mnli,sst2,mnli,0.974291,"{""lam"": 0.85}",0.961863,"{""k"": 30, ""lam"": 1.0}",0.955154,"{""p"": 0.5, ""lam"": 0.7, ""seed"": 0}",0.936477,"{""p"": 0.5, ""k"": 20, ""lam"": 0.7, ""seed"": 0}",0.972808,"{""kmode"": ""lora"", ""r"": 8, ""lam"": 0.7}",0.968395,"{""topK"": 100, ""lam"": 1.0, ""mask"": ""ties"", ""merging_type"": ""mean""}",0.973443,"{""c"": 1.4}",0.974291,"{""theta"": 30.0, ""beta"": 1.0, ""lam"": 0.85}",0.955668,"{""k"": 20, ""c"": 1.5}",0.974124,"{""theta"": 30.0, ""beta"": 0.25, ""lam"": 0.7}",0.974124,0.954950,0
sst2-qnli,sst2,qnli,0.987262,"{""lam"": 1.0}",0.986521,"{""k"": 30, ""lam"": 1.0}",0.974892,"{""p"": 0.5, ""lam"": 1.0, ""seed"": 0}",0.981899,"{""p"": 0.5, ""k"": 20, ""lam"": 1.0, ""seed"": 0}",0.985023,"{""kmode"": ""lora"", ""r"": 8, ""lam"": 1.0}",0.986521,"{""topK"": 20, ""lam"": 1.0, ""mask"": ""ties"", ""merging_type"": ""mean""}",0.982302,"{""c"": 1.6}",0.987262,"{""theta"": 30.0, ""beta"": 1.0, ""lam"": 1.0}",0.982389,"{""k"": 20, ""c"": 1.5}",0.987262,"{""theta"": 30.0, ""beta"": 0.25, ""lam"": 1.0}",0.987262,0.985500,0
sst2-rte,sst2,rte,0.987609,"{""lam"": 0.7}",0.954629,"{""k"": 20, ""lam"": 1.0}",0.976905,"{""p"": 0.5, ""lam"": 0.7, ""seed"": 0}",0.963888,"{""p"": 0.5, ""k"": 20, ""lam"": 0.7, ""seed"": 0}",0.979412,"{""kmode"": ""lora"", ""r"": 8, ""lam"": 1.0}",0.974591,"{""topK"": 20, ""lam"": 1.0, ""mask"": ""ties"", ""merging_type"": ""mean""}",0.984668,"{""c"": 1.1}",0.987609,"{""theta"": 30.0, ""beta"": 1.0, ""lam"": 0.7}",0.983606,"{""k"": 20, ""c"": 1.5}",0.987609,"{""theta"": 30.0, ""beta"": 0.25, ""lam"": 0.7}",0.987609,0.997059,0
mrpc-qqp,mrpc,qqp,0.925887,"{""lam"": 0.5}",0.823129,"{""k"": 10, ""lam"": 1.5}",0.922803,"{""p"": 0.5, ""lam"": 0.5, ""seed"": 0}",0.825784,"{""p"": 0.5, ""k"": 20, ""lam"": 0.7, ""seed"": 0}",0.915223,"{""kmode"": ""official"", ""r"": 8, ""lam"": 0.7}",0.851729,"{""topK"": 100, ""lam"": 1.0, ""mask"": ""ties"", ""merging_type"": ""mean""}",0.923453,"{""c"": 0.75}",0.925887,"{""theta"": 30.0, ""beta"": 1.0, ""lam"": 0.5}",0.903137,"{""k"": 20, ""c"": 1.0}",0.821261,"{""theta"": 30.0, ""beta"": 0.25, ""lam"": 0.7}",0.925887,0.873193,0
mrpc-mnli,mrpc,mnli,0.949718,"{""lam"": 0.7}",0.929035,"{""k"": 20, ""lam"": 1.0}",0.936969,"{""p"": 0.5, ""lam"": 0.7, ""seed"": 0}",0.926438,"{""p"": 0.5, ""k"": 20, ""lam"": 0.7, ""seed"": 0}",0.953388,"{""kmode"": ""lora"", ""r"": 8, ""lam"": 0.7}",0.945039,"{""topK"": 100, ""lam"": 1.0, ""mask"": ""ties"", ""merging_type"": ""mean""}",0.939917,"{""c"": 1.0}",0.949718,"{""theta"": 30.0, ""beta"": 1.0, ""lam"": 0.7}",0.929864,"{""k"": 20, ""c"": 1.25}",0.949718,"{""theta"": 30.0, ""beta"": 0.25, ""lam"": 0.7}",0.949718,0.939917,0
mrpc-qnli,mrpc,qnli,0.958166,"{""lam"": 0.85}",0.952018,"{""k"": 10, ""lam"": 1.5}",0.952468,"{""p"": 0.5, ""lam"": 0.7, ""seed"": 0}",0.943329,"{""p"": 0.5, ""k"": 20, ""lam"": 1.0, ""seed"": 0}",0.952421,"{""kmode"": ""lora"", ""r"": 8, ""lam"": 1.0}",0.956291,"{""topK"": 20, ""lam"": 1.0, ""mask"": ""ties"", ""merging_type"": ""mean""}",0.966034,"{""c"": 1.25}",0.958166,"{""theta"": 30.0, ""beta"": 1.0, ""lam"": 0.85}",0.963991,"{""k"": 20, ""c"": 1.5}",0.955606,"{""theta"": 30.0, ""beta"": 0.25, ""lam"": 0.7}",0.955606,0.952884,0
mrpc-rte,mrpc,rte,0.924359,"{""lam"": 0.7}",0.915167,"{""k"": 20, ""lam"": 1.0}",0.927300,"{""p"": 0.5, ""lam"": 0.7, ""seed"": 0}",0.936124,"{""p"": 0.9, ""k"": 20, ""lam"": 0.7, ""seed"": 0}",0.915720,"{""kmode"": ""lora"", ""r"": 8, ""lam"": 0.7}",0.909837,"{""topK"": 100, ""lam"": 1.0, ""mask"": ""ties"", ""merging_type"": ""mean""}",0.924082,"{""c"": 1.25}",0.924359,"{""theta"": 30.0, ""beta"": 1.0, ""lam"": 0.7}",0.925876,"{""k"": 20, ""c"": 1.25}",0.924359,"{""theta"": 30.0, ""beta"": 0.25, ""lam"": 0.7}",0.924359,0.926244,0
qqp-mnli,qqp,mnli,0.935976,"{""lam"": 0.7}",0.924804,"{""k"": 20, ""lam"": 1.0}",0.914566,"{""p"": 0.5, ""lam"": 0.7, ""seed"": 0}",0.907300,"{""p"": 0.5, ""k"": 20, ""lam"": 0.7, ""seed"": 0}",0.938864,"{""kmode"": ""lora"", ""r"": 8, ""lam"": 0.7}",0.928609,"{""topK"": 100, ""lam"": 1.0, ""mask"": ""ties"", ""merging_type"": ""mean""}",0.934739,"{""c"": 1.0}",0.935976,"{""theta"": 30.0, ""beta"": 1.0, ""lam"": 0.7}",0.923706,"{""k"": 20, ""c"": 1.25}",0.935976,"{""theta"": 30.0, ""beta"": 0.25, ""lam"": 0.7}",0.935976,0.934739,0
qqp-qnli,qqp,qnli,0.843251,"{""lam"": 0.5}",0.834104,"{""k"": 20, ""lam"": 1.0}",0.826524,"{""p"": 0.5, ""lam"": 0.5, ""seed"": 0}",0.810205,"{""p"": 0.5, ""k"": 20, ""lam"": 0.7, ""seed"": 0}",0.853678,"{""kmode"": ""lora"", ""r"": 8, ""lam"": 0.5}",0.830839,"{""topK"": 100, ""lam"": 1.0, ""mask"": ""ties"", ""merging_type"": ""mean""}",0.849912,"{""c"": 0.75}",0.843251,"{""theta"": 30.0, ""beta"": 1.0, ""lam"": 0.5}",0.854593,"{""k"": 20, ""c"": 1.0}",0.811291,"{""theta"": 30.0, ""beta"": 0.25, ""lam"": 0.7}",0.843251,0.820329,0
qqp-rte,qqp,rte,0.958847,"{""lam"": 0.7}",0.949568,"{""k"": 10, ""lam"": 1.5}",0.943844,"{""p"": 0.5, ""lam"": 0.5, ""seed"": 0}",0.914998,"{""p"": 0.5, ""k"": 20, ""lam"": 0.7, ""seed"": 0}",0.954620,"{""kmode"": ""lora"", ""r"": 8, ""lam"": 0.7}",0.948364,"{""topK"": 20, ""lam"": 1.0, ""mask"": ""ties"", ""merging_type"": ""mean""}",0.964578,"{""c"": 1.25}",0.958847,"{""theta"": 30.0, ""beta"": 1.0, ""lam"": 0.7}",0.939173,"{""k"": 20, ""c"": 1.5}",0.958847,"{""theta"": 30.0, ""beta"": 0.25, ""lam"": 0.7}",0.958847,0.958867,0
mnli-qnli,mnli,qnli,0.854605,"{""lam"": 0.5}",0.803905,"{""k"": 20, ""lam"": 1.0}",0.821062,"{""p"": 0.5, ""lam"": 0.5, ""seed"": 0}",0.790000,"{""p"": 0.5, ""k"": 20, ""lam"": 0.7, ""seed"": 0}",0.858532,"{""kmode"": ""official"", ""r"": 8, ""lam"": 0.7}",0.786611,"{""topK"": 20, ""lam"": 1.0, ""mask"": ""ties"", ""merging_type"": ""mean""}",0.860709,"{""c"": 0.9}",0.854605,"{""theta"": 30.0, ""beta"": 1.0, ""lam"": 0.5}",0.825958,"{""k"": 20, ""c"": 1.0}",0.834050,"{""theta"": 30.0, ""beta"": 0.25, ""lam"": 0.7}",0.854605,0.853717,0
mnli-rte,mnli,rte,1.047791,"{""lam"": 1.0}",0.984941,"{""k"": 10, ""lam"": 1.5}",1.022797,"{""p"": 0.5, ""lam"": 0.7, ""seed"": 0}",0.968922,"{""p"": 0.5, ""k"": 20, ""lam"": 1.0, ""seed"": 0}",1.047728,"{""kmode"": ""lora"", ""r"": 8, ""lam"": 1.0}",1.046970,"{""topK"": 20, ""lam"": 1.0, ""mask"": ""ties"", ""merging_type"": ""mean""}",1.038488,"{""c"": 1.6}",1.047791,"{""theta"": 30.0, ""beta"": 1.0, ""lam"": 1.0}",1.014782,"{""k"": 20, ""c"": 1.5}",1.047791,"{""theta"": 30.0, ""beta"": 0.25, ""lam"": 1.0}",1.047791,1.009922,0
qnli-rte,qnli,rte,0.956707,"{""lam"": 0.85}",0.941012,"{""k"": 20, ""lam"": 1.0}",0.967281,"{""p"": 0.5, ""lam"": 0.7, ""seed"": 0}",0.941955,"{""p"": 0.5, ""k"": 20, ""lam"": 0.7, ""seed"": 0}",0.979751,"{""kmode"": ""lora"", ""r"": 8, ""lam"": 0.7}",0.958136,"{""topK"": 100, ""lam"": 1.4, ""mask"": ""ties"", ""merging_type"": ""mean""}",0.971633,"{""c"": 1.25}",0.956707,"{""theta"": 30.0, ""beta"": 1.0, ""lam"": 0.85}",0.998644,"{""k"": 20, ""c"": 1.25}",0.941094,"{""theta"": 30.0, ""beta"": 0.25, ""lam"": 1.0}",0.941094,0.972073,0
