pair,t1,t2,t1_task,t2_task,TA,TA__sel,TA__bnd,PICO_TA,PICO_TA__sel,PICO_TA__bnd,GATE,GATE__sel,GATE__bnd,FORCEGATE,FORCEGATE__sel,FORCEGATE__bnd,TIES,TIES__sel,TIES__bnd,PICO_GATE,PICO_GATE__sel,PICO_GATE__bnd,TA4_E1bgrid,PICO_TA_c1,gate_n_fail_layers,secs
scitail@s0__yelp_polarity@s1,scitail@s0,yelp_polarity@s1,scitail,yelp_polarity,0.992540,"{""lam"": 0.7}",False,0.993249,"{""c"": 0.99}",False,0.992141,"{""theta"": 30.0, ""beta"": 1.0, ""lam"": 0.7}",False,0.994654,"{""force_k"": 1, ""beta"": 1.0, ""lam"": 0.7}",False,0.990578,"{""k"": 20, ""lam"": 1.25}",False,0.992449,"{""theta"": 30.0, ""c"": 0.99}",False,0.992540,0.993352,1,264.634821
trec@s0__yelp_polarity@s1,trec@s0,yelp_polarity@s1,trec,yelp_polarity,0.998045,"{""lam"": 1.0}",False,0.997226,"{""c"": 1.2}",False,0.997839,"{""theta"": 30.0, ""beta"": 1.0, ""lam"": 1.0}",False,0.995070,"{""force_k"": 1, ""beta"": 1.0, ""lam"": 1.15}",False,0.997020,"{""k"": 20, ""lam"": 1.25}",False,0.997329,"{""theta"": 30.0, ""c"": 1.2}",False,0.998045,0.997633,1,225.706074
mnli@s0__snli@s1,mnli@s0,snli@s1,mnli,snli,0.912669,"{""lam"": 1.0}",False,0.909087,"{""c"": 1.41}",False,0.912338,"{""theta"": 30.0, ""beta"": 1.0, ""lam"": 1.0}",False,0.918288,"{""force_k"": 1, ""beta"": 1.0, ""lam"": 1.0}",False,0.870262,"{""k"": 20, ""lam"": 1.5}",False,0.908644,"{""theta"": 30.0, ""c"": 1.41}",False,0.912669,0.888752,2,104.956747
mnli@s0__sst2@s1,mnli@s0,sst2@s1,mnli,sst2,0.966216,"{""lam"": 1.0}",False,0.955629,"{""c"": 1.63}",False,0.966216,"{""theta"": 30.0, ""beta"": 1.0, ""lam"": 1.0}",False,0.964153,"{""force_k"": 1, ""beta"": 1.0, ""lam"": 1.15}",False,0.965410,"{""k"": 20, ""lam"": 1.5}",False,0.955629,"{""theta"": 30.0, ""c"": 1.63}",False,0.966216,0.930590,0,68.484638
mrpc@s0__trec@s1,mrpc@s0,trec@s1,mrpc,trec,0.992857,"{""lam"": 0.85}",False,0.986933,"{""c"": 1.63}",False,0.995714,"{""theta"": 30.0, ""beta"": 1.0, ""lam"": 1.0}",False,0.993263,"{""force_k"": 1, ""beta"": 1.0, ""lam"": 1.15}",False,0.990000,"{""k"": 20, ""lam"": 1.25}",False,0.994286,"{""theta"": 30.0, ""c"": 1.2}",False,0.994286,0.989594,1,62.875562
sst2@s0__stsb@s1,sst2@s0,stsb@s1,sst2,stsb,0.980537,"{""lam"": 1.15}",False,0.973425,"{""c"": 1.84}",False,0.982646,"{""theta"": 30.0, ""beta"": 1.0, ""lam"": 1.0}",False,0.984420,"{""force_k"": 1, ""beta"": 1.0, ""lam"": 1.0}",False,0.979071,"{""k"": 20, ""lam"": 1.25}",False,0.972863,"{""theta"": 30.0, ""c"": 1.84}",False,0.982681,0.953757,1,52.717868
scitail@s0__snli@s1,scitail@s0,snli@s1,scitail,snli,0.941781,"{""lam"": 1.15}",False,0.955632,"{""c"": 1.63}",False,0.941781,"{""theta"": 30.0, ""beta"": 1.0, ""lam"": 1.15}",False,0.937471,"{""force_k"": 1, ""beta"": 1.0, ""lam"": 1.5}",True,0.916670,"{""k"": 20, ""lam"": 1.75}",False,0.955632,"{""theta"": 30.0, ""c"": 1.63}",False,0.942970,0.943280,0,73.646147
sst2@s0__yelp_polarity@s1,sst2@s0,yelp_polarity@s1,sst2,yelp_polarity,0.999990,"{""lam"": 1.0}",False,0.995894,"{""c"": 1.41}",False,1.000194,"{""theta"": 30.0, ""beta"": 1.0, ""lam"": 1.0}",False,1.000093,"{""force_k"": 1, ""beta"": 1.0, ""lam"": 1.0}",False,0.994139,"{""k"": 20, ""lam"": 1.5}",False,0.997021,"{""theta"": 30.0, ""c"": 1.41}",False,0.999990,0.981131,1,224.861990
cola@s0__imdb@s1,cola@s0,imdb@s1,cola,imdb,0.989283,"{""lam"": 0.7}",False,0.991888,"{""c"": 0.99}",False,0.989283,"{""theta"": 30.0, ""beta"": 1.0, ""lam"": 0.7}",False,0.991444,"{""force_k"": 1, ""beta"": 1.0, ""lam"": 0.7}",False,0.984795,"{""k"": 20, ""lam"": 1.0}",False,0.991888,"{""theta"": 30.0, ""c"": 0.99}",False,0.989283,0.993710,0,276.512307
ag_news@s0__imdb@s1,ag_news@s0,imdb@s1,ag_news,imdb,0.990982,"{""lam"": 0.85}",False,0.988330,"{""c"": 1.41}",False,0.991300,"{""theta"": 30.0, ""beta"": 1.0, ""lam"": 0.85}",False,0.993000,"{""force_k"": 1, ""beta"": 1.0, ""lam"": 0.85}",False,0.989070,"{""k"": 20, ""lam"": 1.0}",False,0.988649,"{""theta"": 30.0, ""c"": 1.41}",False,0.989498,0.987695,1,406.365619
qnli@s0__wic@s1,qnli@s0,wic@s1,qnli,wic,0.985052,"{""lam"": 0.7}",False,0.976503,"{""c"": 0.99}",False,0.985052,"{""theta"": 30.0, ""beta"": 1.0, ""lam"": 0.7}",False,0.976111,"{""force_k"": 1, ""beta"": 1.0, ""lam"": 0.7}",False,0.984725,"{""k"": 20, ""lam"": 1.0}",False,0.976503,"{""theta"": 30.0, ""c"": 0.99}",False,0.985052,0.979135,0,91.511814
mrpc@s0__snli@s1,mrpc@s0,snli@s1,mrpc,snli,0.942465,"{""lam"": 1.0}",False,0.950394,"{""c"": 1.41}",False,0.948279,"{""theta"": 30.0, ""beta"": 1.0, ""lam"": 1.3}",False,0.945547,"{""force_k"": 1, ""beta"": 1.0, ""lam"": 1.0}",False,0.879010,"{""k"": 20, ""lam"": 2.0}",False,0.952852,"{""theta"": 30.0, ""c"": 1.63}",False,0.942465,0.940007,1,78.757360
stsb@s0__wic@s1,stsb@s0,wic@s1,stsb,wic,0.949202,"{""lam"": 0.85}",False,0.951284,"{""c"": 1.2}",False,0.949082,"{""theta"": 30.0, ""beta"": 1.0, ""lam"": 0.85}",False,0.953379,"{""force_k"": 1, ""beta"": 1.0, ""lam"": 0.85}",False,0.949331,"{""k"": 20, ""lam"": 1.25}",False,0.952191,"{""theta"": 30.0, ""c"": 1.2}",False,0.945827,0.941945,1,51.734586
snli@s0__sst2@s1,snli@s0,sst2@s1,snli,sst2,0.981760,"{""lam"": 1.0}",False,0.973619,"{""c"": 1.63}",False,0.982097,"{""theta"": 30.0, ""beta"": 1.0, ""lam"": 0.85}",False,0.980695,"{""force_k"": 1, ""beta"": 1.0, ""lam"": 1.0}",False,0.979937,"{""k"": 20, ""lam"": 1.25}",False,0.979893,"{""theta"": 30.0, ""c"": 1.2}",False,0.981760,0.973124,1,55.346501
cola@s0__yelp_polarity@s1,cola@s0,yelp_polarity@s1,cola,yelp_polarity,0.996689,"{""lam"": 0.85}",False,0.997718,"{""c"": 1.2}",False,0.996689,"{""theta"": 30.0, ""beta"": 1.0, ""lam"": 0.85}",False,1.000683,"{""force_k"": 1, ""beta"": 1.0, ""lam"": 0.7}",False,0.993553,"{""k"": 20, ""lam"": 1.0}",False,0.997718,"{""theta"": 30.0, ""c"": 1.2}",False,1.000605,0.992737,0,202.018154
snli@s0__wic@s1,snli@s0,wic@s1,snli,wic,0.955974,"{""lam"": 0.7}",False,0.952695,"{""c"": 0.99}",False,0.955071,"{""theta"": 30.0, ""beta"": 1.0, ""lam"": 0.7}",False,0.953150,"{""force_k"": 1, ""beta"": 1.0, ""lam"": 0.7}",False,0.944167,"{""k"": 20, ""lam"": 1.0}",False,0.952011,"{""theta"": 30.0, ""c"": 0.99}",False,0.955974,0.950660,1,54.566337
ag_news@s0__yelp_polarity@s1,ag_news@s0,yelp_polarity@s1,ag_news,yelp_polarity,0.984046,"{""lam"": 0.7}",False,0.981246,"{""c"": 1.2}",False,0.983830,"{""theta"": 30.0, ""beta"": 1.0, ""lam"": 0.7}",False,0.987012,"{""force_k"": 1, ""beta"": 1.0, ""lam"": 0.7}",False,0.980950,"{""k"": 20, ""lam"": 1.0}",False,0.981355,"{""theta"": 30.0, ""c"": 1.2}",False,0.984046,0.982147,1,294.996537
scitail@s0__trec@s1,scitail@s0,trec@s1,scitail,trec,0.999647,"{""lam"": 0.85}",False,0.998624,"{""c"": 1.41}",False,0.999647,"{""theta"": 30.0, ""beta"": 1.0, ""lam"": 0.85}",False,0.999647,"{""force_k"": 1, ""beta"": 1.0, ""lam"": 0.85}",False,0.997555,"{""k"": 20, ""lam"": 1.0}",False,0.998624,"{""theta"": 30.0, ""c"": 1.41}",False,0.995780,0.997202,0,51.077320
ag_news@s0__snli@s1,ag_news@s0,snli@s1,ag_news,snli,0.961160,"{""lam"": 0.85}",False,0.957013,"{""c"": 1.2}",False,0.961160,"{""theta"": 30.0, ""beta"": 1.0, ""lam"": 0.85}",False,0.965424,"{""force_k"": 1, ""beta"": 1.0, ""lam"": 1.0}",False,0.957796,"{""k"": 20, ""lam"": 1.25}",False,0.957013,"{""theta"": 30.0, ""c"": 1.2}",False,0.957275,0.954037,0,110.203310
ag_news@s0__wic@s1,ag_news@s0,wic@s1,ag_news,wic,0.984861,"{""lam"": 0.85}",False,0.977894,"{""c"": 1.41}",False,0.988149,"{""theta"": 30.0, ""beta"": 1.0, ""lam"": 0.85}",False,0.990056,"{""force_k"": 1, ""beta"": 1.0, ""lam"": 1.0}",False,0.985425,"{""k"": 20, ""lam"": 1.25}",False,0.981182,"{""theta"": 30.0, ""c"": 1.41}",False,0.983056,0.979487,1,107.628839
imdb@s0__mrpc@s1,imdb@s0,mrpc@s1,imdb,mrpc,0.987769,"{""lam"": 0.85}",False,0.988223,"{""c"": 1.2}",False,0.987558,"{""theta"": 30.0, ""beta"": 1.0, ""lam"": 0.85}",False,0.989596,"{""force_k"": 1, ""beta"": 1.0, ""lam"": 0.85}",False,0.983300,"{""k"": 20, ""lam"": 1.25}",False,0.988117,"{""theta"": 30.0, ""c"": 1.2}",False,0.994505,0.994219,1,362.745513
imdb@s0__trec@s1,imdb@s0,trec@s1,imdb,trec,0.996336,"{""lam"": 1.0}",False,0.997041,"{""c"": 1.41}",False,0.996336,"{""theta"": 30.0, ""beta"": 1.0, ""lam"": 1.0}",False,0.996547,"{""force_k"": 1, ""beta"": 1.0, ""lam"": 1.0}",False,0.994679,"{""k"": 20, ""lam"": 1.5}",False,0.996230,"{""theta"": 30.0, ""c"": 1.63}",False,0.996336,0.993943,1,311.355538
qnli@s0__sst2@s1,qnli@s0,sst2@s1,qnli,sst2,0.987270,"{""lam"": 0.85}",False,0.987228,"{""c"": 1.63}",False,0.988664,"{""theta"": 30.0, ""beta"": 1.0, ""lam"": 1.0}",False,0.986446,"{""force_k"": 1, ""beta"": 1.0, ""lam"": 1.15}",False,0.981810,"{""k"": 20, ""lam"": 1.5}",False,0.987599,"{""theta"": 30.0, ""c"": 1.63}",False,0.989643,0.968226,1,98.672001
qnli@s0__trec@s1,qnli@s0,trec@s1,qnli,trec,0.988858,"{""lam"": 1.0}",False,0.986790,"{""c"": 1.63}",False,0.988423,"{""theta"": 30.0, ""beta"": 1.0, ""lam"": 1.0}",False,0.988749,"{""force_k"": 1, ""beta"": 1.0, ""lam"": 1.0}",False,0.984593,"{""k"": 20, ""lam"": 1.25}",False,0.986573,"{""theta"": 30.0, ""c"": 1.63}",False,0.988858,0.973254,1,91.906046
cola@s0__mrpc@s1,cola@s0,mrpc@s1,cola,mrpc,0.959645,"{""lam"": 0.7}",False,0.976342,"{""c"": 0.99}",False,0.963265,"{""theta"": 30.0, ""beta"": 1.0, ""lam"": 0.7}",False,0.959645,"{""force_k"": 1, ""beta"": 1.0, ""lam"": 0.7}",False,0.934705,"{""k"": 20, ""lam"": 0.7}",True,0.975374,"{""theta"": 30.0, ""c"": 0.99}",False,0.959645,0.975749,1,53.623509
mnli@s0__scitail@s1,mnli@s0,scitail@s1,mnli,scitail,0.972090,"{""lam"": 0.85}",False,0.973057,"{""c"": 1.2}",False,0.970825,"{""theta"": 30.0, ""beta"": 1.0, ""lam"": 0.85}",False,0.974942,"{""force_k"": 1, ""beta"": 1.0, ""lam"": 0.85}",False,0.971066,"{""k"": 20, ""lam"": 1.0}",False,0.973572,"{""theta"": 30.0, ""c"": 1.2}",False,0.973000,0.967988,2,112.574879
qnli@s0__rte@s1,qnli@s0,rte@s1,qnli,rte,0.971372,"{""lam"": 1.0}",False,0.972106,"{""c"": 1.63}",False,0.971630,"{""theta"": 30.0, ""beta"": 1.0, ""lam"": 1.15}",False,0.974608,"{""force_k"": 1, ""beta"": 1.0, ""lam"": 1.15}",False,0.964980,"{""k"": 20, ""lam"": 1.5}",False,0.973194,"{""theta"": 30.0, ""c"": 1.41}",False,0.971372,0.971615,1,146.452549
cola@s0__trec@s1,cola@s0,trec@s1,cola,trec,1.002107,"{""lam"": 0.7}",False,1.005931,"{""c"": 1.2}",False,1.002107,"{""theta"": 30.0, ""beta"": 1.0, ""lam"": 0.7}",False,1.001677,"{""force_k"": 1, ""beta"": 1.0, ""lam"": 0.7}",False,0.990961,"{""k"": 20, ""lam"": 0.7}",True,1.005931,"{""theta"": 30.0, ""c"": 1.2}",False,1.002107,1.002107,1,22.865782
snli@s0__trec@s1,snli@s0,trec@s1,snli,trec,0.994882,"{""lam"": 0.85}",False,0.995443,"{""c"": 0.99}",False,0.994768,"{""theta"": 30.0, ""beta"": 1.0, ""lam"": 0.85}",False,0.996243,"{""force_k"": 1, ""beta"": 1.0, ""lam"": 0.7}",False,0.985782,"{""k"": 20, ""lam"": 1.0}",False,0.995329,"{""theta"": 30.0, ""c"": 0.99}",False,0.995449,0.996013,1,49.411389
cola@s0__sst2@s1,cola@s0,sst2@s1,cola,sst2,0.996812,"{""lam"": 0.7}",False,1.002182,"{""c"": 1.2}",False,0.998014,"{""theta"": 30.0, ""beta"": 1.0, ""lam"": 0.7}",False,0.993799,"{""force_k"": 1, ""beta"": 1.0, ""lam"": 0.85}",False,0.996139,"{""k"": 20, ""lam"": 1.0}",False,1.000418,"{""theta"": 30.0, ""c"": 1.2}",False,0.996812,0.994487,1,25.821522
stsb@s0__yelp_polarity@s1,stsb@s0,yelp_polarity@s1,stsb,yelp_polarity,0.969063,"{""lam"": 0.85}",False,0.972325,"{""c"": 1.41}",False,0.969345,"{""theta"": 30.0, ""beta"": 1.0, ""lam"": 0.85}",False,0.967949,"{""force_k"": 1, ""beta"": 1.0, ""lam"": 0.85}",False,0.955832,"{""k"": 20, ""lam"": 1.25}",False,0.971921,"{""theta"": 30.0, ""c"": 1.41}",False,0.966859,0.960835,1,249.340765
mnli@s0__wic@s1,mnli@s0,wic@s1,mnli,wic,0.967241,"{""lam"": 0.7}",False,0.965190,"{""c"": 0.99}",False,0.967241,"{""theta"": 30.0, ""beta"": 1.0, ""lam"": 0.7}",False,0.973510,"{""force_k"": 1, ""beta"": 1.0, ""lam"": 0.7}",False,0.962716,"{""k"": 20, ""lam"": 1.0}",False,0.965190,"{""theta"": 30.0, ""c"": 0.99}",False,0.967241,0.967217,0,67.072511
mrpc@s0__qnli@s1,mrpc@s0,qnli@s1,mrpc,qnli,0.895231,"{""lam"": 0.85}",False,0.906551,"{""c"": 1.2}",False,0.895231,"{""theta"": 30.0, ""beta"": 1.0, ""lam"": 0.85}",False,0.913674,"{""force_k"": 1, ""beta"": 1.0, ""lam"": 0.85}",False,0.892935,"{""k"": 20, ""lam"": 1.25}",False,0.906551,"{""theta"": 30.0, ""c"": 1.2}",False,0.893930,0.904147,0,112.207155
cola@s0__wic@s1,cola@s0,wic@s1,cola,wic,0.974630,"{""lam"": 0.7}",False,0.974575,"{""c"": 0.99}",False,0.970643,"{""theta"": 30.0, ""beta"": 1.0, ""lam"": 0.7}",False,0.971885,"{""force_k"": 1, ""beta"": 1.0, ""lam"": 0.7}",False,0.963361,"{""k"": 20, ""lam"": 0.7}",True,0.973499,"{""theta"": 30.0, ""c"": 0.99}",False,0.974630,0.974630,1,29.343241
cola@s0__snli@s1,cola@s0,snli@s1,cola,snli,0.948157,"{""lam"": 1.0}",False,0.958936,"{""c"": 1.41}",False,0.946409,"{""theta"": 30.0, ""beta"": 1.0, ""lam"": 1.0}",False,0.954617,"{""force_k"": 1, ""beta"": 1.0, ""lam"": 0.85}",False,0.909194,"{""k"": 20, ""lam"": 1.25}",False,0.958824,"{""theta"": 30.0, ""c"": 1.41}",False,0.948157,0.949751,1,46.714767
snli@s0__yelp_polarity@s1,snli@s0,yelp_polarity@s1,snli,yelp_polarity,0.982232,"{""lam"": 1.0}",False,0.984889,"{""c"": 1.41}",False,0.982790,"{""theta"": 30.0, ""beta"": 1.0, ""lam"": 1.0}",False,0.987189,"{""force_k"": 1, ""beta"": 1.0, ""lam"": 1.0}",False,0.971578,"{""k"": 20, ""lam"": 1.5}",False,0.984341,"{""theta"": 30.0, ""c"": 1.41}",False,0.982232,0.970994,1,245.394267
snli@s0__stsb@s1,snli@s0,stsb@s1,snli,stsb,0.843030,"{""lam"": 1.5}",True,0.835962,"{""c"": 2.12}",True,0.843030,"{""theta"": 30.0, ""beta"": 1.0, ""lam"": 1.5}",True,0.840350,"{""force_k"": 1, ""beta"": 1.0, ""lam"": 1.5}",True,0.822308,"{""k"": 20, ""lam"": 1.5}",False,0.835962,"{""theta"": 30.0, ""c"": 2.12}",True,0.824053,0.822770,0,58.013846
rte@s0__scitail@s1,rte@s0,scitail@s1,rte,scitail,0.986145,"{""lam"": 0.85}",False,0.978638,"{""c"": 1.41}",False,0.986541,"{""theta"": 30.0, ""beta"": 1.0, ""lam"": 0.85}",False,0.973150,"{""force_k"": 1, ""beta"": 1.0, ""lam"": 1.0}",False,0.962173,"{""k"": 20, ""lam"": 1.5}",False,0.974340,"{""theta"": 30.0, ""c"": 1.41}",False,0.967662,0.991270,2,114.606328
cola@s0__stsb@s1,cola@s0,stsb@s1,cola,stsb,0.979393,"{""lam"": 1.0}",False,0.987311,"{""c"": 1.41}",False,0.980904,"{""theta"": 30.0, ""beta"": 1.0, ""lam"": 1.0}",False,0.981339,"{""force_k"": 1, ""beta"": 1.0, ""lam"": 1.0}",False,0.979700,"{""k"": 20, ""lam"": 1.0}",False,0.988940,"{""theta"": 30.0, ""c"": 1.41}",False,0.979393,0.977319,2,39.815409
mnli@s0__mrpc@s1,mnli@s0,mrpc@s1,mnli,mrpc,0.903848,"{""lam"": 0.7}",False,0.916096,"{""c"": 0.99}",False,0.903848,"{""theta"": 30.0, ""beta"": 1.0, ""lam"": 0.7}",False,0.903386,"{""force_k"": 1, ""beta"": 1.0, ""lam"": 0.7}",False,0.867576,"{""k"": 20, ""lam"": 1.0}",False,0.916096,"{""theta"": 30.0, ""c"": 0.99}",False,0.903848,0.917392,0,87.328781
rte@s0__snli@s1,rte@s0,snli@s1,rte,snli,0.850474,"{""lam"": 1.15}",False,0.909436,"{""c"": 1.41}",False,0.850811,"{""theta"": 30.0, ""beta"": 1.0, ""lam"": 1.15}",False,0.901752,"{""force_k"": 1, ""beta"": 1.0, ""lam"": 1.0}",False,0.794375,"{""k"": 20, ""lam"": 1.0}",False,0.899994,"{""theta"": 30.0, ""c"": 1.63}",False,0.847281,0.866909,1,101.473395
ag_news@s0__trec@s1,ag_news@s0,trec@s1,ag_news,trec,0.994876,"{""lam"": 1.0}",False,0.997346,"{""c"": 1.2}",False,0.995898,"{""theta"": 30.0, ""beta"": 1.0, ""lam"": 0.85}",False,0.995580,"{""force_k"": 1, ""beta"": 1.0, ""lam"": 1.0}",False,0.993562,"{""k"": 20, ""lam"": 1.25}",False,0.997027,"{""theta"": 30.0, ""c"": 1.2}",False,0.994876,0.996948,1,96.858582
ag_news@s0__qnli@s1,ag_news@s0,qnli@s1,ag_news,qnli,0.894352,"{""lam"": 0.5}",False,0.897515,"{""c"": 0.71}",False,0.894571,"{""theta"": 30.0, ""beta"": 1.0, ""lam"": 0.5}",False,0.916065,"{""force_k"": 1, ""beta"": 1.0, ""lam"": 0.5}",False,0.879307,"{""k"": 20, ""lam"": 0.7}",True,0.896763,"{""theta"": 30.0, ""c"": 0.71}",False,0.894352,0.832135,1,164.837504
mnli@s0__qnli@s1,mnli@s0,qnli@s1,mnli,qnli,0.934445,"{""lam"": 1.15}",False,0.931351,"{""c"": 1.41}",False,0.934445,"{""theta"": 30.0, ""beta"": 1.0, ""lam"": 1.15}",False,0.946521,"{""force_k"": 1, ""beta"": 1.0, ""lam"": 1.15}",False,0.926497,"{""k"": 20, ""lam"": 1.5}",False,0.931351,"{""theta"": 30.0, ""c"": 1.41}",False,0.935514,0.889830,0,126.515325
imdb@s0__sst2@s1,imdb@s0,sst2@s1,imdb,sst2,0.998682,"{""lam"": 0.85}",False,0.998259,"{""c"": 1.2}",False,0.998682,"{""theta"": 30.0, ""beta"": 1.0, ""lam"": 0.85}",False,0.996986,"{""force_k"": 1, ""beta"": 1.0, ""lam"": 0.85}",False,0.992659,"{""k"": 20, ""lam"": 1.25}",False,0.998259,"{""theta"": 30.0, ""c"": 1.2}",False,0.995618,0.993847,0,287.213431
cola@s0__mnli@s1,cola@s0,mnli@s1,cola,mnli,0.958965,"{""lam"": 1.0}",False,0.967148,"{""c"": 1.41}",False,0.959914,"{""theta"": 30.0, ""beta"": 1.0, ""lam"": 1.0}",False,0.958847,"{""force_k"": 1, ""beta"": 1.0, ""lam"": 1.0}",False,0.931214,"{""k"": 20, ""lam"": 1.5}",False,0.964301,"{""theta"": 30.0, ""c"": 1.41}",False,0.958965,0.934884,1,73.457110
sst2@s0__wic@s1,sst2@s0,wic@s1,sst2,wic,0.998155,"{""lam"": 0.85}",False,0.995794,"{""c"": 1.41}",False,0.998155,"{""theta"": 30.0, ""beta"": 1.0, ""lam"": 0.85}",False,0.994048,"{""force_k"": 1, ""beta"": 1.0, ""lam"": 1.0}",False,0.985316,"{""k"": 20, ""lam"": 1.0}",False,0.995794,"{""theta"": 30.0, ""c"": 1.41}",False,0.985931,0.979265,0,28.957546
scitail@s0__sst2@s1,scitail@s0,sst2@s1,scitail,sst2,0.983804,"{""lam"": 0.85}",False,0.982034,"{""c"": 1.41}",False,0.983804,"{""theta"": 30.0, ""beta"": 1.0, ""lam"": 0.85}",False,0.981406,"{""force_k"": 1, ""beta"": 1.0, ""lam"": 1.0}",False,0.979388,"{""k"": 20, ""lam"": 1.25}",False,0.982034,"{""theta"": 30.0, ""c"": 1.41}",False,0.980607,0.984223,0,53.660784
qnli@s0__snli@s1,qnli@s0,snli@s1,qnli,snli,0.979030,"{""lam"": 1.0}",False,0.976794,"{""c"": 1.41}",False,0.978694,"{""theta"": 30.0, ""beta"": 1.0, ""lam"": 1.0}",False,0.982101,"{""force_k"": 1, ""beta"": 1.0, ""lam"": 1.0}",False,0.971776,"{""k"": 20, ""lam"": 1.5}",False,0.977341,"{""theta"": 30.0, ""c"": 1.41}",False,0.979030,0.945980,1,115.792711
mrpc@s0__scitail@s1,mrpc@s0,scitail@s1,mrpc,scitail,0.965238,"{""lam"": 0.85}",False,0.961190,"{""c"": 1.41}",False,0.963810,"{""theta"": 30.0, ""beta"": 1.0, ""lam"": 0.85}",False,0.968095,"{""force_k"": 1, ""beta"": 1.0, ""lam"": 0.85}",False,0.899841,"{""k"": 20, ""lam"": 1.0}",False,0.961032,"{""theta"": 30.0, ""c"": 1.41}",False,0.957778,0.964841,1,90.715618
mnli@s0__yelp_polarity@s1,mnli@s0,yelp_polarity@s1,mnli,yelp_polarity,0.940338,"{""lam"": 1.15}",False,0.934027,"{""c"": 1.63}",False,0.941236,"{""theta"": 30.0, ""beta"": 1.0, ""lam"": 1.15}",False,0.957634,"{""force_k"": 1, ""beta"": 1.0, ""lam"": 1.0}",False,0.933415,"{""k"": 20, ""lam"": 1.25}",False,0.936925,"{""theta"": 30.0, ""c"": 1.41}",False,0.944354,0.904336,1,281.759059
ag_news@s0__mrpc@s1,ag_news@s0,mrpc@s1,ag_news,mrpc,0.986983,"{""lam"": 0.7}",False,0.982451,"{""c"": 1.41}",False,0.986771,"{""theta"": 30.0, ""beta"": 1.0, ""lam"": 0.7}",False,0.985897,"{""force_k"": 1, ""beta"": 1.0, ""lam"": 0.85}",False,0.977789,"{""k"": 20, ""lam"": 1.25}",False,0.982026,"{""theta"": 30.0, ""c"": 1.41}",False,0.986983,0.988093,1,127.571227
mrpc@s0__stsb@s1,mrpc@s0,stsb@s1,mrpc,stsb,0.890560,"{""lam"": 0.7}",False,0.888592,"{""c"": 0.99}",False,0.890447,"{""theta"": 30.0, ""beta"": 1.0, ""lam"": 0.7}",False,0.891554,"{""force_k"": 1, ""beta"": 1.0, ""lam"": 0.7}",False,0.889964,"{""k"": 20, ""lam"": 1.0}",False,0.888676,"{""theta"": 30.0, ""c"": 0.99}",False,0.890560,0.888870,1,71.465333
scitail@s0__stsb@s1,scitail@s0,stsb@s1,scitail,stsb,0.957711,"{""lam"": 0.85}",False,0.949210,"{""c"": 1.2}",False,0.957785,"{""theta"": 30.0, ""beta"": 1.0, ""lam"": 0.85}",False,0.967137,"{""force_k"": 1, ""beta"": 1.0, ""lam"": 0.7}",False,0.950646,"{""k"": 20, ""lam"": 1.25}",False,0.949380,"{""theta"": 30.0, ""c"": 1.2}",False,0.951820,0.942793,1,77.322658
rte@s0__stsb@s1,rte@s0,stsb@s1,rte,stsb,0.797191,"{""lam"": 0.7}",False,0.829960,"{""c"": 2.12}",True,0.797129,"{""theta"": 30.0, ""beta"": 1.0, ""lam"": 0.7}",False,0.805151,"{""force_k"": 1, ""beta"": 1.0, ""lam"": 0.85}",False,0.798891,"{""k"": 20, ""lam"": 1.0}",False,0.832612,"{""theta"": 30.0, ""c"": 2.12}",True,0.797191,0.799005,2,92.444184
imdb@s0__snli@s1,imdb@s0,snli@s1,imdb,snli,0.968418,"{""lam"": 1.15}",False,0.971568,"{""c"": 1.63}",False,0.968854,"{""theta"": 30.0, ""beta"": 1.0, ""lam"": 1.15}",False,0.974771,"{""force_k"": 1, ""beta"": 1.0, ""lam"": 1.15}",False,0.945753,"{""k"": 20, ""lam"": 1.5}",False,0.971476,"{""theta"": 30.0, ""c"": 1.63}",False,0.969594,0.943831,1,351.549638
wic@s0__yelp_polarity@s1,wic@s0,yelp_polarity@s1,wic,yelp_polarity,0.966788,"{""lam"": 1.0}",False,0.978035,"{""c"": 1.41}",False,0.971169,"{""theta"": 30.0, ""beta"": 1.0, ""lam"": 1.0}",False,0.975977,"{""force_k"": 1, ""beta"": 1.0, ""lam"": 1.0}",False,0.963216,"{""k"": 20, ""lam"": 1.5}",False,0.974492,"{""theta"": 30.0, ""c"": 1.41}",False,0.966788,0.959363,1,230.669580
mrpc@s0__rte@s1,mrpc@s0,rte@s1,mrpc,rte,0.976213,"{""lam"": 0.85}",False,0.965316,"{""c"": 1.41}",False,0.976213,"{""theta"": 30.0, ""beta"": 1.0, ""lam"": 0.85}",False,0.981761,"{""force_k"": 1, ""beta"": 1.0, ""lam"": 0.7}",False,0.951894,"{""k"": 20, ""lam"": 1.25}",False,0.965316,"{""theta"": 30.0, ""c"": 1.41}",False,0.990532,0.988571,0,90.220821
imdb@s0__rte@s1,imdb@s0,rte@s1,imdb,rte,0.936789,"{""lam"": 0.7}",False,0.946619,"{""c"": 1.2}",False,0.934463,"{""theta"": 30.0, ""beta"": 1.0, ""lam"": 0.7}",False,0.941651,"{""force_k"": 1, ""beta"": 1.0, ""lam"": 0.7}",False,0.928966,"{""k"": 20, ""lam"": 1.25}",False,0.946619,"{""theta"": 30.0, ""c"": 1.2}",False,0.936789,0.949051,1,362.872567
ag_news@s0__stsb@s1,ag_news@s0,stsb@s1,ag_news,stsb,0.811091,"{""lam"": 0.3}",True,0.830226,"{""c"": 0.71}",False,0.811024,"{""theta"": 30.0, ""beta"": 1.0, ""lam"": 0.3}",True,0.861600,"{""force_k"": 1, ""beta"": 1.0, ""lam"": 0.5}",False,0.832497,"{""k"": 20, ""lam"": 0.7}",True,0.795496,"{""theta"": 30.0, ""c"": 0.42}",True,0.811091,0.755959,1,113.773987
ag_news@s0__scitail@s1,ag_news@s0,scitail@s1,ag_news,scitail,0.977818,"{""lam"": 0.7}",False,0.973627,"{""c"": 0.99}",False,0.977315,"{""theta"": 30.0, ""beta"": 1.0, ""lam"": 0.7}",False,0.979092,"{""force_k"": 1, ""beta"": 1.0, ""lam"": 0.7}",False,0.976153,"{""k"": 20, ""lam"": 1.0}",False,0.974130,"{""theta"": 30.0, ""c"": 0.99}",False,0.977818,0.973627,1,131.978562
mrpc@s0__sst2@s1,mrpc@s0,sst2@s1,mrpc,sst2,0.963699,"{""lam"": 1.15}",False,0.968196,"{""c"": 1.63}",False,0.963699,"{""theta"": 30.0, ""beta"": 1.0, ""lam"": 1.15}",False,0.967165,"{""force_k"": 1, ""beta"": 1.0, ""lam"": 1.0}",False,0.942692,"{""k"": 20, ""lam"": 1.25}",False,0.968196,"{""theta"": 30.0, ""c"": 1.63}",False,0.973090,0.975316,0,49.316442
imdb@s0__scitail@s1,imdb@s0,scitail@s1,imdb,scitail,0.976226,"{""lam"": 1.15}",False,0.977125,"{""c"": 1.41}",False,0.978898,"{""theta"": 30.0, ""beta"": 1.0, ""lam"": 1.0}",False,0.981225,"{""force_k"": 1, ""beta"": 1.0, ""lam"": 1.0}",False,0.968461,"{""k"": 20, ""lam"": 1.5}",False,0.977653,"{""theta"": 30.0, ""c"": 1.41}",False,0.979083,0.967226,1,361.764589
mnli@s0__stsb@s1,mnli@s0,stsb@s1,mnli,stsb,0.898729,"{""lam"": 1.0}",False,0.856875,"{""c"": 1.84}",False,0.898729,"{""theta"": 30.0, ""beta"": 1.0, ""lam"": 1.0}",False,0.901876,"{""force_k"": 1, ""beta"": 1.0, ""lam"": 1.0}",False,0.907118,"{""k"": 20, ""lam"": 1.25}",False,0.856875,"{""theta"": 30.0, ""c"": 1.84}",False,0.898729,0.818935,0,76.059926
mrpc@s0__yelp_polarity@s1,mrpc@s0,yelp_polarity@s1,mrpc,yelp_polarity,0.968045,"{""lam"": 0.85}",False,0.966616,"{""c"": 0.99}",False,0.966616,"{""theta"": 30.0, ""beta"": 1.0, ""lam"": 0.85}",False,0.980902,"{""force_k"": 1, ""beta"": 1.0, ""lam"": 0.7}",False,0.901816,"{""k"": 20, ""lam"": 1.0}",False,0.966410,"{""theta"": 30.0, ""c"": 0.99}",False,0.960593,0.969782,1,262.865125
ag_news@s0__mnli@s1,ag_news@s0,mnli@s1,ag_news,mnli,0.821104,"{""lam"": 0.7}",False,0.826405,"{""c"": 0.99}",False,0.821247,"{""theta"": 30.0, ""beta"": 1.0, ""lam"": 0.7}",False,0.841216,"{""force_k"": 1, ""beta"": 1.0, ""lam"": 0.7}",False,0.829279,"{""k"": 20, ""lam"": 0.7}",True,0.826380,"{""theta"": 30.0, ""c"": 0.99}",False,0.821104,0.825561,1,144.332741
qnli@s0__stsb@s1,qnli@s0,stsb@s1,qnli,stsb,0.956253,"{""lam"": 1.15}",False,0.941513,"{""c"": 1.63}",False,0.956239,"{""theta"": 30.0, ""beta"": 1.0, ""lam"": 1.15}",False,0.956992,"{""force_k"": 1, ""beta"": 1.0, ""lam"": 1.0}",False,0.942035,"{""k"": 20, ""lam"": 1.5}",False,0.941315,"{""theta"": 30.0, ""c"": 1.63}",False,0.953272,0.879901,1,112.974326
qnli@s0__yelp_polarity@s1,qnli@s0,yelp_polarity@s1,qnli,yelp_polarity,0.985153,"{""lam"": 1.15}",False,0.980644,"{""c"": 1.63}",False,0.985267,"{""theta"": 30.0, ""beta"": 1.0, ""lam"": 1.15}",False,0.987844,"{""force_k"": 1, ""beta"": 1.0, ""lam"": 1.15}",False,0.971889,"{""k"": 20, ""lam"": 1.75}",False,0.980559,"{""theta"": 30.0, ""c"": 1.63}",False,0.983741,0.943705,1,303.324115
cola@s0__qnli@s1,cola@s0,qnli@s1,cola,qnli,0.982754,"{""lam"": 0.7}",False,0.985674,"{""c"": 0.99}",False,0.982754,"{""theta"": 30.0, ""beta"": 1.0, ""lam"": 0.7}",False,0.982320,"{""force_k"": 1, ""beta"": 1.0, ""lam"": 0.7}",False,0.983910,"{""k"": 20, ""lam"": 1.0}",False,0.985674,"{""theta"": 30.0, ""c"": 0.99}",False,0.982754,0.984488,0,78.686547
mnli@s0__rte@s1,mnli@s0,rte@s1,mnli,rte,0.956451,"{""lam"": 1.0}",False,0.950300,"{""c"": 1.41}",False,0.957952,"{""theta"": 30.0, ""beta"": 1.0, ""lam"": 1.0}",False,0.950795,"{""force_k"": 1, ""beta"": 1.0, ""lam"": 1.15}",False,0.835851,"{""k"": 20, ""lam"": 1.25}",False,0.953214,"{""theta"": 30.0, ""c"": 1.41}",False,0.956451,0.942262,1,122.979341
imdb@s0__yelp_polarity@s1,imdb@s0,yelp_polarity@s1,imdb,yelp_polarity,0.987815,"{""lam"": 0.7}",False,0.986856,"{""c"": 0.99}",False,0.987192,"{""theta"": 30.0, ""beta"": 1.0, ""lam"": 0.7}",False,0.990635,"{""force_k"": 1, ""beta"": 1.0, ""lam"": 0.7}",False,0.975799,"{""k"": 20, ""lam"": 1.5}",False,0.987061,"{""theta"": 30.0, ""c"": 0.99}",False,0.987815,0.986858,1,508.722177
ag_news@s0__cola@s1,ag_news@s0,cola@s1,ag_news,cola,0.994944,"{""lam"": 0.7}",False,0.991718,"{""c"": 0.99}",False,0.993781,"{""theta"": 30.0, ""beta"": 1.0, ""lam"": 0.7}",False,0.991137,"{""force_k"": 1, ""beta"": 1.0, ""lam"": 0.85}",False,0.994726,"{""k"": 20, ""lam"": 1.0}",False,0.986212,"{""theta"": 30.0, ""c"": 1.41}",False,0.994944,0.994044,1,99.645042
qnli@s0__scitail@s1,qnli@s0,scitail@s1,qnli,scitail,0.955009,"{""lam"": 1.0}",False,0.950989,"{""c"": 1.63}",False,0.955009,"{""theta"": 30.0, ""beta"": 1.0, ""lam"": 1.0}",False,0.958465,"{""force_k"": 1, ""beta"": 1.0, ""lam"": 1.15}",False,0.954337,"{""k"": 20, ""lam"": 1.75}",False,0.950989,"{""theta"": 30.0, ""c"": 1.63}",False,0.955009,0.913064,0,109.150947
mnli@s0__trec@s1,mnli@s0,trec@s1,mnli,trec,0.939646,"{""lam"": 0.85}",False,0.962775,"{""c"": 1.2}",False,0.937718,"{""theta"": 30.0, ""beta"": 1.0, ""lam"": 0.85}",False,0.928728,"{""force_k"": 1, ""beta"": 1.0, ""lam"": 0.7}",False,0.834450,"{""k"": 20, ""lam"": 1.0}",False,0.963915,"{""theta"": 30.0, ""c"": 1.2}",False,0.935885,0.941096,1,74.023236
imdb@s0__mnli@s1,imdb@s0,mnli@s1,imdb,mnli,0.942887,"{""lam"": 1.0}",False,0.945513,"{""c"": 1.63}",False,0.942057,"{""theta"": 30.0, ""beta"": 1.0, ""lam"": 1.0}",False,0.951010,"{""force_k"": 1, ""beta"": 1.0, ""lam"": 1.15}",False,0.892643,"{""k"": 20, ""lam"": 1.25}",False,0.945707,"{""theta"": 30.0, ""c"": 1.41}",False,0.942887,0.894922,1,358.821533
stsb@s0__trec@s1,stsb@s0,trec@s1,stsb,trec,0.962025,"{""lam"": 0.7}",False,0.961703,"{""c"": 0.99}",False,0.964144,"{""theta"": 30.0, ""beta"": 1.0, ""lam"": 0.7}",False,0.958412,"{""force_k"": 1, ""beta"": 1.0, ""lam"": 0.7}",False,0.908188,"{""k"": 20, ""lam"": 0.7}",True,0.962762,"{""theta"": 30.0, ""c"": 0.99}",False,0.962025,0.960142,1,40.697281
scitail@s0__wic@s1,scitail@s0,wic@s1,scitail,wic,0.987353,"{""lam"": 0.7}",False,0.985023,"{""c"": 0.99}",False,0.990015,"{""theta"": 30.0, ""beta"": 1.0, ""lam"": 0.7}",False,0.987753,"{""force_k"": 1, ""beta"": 1.0, ""lam"": 0.7}",False,0.989276,"{""k"": 20, ""lam"": 1.0}",False,0.986154,"{""theta"": 30.0, ""c"": 0.99}",False,0.987353,0.988017,1,65.458003
ag_news@s0__sst2@s1,ag_news@s0,sst2@s1,ag_news,sst2,0.978195,"{""lam"": 1.0}",False,0.982274,"{""c"": 1.2}",False,0.977905,"{""theta"": 30.0, ""beta"": 1.0, ""lam"": 1.0}",False,0.980213,"{""force_k"": 1, ""beta"": 1.0, ""lam"": 1.0}",False,0.983867,"{""k"": 20, ""lam"": 1.0}",False,0.983308,"{""theta"": 30.0, ""c"": 1.2}",False,0.978195,0.981190,1,99.806611
cola@s0__rte@s1,cola@s0,rte@s1,cola,rte,0.955221,"{""lam"": 0.7}",False,0.962198,"{""c"": 1.2}",False,0.954628,"{""theta"": 30.0, ""beta"": 1.0, ""lam"": 0.7}",False,0.956360,"{""force_k"": 1, ""beta"": 1.0, ""lam"": 0.7}",False,0.912767,"{""k"": 20, ""lam"": 1.0}",False,0.967395,"{""theta"": 30.0, ""c"": 0.99}",False,0.955221,0.964476,1,74.646411
imdb@s0__qnli@s1,imdb@s0,qnli@s1,imdb,qnli,0.975108,"{""lam"": 1.15}",False,0.978595,"{""c"": 1.41}",False,0.975219,"{""theta"": 30.0, ""beta"": 1.0, ""lam"": 1.15}",False,0.977292,"{""force_k"": 1, ""beta"": 1.0, ""lam"": 1.0}",False,0.946197,"{""k"": 20, ""lam"": 1.5}",False,0.978381,"{""theta"": 30.0, ""c"": 1.41}",False,0.975843,0.955812,1,397.411911
rte@s0__sst2@s1,rte@s0,sst2@s1,rte,sst2,0.979305,"{""lam"": 1.0}",False,0.977567,"{""c"": 1.41}",False,0.979305,"{""theta"": 30.0, ""beta"": 1.0, ""lam"": 1.0}",False,0.969915,"{""force_k"": 1, ""beta"": 1.0, ""lam"": 1.0}",False,0.953572,"{""k"": 20, ""lam"": 1.5}",False,0.977567,"{""theta"": 30.0, ""c"": 1.41}",False,0.979305,0.975396,0,66.224699
imdb@s0__stsb@s1,imdb@s0,stsb@s1,imdb,stsb,0.979967,"{""lam"": 1.15}",False,0.975995,"{""c"": 1.41}",False,0.979967,"{""theta"": 30.0, ""beta"": 1.0, ""lam"": 1.15}",False,0.982951,"{""force_k"": 1, ""beta"": 1.0, ""lam"": 1.0}",False,0.956991,"{""k"": 20, ""lam"": 1.5}",False,0.975995,"{""theta"": 30.0, ""c"": 1.41}",False,0.977880,0.946616,0,299.339383
trec@s0__wic@s1,trec@s0,wic@s1,trec,wic,0.977695,"{""lam"": 0.7}",False,0.983032,"{""c"": 1.41}",False,0.979958,"{""theta"": 30.0, ""beta"": 1.0, ""lam"": 0.7}",False,0.982114,"{""force_k"": 1, ""beta"": 1.0, ""lam"": 0.85}",False,0.983352,"{""k"": 20, ""lam"": 1.0}",False,0.980769,"{""theta"": 30.0, ""c"": 1.41}",False,0.977695,0.966383,2,30.228265
rte@s0__wic@s1,rte@s0,wic@s1,rte,wic,0.950253,"{""lam"": 0.85}",False,0.960774,"{""c"": 1.2}",False,0.950253,"{""theta"": 30.0, ""beta"": 1.0, ""lam"": 0.85}",False,0.954863,"{""force_k"": 1, ""beta"": 1.0, ""lam"": 0.85}",False,0.927034,"{""k"": 20, ""lam"": 1.25}",False,0.960774,"{""theta"": 30.0, ""c"": 1.2}",False,0.942164,0.938941,0,69.750063
mrpc@s0__wic@s1,mrpc@s0,wic@s1,mrpc,wic,0.937376,"{""lam"": 0.7}",False,0.939580,"{""c"": 1.41}",False,0.937376,"{""theta"": 30.0, ""beta"": 1.0, ""lam"": 0.7}",False,0.941661,"{""force_k"": 1, ""beta"": 1.0, ""lam"": 0.7}",False,0.928209,"{""k"": 20, ""lam"": 1.25}",False,0.939580,"{""theta"": 30.0, ""c"": 1.41}",False,0.937376,0.929457,0,51.518656
ag_news@s0__rte@s1,ag_news@s0,rte@s1,ag_news,rte,0.926102,"{""lam"": 1.15}",False,0.949995,"{""c"": 1.63}",False,0.931496,"{""theta"": 30.0, ""beta"": 1.0, ""lam"": 1.0}",False,0.934353,"{""force_k"": 1, ""beta"": 1.0, ""lam"": 1.0}",False,0.920814,"{""k"": 20, ""lam"": 1.5}",False,0.948519,"{""theta"": 30.0, ""c"": 1.41}",False,0.938367,0.924085,1,152.465819
rte@s0__yelp_polarity@s1,rte@s0,yelp_polarity@s1,rte,yelp_polarity,0.904849,"{""lam"": 1.0}",False,0.947308,"{""c"": 1.41}",False,0.902605,"{""theta"": 30.0, ""beta"": 1.0, ""lam"": 1.0}",False,0.939257,"{""force_k"": 1, ""beta"": 1.0, ""lam"": 0.85}",False,0.827384,"{""k"": 20, ""lam"": 1.25}",False,0.944260,"{""theta"": 30.0, ""c"": 1.2}",False,0.904849,0.918336,1,273.003481
cola@s0__scitail@s1,cola@s0,scitail@s1,cola,scitail,0.960121,"{""lam"": 0.85}",False,0.964474,"{""c"": 1.41}",False,0.960710,"{""theta"": 30.0, ""beta"": 1.0, ""lam"": 1.0}",False,0.961905,"{""force_k"": 1, ""beta"": 1.0, ""lam"": 1.0}",False,0.954357,"{""k"": 20, ""lam"": 1.25}",False,0.962310,"{""theta"": 30.0, ""c"": 1.2}",False,0.962097,0.959541,1,58.939836
rte@s0__trec@s1,rte@s0,trec@s1,rte,trec,0.985915,"{""lam"": 1.0}",False,0.988263,"{""c"": 1.2}",False,0.985915,"{""theta"": 30.0, ""beta"": 1.0, ""lam"": 1.0}",False,0.984893,"{""force_k"": 1, ""beta"": 1.0, ""lam"": 1.0}",False,0.969484,"{""k"": 20, ""lam"": 1.25}",False,0.989588,"{""theta"": 30.0, ""c"": 1.41}",False,0.985915,0.982243,1,75.501390
sst2@s0__trec@s1,sst2@s0,trec@s1,sst2,trec,0.998778,"{""lam"": 0.85}",False,1.000415,"{""c"": 1.41}",False,0.999393,"{""theta"": 30.0, ""beta"": 1.0, ""lam"": 0.85}",False,0.999393,"{""force_k"": 1, ""beta"": 1.0, ""lam"": 0.85}",False,0.998985,"{""k"": 20, ""lam"": 1.25}",False,1.001030,"{""theta"": 30.0, ""c"": 1.41}",False,0.999393,0.998570,1,27.136142
imdb@s0__wic@s1,imdb@s0,wic@s1,imdb,wic,0.990521,"{""lam"": 0.7}",False,0.983691,"{""c"": 1.2}",False,0.990521,"{""theta"": 30.0, ""beta"": 1.0, ""lam"": 0.7}",False,0.979346,"{""force_k"": 1, ""beta"": 1.0, ""lam"": 1.0}",False,0.973497,"{""k"": 20, ""lam"": 1.0}",False,0.983691,"{""theta"": 30.0, ""c"": 1.2}",False,0.990521,0.985512,0,275.057932
