predictor,target,rho,ci_lo,ci_hi,boot_nan_frac,perm_p_two_sided,perm_p_one_sided_ge,exact_p_two_sided,exact_p_one_sided_ge,loto_min,loto_max,holm_p_within_target
O_A,D_selected,0.167532,-0.487433,0.937743,0,0.557744,0.257174,0.561111,0.25873,-0.0607143,0.521429,1
tv_cosine,D_selected,0.435065,-0.470345,0.948718,0,0.0509949,0.0269973,0.055754,0.0301587,0.167857,0.775,0.254975
sign_conflict_top20,D_selected,-0.427273,-0.929961,0.415772,0,0.0593941,0.966003,0.0615079,0.965873,-0.753571,-0.171429,0.254975
mean_theta_min_A_deg,D_selected,-0.24026,-0.961089,0.450065,0,0.393161,0.794121,0.394048,0.794841,-0.592857,-0.0392857,1
norm_ratio,D_selected,-0.0974026,-0.781211,0.557004,0,0.707029,0.651435,0.706746,0.65754,-0.282143,0.267857,1
O_A,D_oracle,0.162338,-0.491764,0.897436,0,0.60424,0.276472,0.604167,0.277183,-0.0357143,0.446429,1
tv_cosine,D_oracle,0.420779,-0.415094,0.945765,0,0.0648935,0.0384962,0.0686508,0.0396825,0.292857,0.696429,0.324468
sign_conflict_top20,D_oracle,-0.398701,-0.906615,0.384615,0,0.0812919,0.952405,0.0835317,0.952976,-0.660714,-0.253571,0.325167
mean_theta_min_A_deg,D_oracle,-0.220779,-0.875486,0.451566,0,0.470253,0.769823,0.465873,0.772222,-0.482143,-0.05,1
norm_ratio,D_oracle,-0.157143,-0.784695,0.520719,0,0.558044,0.729827,0.559127,0.731349,-0.325,0.257143,1
O_A,overshoot,-0.0359877,-0.733799,0.637174,0.0484222,0.80292,0.620338,0.800794,0.612698,-0.204231,0.2655,1
tv_cosine,overshoot,-0.202668,-0.798078,0.575099,0.0484222,0.370163,0.818018,0.373016,0.813492,-0.485048,0.0204231,1
sign_conflict_top20,overshoot,0.214032,-0.575099,0.845962,0.0484222,0.336166,0.172583,0.345238,0.179365,0.0459519,0.551422,1
mean_theta_min_A_deg,overshoot,0.0473522,-0.586516,0.754457,0.0484222,0.780422,0.379762,0.774603,0.384921,-0.242524,0.270605,1
norm_ratio,overshoot,0.172362,-0.45617,0.680467,0.0484222,0.40416,0.205279,0.396032,0.197619,-0.043399,0.313914,1
O_A,D_lam0.3,-0.615584,-0.948718,0.409253,0,0.0573943,0.960604,0.0575397,0.962103,-0.778571,-0.232143,0.286971
tv_cosine,D_lam0.3,0.0025974,-0.623932,0.787289,0,0.993701,0.505649,0.993849,0.502976,-0.214286,0.246429,1
sign_conflict_top20,D_lam0.3,0.0545455,-0.733473,0.657977,0,0.840716,0.415458,0.840873,0.415079,-0.2,0.267857,1
mean_theta_min_A_deg,D_lam0.3,0.568831,-0.338078,0.905663,0,0.0739926,0.0469953,0.072619,0.0444444,0.192857,0.757143,0.29597
norm_ratio,D_lam0.3,0.198701,-0.658363,0.813386,0,0.50005,0.244176,0.505357,0.246429,-0.0642857,0.460714,1
O_A,D_lam0.5,0.190909,-0.487179,0.822589,0,0.530447,0.260174,0.530556,0.263095,0.00357143,0.385714,0.934307
tv_cosine,D_lam0.5,0.323377,-0.624555,0.961089,0,0.157884,0.0831917,0.16131,0.0837302,0.160714,0.742857,0.789421
sign_conflict_top20,D_lam0.5,-0.281818,-0.922179,0.587633,0,0.220178,0.889011,0.225397,0.887103,-0.696429,-0.132143,0.880712
mean_theta_min_A_deg,D_lam0.5,-0.214286,-0.766904,0.494163,0,0.467153,0.766623,0.466468,0.766071,-0.392857,-0.075,0.934307
norm_ratio,D_lam0.5,-0.280519,-0.846202,0.501946,0,0.263774,0.864114,0.262698,0.868651,-0.471429,0.075,0.880712
O_A,D_lam0.7,0.209091,-0.450065,0.83716,0,0.489851,0.245575,0.484722,0.243254,0.0178571,0.464286,1
tv_cosine,D_lam0.7,0.394805,-0.390402,0.922179,0,0.0816918,0.0422958,0.0849206,0.0436508,0.278571,0.657143,0.408459
sign_conflict_top20,D_lam0.7,-0.377922,-0.846975,0.384615,0,0.0953905,0.952805,0.097619,0.951587,-0.625,-0.246429,0.408459
mean_theta_min_A_deg,D_lam0.7,-0.257143,-0.813167,0.409728,0,0.365763,0.814919,0.3625,0.817262,-0.485714,-0.0464286,1
norm_ratio,D_lam0.7,-0.207792,-0.784695,0.486381,0,0.40376,0.80392,0.405952,0.802381,-0.357143,0.171429,1
O_A,D_lam1.0,0.224675,-0.268482,0.961089,0,0.49695,0.234877,0.49623,0.233135,0.103571,0.425,1
tv_cosine,D_lam1.0,0.450649,-0.248242,0.930681,0,0.0450955,0.0282972,0.0486111,0.0293651,0.275,0.717857,0.225477
sign_conflict_top20,D_lam1.0,-0.442857,-0.876011,0.245477,0,0.0477952,0.968703,0.0513889,0.968651,-0.696429,-0.275,0.225477
mean_theta_min_A_deg,D_lam1.0,-0.28961,-0.975089,0.245136,0,0.359764,0.807519,0.357738,0.811706,-0.492857,-0.164286,1
norm_ratio,D_lam1.0,-0.0363636,-0.782101,0.595624,0,0.905909,0.561544,0.902579,0.570437,-0.289286,0.275,1
O_A,overshoot_lam1,0.0289017,-0.566167,0.753461,0,0.940006,0.443656,0.93631,0.443651,-0.0872872,0.152753,1
tv_cosine,overshoot_lam1,0.480163,-0.128212,0.906673,0,0.030197,0.0188981,0.0315476,0.0194444,0.311724,0.645165,0.120788
sign_conflict_top20,overshoot_lam1,-0.505781,-0.84009,0.109873,0,0.0211979,0.985201,0.0220238,0.985317,-0.627244,-0.326139,0.105989
mean_theta_min_A_deg,overshoot_lam1,-0.107068,-0.77039,0.532445,0,0.738426,0.647735,0.732341,0.651984,-0.258225,0.0072075,1
norm_ratio,overshoot_lam1,0.165528,-0.589744,0.796604,0,0.518248,0.263874,0.519444,0.268452,-0.14337,0.481101,1
