pair,t1,t2,lam_selected,lam_oracle,D_selected,D_oracle,overshoot,overshoot_lam1,D_lam0.3,D_lam0.5,D_lam0.7,D_lam1.0,O_A,tv_cosine,sign_conflict_top20,mean_theta_min_A_deg,norm_ratio
cola-sst2,cola,sst2,1,1,0.048807,0.048807,0,0,0.109835,0.0867218,0.0656541,0.048807,0.021455,0.00102893,0.498481,75.5566,1.27706
cola-mrpc,cola,mrpc,0.7,0.7,0.0627676,0.0627676,0,0.0380692,0.124931,0.0786943,0.0627676,0.100837,0.025672,0.00122905,0.498428,74.166,1.54721
cola-qqp,cola,qqp,0.7,0.7,0.0632795,0.0632795,0,0.0388285,0.16041,0.0901294,0.0632795,0.102108,0.0166746,0.000366297,0.499274,77.3016,3.02624
cola-mnli,cola,mnli,1,0.7,0.0782349,0.0740387,0.00419613,0.00419613,0.224746,0.116921,0.0740387,0.0782349,0.0128444,0.000120006,0.500107,78.5246,4.84395
cola-qnli,cola,qnli,1,1,0.038651,0.038651,0,0,0.214811,0.0782664,0.0407333,0.038651,0.0194158,0.00078091,0.499077,76.4351,1.67051
cola-rte,cola,rte,1,1,0.040521,0.040521,0,0,0.0856471,0.0654118,0.0465546,0.040521,0.0222148,0.000847639,0.498886,75.4681,2.87484
sst2-mrpc,sst2,mrpc,0.7,1,0.0434741,0.0370317,0.00644239,0,0.0871195,0.0521924,0.0434741,0.0370317,0.0204782,0.000502289,0.499155,75.8191,1.97587
sst2-qqp,sst2,qqp,1,0.7,0.0284156,0.0263007,0.0021149,0.0021149,0.139073,0.0576064,0.0263007,0.0284156,0.0163407,0.00105193,0.49866,77.5255,2.3697
sst2-mnli,sst2,mnli,0.7,0.7,0.0258762,0.0258762,0,0.0104623,0.151868,0.0611393,0.0258762,0.0363385,0.0141256,0.00152915,0.497607,78.0285,3.79305
sst2-qnli,sst2,qnli,1,1,0.0127378,0.0127378,0,0,0.119912,0.0277902,0.0131896,0.0127378,0.0178325,0.000940562,0.498496,76.835,1.30809
sst2-rte,sst2,rte,0.7,0.7,0.0123913,0.0123913,0,0.0117647,0.0391936,0.0260357,0.0123913,0.024156,0.0184779,0.000758224,0.498854,76.6742,3.67134
mrpc-qqp,mrpc,qqp,0.5,0.5,0.0741132,0.0741132,0,0.222735,0.140508,0.0741132,0.178739,0.296848,0.0201451,0.00162776,0.497405,75.9787,4.68222
mrpc-mnli,mrpc,mnli,0.7,0.7,0.0502817,0.0502817,0,0.0401576,0.187592,0.0653758,0.0502817,0.0904393,0.0138284,0.00067015,0.499048,78.2821,7.49458
mrpc-qnli,mrpc,qnli,0.7,0.7,0.0443944,0.0443944,0,0.0108849,0.142327,0.0811489,0.0443944,0.0552793,0.0236867,0.00154064,0.497482,74.785,2.58463
mrpc-rte,mrpc,rte,0.7,0.7,0.075641,0.075641,0,0.024359,0.110885,0.0939752,0.075641,0.1,0.0317972,0.00324672,0.495771,72.005,1.85809
qqp-mnli,qqp,mnli,0.7,0.7,0.0640242,0.0640242,0,0.0312708,0.194039,0.0772205,0.0640242,0.0952949,0.0157229,0.00284544,0.496048,77.0358,1.60065
qqp-qnli,qqp,qnli,0.5,0.5,0.156749,0.156749,0,0.0919834,0.180112,0.156749,0.188709,0.248733,0.0209776,0.00287437,0.495946,75.3456,1.81156
qqp-rte,qqp,rte,0.7,0.7,0.0411526,0.0411526,0,0.00863057,0.148066,0.06675,0.0411526,0.0497831,0.0193325,0.000887942,0.498788,76.4168,8.69997
mnli-qnli,mnli,qnli,0.5,0.5,0.145395,0.145395,0,0.0660707,0.231139,0.145395,0.16595,0.211466,0.0157071,0.00199457,0.497257,77.3288,2.89968
mnli-rte,mnli,rte,1,1,-0.047791,-0.047791,0,0,0.178945,-0.00778844,-0.0429816,-0.047791,0.0132747,0.000622874,0.499079,78.4596,13.9256
qnli-rte,qnli,rte,1,0.7,0.0589059,0.0281656,0.0307404,0.0307404,0.0945558,0.0388305,0.0281656,0.0589059,0.0233843,0.0018912,0.497196,74.6796,4.80246
