population,pair,D_original,D_boot_mean,D_boot_se,D_boot_ci95_lo,D_boot_ci95_hi
E1b,cola-sst2,0.06300622476,0.06337034619,0.007899471359,0.04920372139,0.07908202161
E1b,cola-mrpc,0.03899044865,0.03860786304,0.01116519984,0.01625931361,0.06089771858
E1b,cola-stsb,0.02844338974,0.02865340094,0.005985249573,0.01657259065,0.0402960013
E1b,cola-mnli,0.09678258434,0.0966941689,0.008316733648,0.08093218516,0.1124277198
E1b,cola-qnli,0.04760968215,0.04780320236,0.007027945221,0.03423454156,0.06213213166
E1b,cola-rte,0.03401198153,0.03275636664,0.02011096181,-0.007916823319,0.06945306745
E1b,cola-wic,0.0382384713,0.0375562894,0.0123930267,0.01477412395,0.06280015541
E1b,cola-snli,0.05414739168,0.05422161779,0.006225806409,0.04198221719,0.06676781288
E1b,cola-scitail,0.03417007604,0.03426623994,0.006389554314,0.02202082018,0.04663657621
E1b,cola-ag_news,0.05350437802,0.05369663149,0.006904228188,0.03961264891,0.06680950451
E1b,cola-imdb,0.07994072519,0.08021597551,0.005691206672,0.06890748125,0.09132929172
E1b,cola-trec,0.03615475648,0.03639891318,0.007764715611,0.02141598968,0.05172535233
E1b,cola-yelp_polarity,0.06463482412,0.06439932414,0.007103146877,0.05056453243,0.07841277436
E1b,sst2-mrpc,0.01474741587,0.01417386021,0.01146033159,-0.008816505738,0.03617827997
E1b,sst2-stsb,0.02410270754,0.02411980697,0.004998353049,0.01406509099,0.03323966541
E1b,sst2-mnli,0.06241872983,0.06229457129,0.004931950532,0.0532330112,0.07173665925
E1b,sst2-qnli,0.02949285457,0.0294992041,0.004786033388,0.0201540975,0.03901190091
E1b,sst2-rte,0.07147315855,0.07064796763,0.02613641077,0.01860955712,0.1192728016
E1b,sst2-wic,0.04353932584,0.04286695683,0.01222305617,0.01940076462,0.06552360162
E1b,sst2-snli,0.0444971369,0.04470036108,0.004344739283,0.03651924412,0.05317518064
E1b,sst2-scitail,0.035151213,0.03528950347,0.005991204526,0.02366490433,0.04651877336
E1b,sst2-ag_news,0.02406632164,0.0240087423,0.005094852315,0.01404431286,0.03334195959
E1b,sst2-imdb,0.01417269209,0.01429849275,0.004351517493,0.005834495508,0.02304178176
E1b,sst2-trec,0.01496576484,0.01502439004,0.005505040237,0.004458233518,0.02581530154
E1b,sst2-yelp_polarity,0.009406626961,0.009542136768,0.003541552353,0.002875331638,0.01645560747
E1b,mrpc-stsb,0.04034689823,0.0401271757,0.01005662447,0.02008209323,0.06006416029
E1b,mrpc-mnli,0.06520079344,0.0647962031,0.0113722627,0.042124904,0.0863378784
E1b,mrpc-qnli,0.05880131963,0.05891916957,0.011054072,0.03671877766,0.08101083112
E1b,mrpc-rte,0.0780850306,0.07598538772,0.02350102547,0.02818441436,0.1216303417
E1b,mrpc-wic,0.08620219643,0.08589956719,0.01871965228,0.04879719298,0.122015349
E1b,mrpc-snli,0.07599287362,0.07569674049,0.01061845017,0.05531285864,0.0965613255
E1b,mrpc-scitail,0.03246278111,0.03274846221,0.01084284538,0.0113348369,0.053783264
E1b,mrpc-ag_news,0.08061105281,0.08024332268,0.01214681334,0.05590472583,0.1035523379
E1b,mrpc-imdb,0.04803219711,0.0479645051,0.009734789742,0.02850191177,0.06646036385
E1b,mrpc-trec,-0.000587705324,-0.0005824415459,0.008727349544,-0.01869528561,0.01575263804
E1b,mrpc-yelp_polarity,0.03061396734,0.0302197093,0.0114662951,0.008882011507,0.05332338443
E1b,stsb-mnli,0.07574435075,0.07546597513,0.0054725986,0.06553901856,0.08689514397
E1b,stsb-qnli,0.04231012039,0.04214960593,0.00379290278,0.03479665505,0.04981911413
E1b,stsb-rte,0.022885439,0.02262838009,0.02076464372,-0.01748875114,0.06011866921
E1b,stsb-wic,0.0160857993,0.01606001107,0.009589628715,-0.002758675642,0.03441140783
E1b,stsb-snli,0.07138669102,0.07132471308,0.004815270977,0.06211712303,0.08118470334
E1b,stsb-scitail,0.01354792186,0.01350844655,0.004295493762,0.005119589925,0.02161825934
E1b,stsb-ag_news,0.03076883887,0.03083113502,0.003030786695,0.0253052088,0.03694245947
E1b,stsb-imdb,0.003160033039,0.003039828633,0.002018321979,-0.0007002065014,0.007101448891
E1b,stsb-trec,0.06624409582,0.06619339543,0.006653091649,0.05396838667,0.07961792123
E1b,stsb-yelp_polarity,0.02045069203,0.02047184622,0.002897744844,0.0150066295,0.02650193408
E1b,mnli-qnli,0.1892581977,0.1890948315,0.004641307577,0.18005284,0.1984507083
E1b,mnli-rte,-0.04204380424,-0.04398805897,0.02339563876,-0.09288853097,-0.002156220793
E1b,mnli-wic,0.1032580354,0.1027771735,0.01683938207,0.06967712452,0.1351584854
E1b,mnli-snli,0.04987896767,0.04991273983,0.002851124322,0.04389058362,0.05538789603
E1b,mnli-scitail,0.09614348167,0.09596811161,0.006183373901,0.08334294602,0.1079700049
E1b,mnli-ag_news,0.07249594692,0.07241753435,0.002922922513,0.06704571801,0.07828057671
E1b,mnli-imdb,0.04773178689,0.04760284144,0.002757096694,0.04207469725,0.05272730498
E1b,mnli-trec,0.1381463257,0.1380113509,0.009829507419,0.1195631199,0.157869938
E1b,mnli-yelp_polarity,0.06111524734,0.0609216971,0.002857248861,0.05508147241,0.06636632351
E1b,qnli-rte,0.05414520593,0.05260405556,0.02281479666,0.008413130589,0.09875061511
E1b,qnli-wic,0.07878382053,0.07903241358,0.01377337514,0.05201941264,0.1060231312
E1b,qnli-snli,0.0679984601,0.06797341941,0.003162060798,0.06189659948,0.07436210102
E1b,qnli-scitail,0.0430870076,0.04293356721,0.00520193838,0.03258283709,0.05323200104
E1b,qnli-ag_news,0.06640540143,0.06646658335,0.003331114612,0.0597826642,0.07288944719
E1b,qnli-imdb,0.01864721511,0.01851079787,0.00253617944,0.01341470956,0.0235048385
E1b,qnli-trec,0.06961317756,0.06946843965,0.005762127723,0.0581893085,0.08178956365
E1b,qnli-yelp_polarity,0.04856693828,0.04853153444,0.002943172577,0.04257529513,0.05422183589
E1b,rte-wic,0.05567365118,0.05473571057,0.02723806712,0.003818785903,0.1084498523
E1b,rte-snli,0.01156194862,0.01048584471,0.02181884603,-0.03484250848,0.05054805872
E1b,rte-scitail,0.005331769963,0.005096956994,0.01699549354,-0.02957806244,0.03665988035
E1b,rte-ag_news,0.08630218325,0.0855497712,0.02596351474,0.03136403859,0.1368133119
E1b,rte-imdb,0.02050580739,0.02039641108,0.01931646478,-0.01656710049,0.05996911035
E1b,rte-trec,0.04849140438,0.04832200505,0.02125842201,0.007595470787,0.08885235299
E1b,rte-yelp_polarity,0.06398504341,0.06279734233,0.02571075688,0.009558132184,0.1100027205
E1b,wic-snli,0.07184566353,0.0723949575,0.01363926922,0.04422670851,0.09783896617
E1b,wic-scitail,0.1388299762,0.1383795794,0.01843025553,0.1030060177,0.1751464032
E1b,wic-ag_news,0.01195265914,0.01175239922,0.0111966777,-0.01120693875,0.03297578615
E1b,wic-imdb,0.04283076063,0.04231076361,0.01071900476,0.02056518697,0.06212041756
E1b,wic-trec,0.03342006603,0.03321550924,0.01087186149,0.01290410913,0.0530477211
E1b,wic-yelp_polarity,0.0468457455,0.04641936169,0.01144342059,0.02319723943,0.06920613015
E1b,snli-scitail,0.05177186779,0.0515724175,0.004928725181,0.04232631931,0.06163939304
E1b,snli-ag_news,0.04077150588,0.0409273622,0.002478129535,0.03584109837,0.04550466936
E1b,snli-imdb,0.02145823517,0.02152444214,0.002209503154,0.01679192418,0.02593766961
E1b,snli-trec,0.02010892227,0.02009858162,0.004579266524,0.01123024223,0.02950173432
E1b,snli-yelp_polarity,0.0915713423,0.09168439681,0.002816447001,0.08605934771,0.096979976
E1b,scitail-ag_news,0.06460930206,0.06480705841,0.005822218895,0.05365245311,0.07671377687
E1b,scitail-imdb,0.02491248853,0.02467954837,0.003627102816,0.01741876901,0.03214774902
E1b,scitail-trec,0.02838072101,0.02827261915,0.005651965051,0.01722574632,0.03883416668
E1b,scitail-yelp_polarity,0.03309900781,0.03323855521,0.004657662771,0.02420825608,0.04225597967
E1b,ag_news-imdb,0.0327855023,0.0327350955,0.002109492064,0.0288245131,0.03684485658
E1b,ag_news-trec,0.0372235485,0.0369878405,0.00688142074,0.02320423719,0.05027689961
E1b,ag_news-yelp_polarity,0.04598869389,0.04603313271,0.00217011856,0.0416864377,0.04997608358
E1b,imdb-trec,0.04303465501,0.04289910521,0.00380465264,0.03503757901,0.05012653387
E1b,imdb-yelp_polarity,0.005310800317,0.005300827283,0.001737971486,0.001923619513,0.008901416998
E1b,trec-yelp_polarity,0.01218950427,0.0121412388,0.003854277926,0.004805519714,0.01974306577
E1c-mixed,ag_news@s0__cola@s1,0.05737851174,0.05719493991,0.006872188961,0.04376635185,0.07011916442
E1c-mixed,ag_news@s0__imdb@s1,0.01261058655,0.01267373423,0.001815956226,0.00928980802,0.01636190376
E1c-mixed,ag_news@s0__mnli@s1,0.0727485038,0.07282997702,0.002918382434,0.06676851727,0.07846585553
E1c-mixed,ag_news@s0__mrpc@s1,0.05309083263,0.0529080696,0.0116076404,0.03160317035,0.07588278541
E1c-mixed,ag_news@s0__qnli@s1,0.05836531417,0.05854202658,0.00326184323,0.0524653105,0.06484078418
E1c-mixed,ag_news@s0__rte@s1,0.06534564398,0.06456477138,0.02094978722,0.02075036928,0.1026832753
E1c-mixed,ag_news@s0__scitail@s1,0.05664065142,0.05660077878,0.005058236913,0.04697625757,0.06635481873
E1c-mixed,ag_news@s0__snli@s1,0.03012960475,0.03009396455,0.002169385208,0.02577353922,0.03435046432
E1c-mixed,ag_news@s0__sst2@s1,0.01848051584,0.01864438849,0.004342827524,0.009801622371,0.02731354749
E1c-mixed,ag_news@s0__stsb@s1,0.05072676839,0.05061689485,0.003532903802,0.043820911,0.05748667142
E1c-mixed,ag_news@s0__trec@s1,0.02263893117,0.02265452788,0.004497664726,0.01430359076,0.03154909752
E1c-mixed,ag_news@s0__wic@s1,0.004625421621,0.004412602475,0.01010985868,-0.01579389715,0.02460274429
E1c-mixed,ag_news@s0__yelp_polarity@s1,0.01422853672,0.01421614683,0.001661692641,0.01107602063,0.01743722325
E1c-mixed,cola@s0__imdb@s1,0.04832029853,0.04835649189,0.006318136873,0.03647025039,0.06033613783
E1c-mixed,cola@s0__mnli@s1,0.09214679788,0.09195408229,0.008040055211,0.07560375065,0.1079197314
E1c-mixed,cola@s0__mrpc@s1,0.07038724526,0.07063974565,0.01313042624,0.04532976009,0.09601786699
E1c-mixed,cola@s0__qnli@s1,0.03558048905,0.0355378323,0.006051485797,0.02358241538,0.04712748148
E1c-mixed,cola@s0__rte@s1,0.02528495951,0.02411664137,0.01679332028,-0.008871729023,0.05574987174
E1c-mixed,cola@s0__scitail@s1,0.03809074615,0.03834594859,0.006626677351,0.02481380824,0.05049218638
E1c-mixed,cola@s0__snli@s1,0.06601423696,0.06581423321,0.007597529644,0.05044078142,0.08057824108
E1c-mixed,cola@s0__sst2@s1,0.03093568102,0.03069189563,0.007524006035,0.01631578379,0.04496213124
E1c-mixed,cola@s0__stsb@s1,0.04319897019,0.04329488679,0.006086880721,0.03211640418,0.05519317192
E1c-mixed,cola@s0__trec@s1,0.02565759872,0.02593047214,0.006928475764,0.0130237655,0.03931545262
E1c-mixed,cola@s0__wic@s1,0.03464504038,0.03450807457,0.01113554027,0.01349135462,0.05603579472
E1c-mixed,cola@s0__yelp_polarity@s1,0.03892665717,0.03874296517,0.007217613045,0.02514494202,0.05321756194
E1c-mixed,imdb@s0__mnli@s1,0.03492641936,0.03500523805,0.002651471981,0.02977081672,0.04017301846
E1c-mixed,imdb@s0__mrpc@s1,0.05434289767,0.05447086096,0.01019078321,0.03421076479,0.07447806748
E1c-mixed,imdb@s0__qnli@s1,0.02564167946,0.02564320164,0.002648654443,0.01984328885,0.03056599768
E1c-mixed,imdb@s0__rte@s1,0.01626492186,0.01672590123,0.01673024721,-0.01619651925,0.0489971041
E1c-mixed,imdb@s0__scitail@s1,0.0173319792,0.01732396786,0.00431046855,0.008634353411,0.02607689082
E1c-mixed,imdb@s0__snli@s1,0.02569312895,0.0257255684,0.002216282205,0.02168643562,0.03010576113
E1c-mixed,imdb@s0__sst2@s1,0.004313047876,0.004476985701,0.00419386114,-0.004277962656,0.01265053865
E1c-mixed,imdb@s0__stsb@s1,0.01034060888,0.01024313912,0.001977371206,0.006651492011,0.01421033931
E1c-mixed,imdb@s0__trec@s1,0.01010153243,0.01016743868,0.003371299315,0.004016018932,0.0172181508
E1c-mixed,imdb@s0__wic@s1,0.01727677001,0.01717943133,0.008592290655,-0.0008148373987,0.03344618608
E1c-mixed,imdb@s0__yelp_polarity@s1,0.002975902561,0.003001534749,0.001746018099,-0.0003445449584,0.006294092333
E1c-mixed,mnli@s0__mrpc@s1,0.07544143049,0.07584767416,0.0129033927,0.04980589467,0.1018408683
E1c-mixed,mnli@s0__qnli@s1,0.1778324634,0.1779929303,0.00464034913,0.1689238375,0.186809817
E1c-mixed,mnli@s0__rte@s1,0.05916464488,0.05748504444,0.02536789659,0.003682989664,0.1062276049
E1c-mixed,mnli@s0__scitail@s1,0.08515188429,0.08549055055,0.006182061753,0.07327999414,0.09749398743
E1c-mixed,mnli@s0__snli@s1,0.07728814463,0.07734233607,0.003160074833,0.07120864687,0.08345636688
E1c-mixed,mnli@s0__sst2@s1,0.04808866729,0.04807635393,0.005348152232,0.03829655925,0.05812753157
E1c-mixed,mnli@s0__stsb@s1,0.06701955265,0.06700785171,0.004943919888,0.05752604887,0.07704626424
E1c-mixed,mnli@s0__trec@s1,0.04738040224,0.04734556195,0.005076749113,0.03776518309,0.05830099931
E1c-mixed,mnli@s0__wic@s1,0.1348816249,0.1336887269,0.01808504544,0.09655425533,0.1669535549
E1c-mixed,mnli@s0__yelp_polarity@s1,0.04654533011,0.04653465274,0.002721879212,0.04125827465,0.05163515986
E1c-mixed,mrpc@s0__qnli@s1,0.05282357548,0.05260673771,0.01170163768,0.0295370256,0.07609055415
E1c-mixed,mrpc@s0__rte@s1,0.0521978022,0.04971567031,0.02594556685,-0.001729978068,0.09829610587
E1c-mixed,mrpc@s0__scitail@s1,0.05602984111,0.05543543364,0.012083282,0.03045355192,0.07834695709
E1c-mixed,mrpc@s0__snli@s1,0.07149692213,0.07139498797,0.01261853675,0.04489193995,0.0950772852
E1c-mixed,mrpc@s0__sst2@s1,0.04140489914,0.0413887349,0.01227670037,0.0175145352,0.06669023142
E1c-mixed,mrpc@s0__stsb@s1,0.05515704075,0.05480864677,0.01019705923,0.03481217208,0.07505734607
E1c-mixed,mrpc@s0__trec@s1,0.0369984029,0.0368210525,0.01105897546,0.01482081533,0.05833291756
E1c-mixed,mrpc@s0__wic@s1,0.1027933214,0.1022230657,0.01787102702,0.0662654824,0.1377029474
E1c-mixed,mrpc@s0__yelp_polarity@s1,0.06687990619,0.06667323977,0.01100662343,0.0436283789,0.08763827993
E1c-mixed,qnli@s0__rte@s1,0.07766479035,0.0754977644,0.02709997368,0.0186387968,0.1279725008
E1c-mixed,qnli@s0__scitail@s1,0.0826736797,0.08298177975,0.005970787031,0.07092544751,0.09514926548
E1c-mixed,qnli@s0__snli@s1,0.05684347513,0.05692879732,0.003204226925,0.05083152063,0.06328482752
E1c-mixed,qnli@s0__sst2@s1,0.02272328711,0.02301193588,0.004379953686,0.01437022375,0.03166032343
E1c-mixed,qnli@s0__stsb@s1,0.03942499262,0.03925057125,0.003769008667,0.03192789961,0.04661588988
E1c-mixed,qnli@s0__trec@s1,0.04314557291,0.04320958976,0.004355437673,0.03495107841,0.05196992561
E1c-mixed,qnli@s0__wic@s1,0.0779810935,0.07726850644,0.01562328873,0.0481442761,0.1087941279
E1c-mixed,qnli@s0__yelp_polarity@s1,0.01763723103,0.01763127292,0.002360552189,0.01295531944,0.02229410183
E1c-mixed,rte@s0__scitail@s1,0.005723630417,0.005447861001,0.01977072466,-0.03518536486,0.04341802183
E1c-mixed,rte@s0__snli@s1,0.01844687479,0.01709146396,0.02249033807,-0.02876889443,0.06246634441
E1c-mixed,rte@s0__sst2@s1,0.0308988764,0.02988997376,0.02247506796,-0.0142875043,0.07284170383
E1c-mixed,rte@s0__stsb@s1,0.02982506648,0.02877810103,0.02216870795,-0.01709710821,0.0696661837
E1c-mixed,rte@s0__trec@s1,0.02273040601,0.02201061964,0.02234806449,-0.02398571703,0.063580524
E1c-mixed,rte@s0__wic@s1,0.05607900438,0.05556212627,0.02704060139,0.001700532344,0.1106968791
E1c-mixed,rte@s0__yelp_polarity@s1,0.002392853345,0.00218499264,0.02185281135,-0.04114111014,0.04288036554
E1c-mixed,scitail@s0__snli@s1,0.04037232782,0.04010691487,0.004381231762,0.03208433721,0.04859045431
E1c-mixed,scitail@s0__sst2@s1,0.03168755136,0.03138140305,0.006182742798,0.01887863208,0.04321910481
E1c-mixed,scitail@s0__stsb@s1,0.02110316994,0.02104533601,0.00428458415,0.0128393523,0.02973496875
E1c-mixed,scitail@s0__trec@s1,0.01804027134,0.01821979698,0.005065289299,0.008379003094,0.02812651721
E1c-mixed,scitail@s0__wic@s1,0.1185153524,0.1176619706,0.01875311035,0.07855964947,0.1523112119
E1c-mixed,scitail@s0__yelp_polarity@s1,0.02362643926,0.02348012239,0.004591227756,0.01368975576,0.03189488885
E1c-mixed,snli@s0__sst2@s1,0.0363415791,0.03628891407,0.004879863733,0.02680857525,0.0461160756
E1c-mixed,snli@s0__stsb@s1,0.06835281737,0.06803129101,0.004052795635,0.06025315448,0.07657067395
E1c-mixed,snli@s0__trec@s1,0.01608916299,0.01624338062,0.003950704005,0.008607829121,0.02390978056
E1c-mixed,snli@s0__wic@s1,0.08789918298,0.08708039266,0.0143813388,0.05613942049,0.1137824699
E1c-mixed,snli@s0__yelp_polarity@s1,0.02567201199,0.02559494864,0.002007827805,0.02160934705,0.0295002142
E1c-mixed,sst2@s0__stsb@s1,0.02226408696,0.02216068029,0.004907556639,0.01252419029,0.03202492996
E1c-mixed,sst2@s0__trec@s1,0.010676838,0.01080101935,0.005035651259,0.001094213026,0.02130205875
E1c-mixed,sst2@s0__wic@s1,0.02118568158,0.02117846638,0.01151999881,-0.001204555068,0.0444662705
E1c-mixed,sst2@s0__yelp_polarity@s1,0.00947661536,0.009284017934,0.003871312071,0.001944867866,0.01673920101
E1c-mixed,stsb@s0__trec@s1,0.02205381976,0.02195332485,0.004356342415,0.01373343676,0.03060181636
E1c-mixed,stsb@s0__wic@s1,0.01895729076,0.01858606111,0.01016675852,-0.0009867286962,0.03877812816
E1c-mixed,stsb@s0__yelp_polarity@s1,0.01732463787,0.01733725454,0.002557158969,0.01237145338,0.02230732236
E1c-mixed,trec@s0__wic@s1,0.01216007947,0.01196100161,0.00895487685,-0.005986104713,0.02935312989
E1c-mixed,trec@s0__yelp_polarity@s1,0.01001145179,0.009696925034,0.004123204577,0.001967892702,0.01786290641
E1c-mixed,wic@s0__yelp_polarity@s1,0.02473692985,0.02431185236,0.01058561861,0.003068572403,0.04527009349
E1c-seed1,cola@s1__sst2@s1,0.05790137615,0.05781128274,0.007608720267,0.0425804574,0.07234880549
E1c-seed1,cola@s1__mrpc@s1,0.0680823579,0.06759364521,0.01334366969,0.04030722525,0.0926373586
E1c-seed1,cola@s1__stsb@s1,0.0562623256,0.05628678648,0.006544515294,0.04350059871,0.06928591013
E1c-seed1,cola@s1__mnli@s1,0.1145753319,0.1146242834,0.008071555904,0.098586668,0.1311717665
E1c-seed1,cola@s1__qnli@s1,0.05676382211,0.05664049753,0.00622575056,0.04471960315,0.06918406006
E1c-seed1,cola@s1__rte@s1,0.04044636556,0.03999236885,0.01654431555,0.00796708333,0.07185679498
E1c-seed1,cola@s1__wic@s1,0.04189122475,0.04193004762,0.01211303229,0.01912418597,0.06413804059
E1c-seed1,cola@s1__snli@s1,0.08263689626,0.08273514096,0.006925611652,0.06858661929,0.09562534657
E1c-seed1,cola@s1__scitail@s1,0.04850692387,0.04881869951,0.006876787028,0.03599961787,0.06174931616
E1c-seed1,cola@s1__ag_news@s1,0.04701931123,0.04692843841,0.007078947297,0.0327535841,0.06055776693
E1c-seed1,cola@s1__imdb@s1,0.03639901555,0.03652388961,0.005659136522,0.02549363196,0.04741508998
E1c-seed1,cola@s1__trec@s1,0.03954428622,0.03961181416,0.006823793172,0.02642316829,0.05253079371
E1c-seed1,cola@s1__yelp_polarity@s1,0.03617885713,0.03623847835,0.006666662604,0.02337336394,0.04907603946
E1c-seed1,sst2@s1__mrpc@s1,0.04266522989,0.04279458912,0.01129556081,0.02076832614,0.06459905376
E1c-seed1,sst2@s1__stsb@s1,0.03053231013,0.03083359325,0.005634150787,0.01957466591,0.04152309618
E1c-seed1,sst2@s1__mnli@s1,0.05004270186,0.05003535407,0.005069278012,0.03983894907,0.06044872469
E1c-seed1,sst2@s1__qnli@s1,0.02633608321,0.02646502486,0.004851378811,0.01673802548,0.03582215531
E1c-seed1,sst2@s1__rte@s1,0.0504532967,0.05017698818,0.02510529989,0.002252959391,0.0990262713
E1c-seed1,sst2@s1__wic@s1,0.02927690583,0.02952499646,0.01195056707,0.005475969721,0.05280938419
E1c-seed1,sst2@s1__snli@s1,0.03574655213,0.03580816719,0.004672354537,0.02668496493,0.0445180714
E1c-seed1,sst2@s1__scitail@s1,0.05459065822,0.05482928007,0.006177211689,0.04288608569,0.06723115708
E1c-seed1,sst2@s1__ag_news@s1,0.01436415781,0.01431939542,0.004143992065,0.006019687094,0.02218700097
E1c-seed1,sst2@s1__imdb@s1,0.009145594516,0.009223488444,0.003967661703,0.001139990216,0.01667820813
E1c-seed1,sst2@s1__trec@s1,0.01482745399,0.01539983782,0.005373680528,0.005130936151,0.02680926937
E1c-seed1,sst2@s1__yelp_polarity@s1,0.01322895618,0.0132241092,0.004163715291,0.005034941371,0.02225538433
E1c-seed1,mrpc@s1__stsb@s1,0.05557914559,0.05552785526,0.009496796621,0.03715349975,0.07296827807
E1c-seed1,mrpc@s1__mnli@s1,0.0598125937,0.05932527159,0.01185789857,0.03601367926,0.08075353921
E1c-seed1,mrpc@s1__qnli@s1,0.04749359794,0.04730165409,0.01154294879,0.0246424144,0.06969439293
E1c-seed1,mrpc@s1__rte@s1,0.09560123784,0.09477031406,0.02672164233,0.04094710134,0.1460371446
E1c-seed1,mrpc@s1__wic@s1,0.09800396887,0.09814046182,0.01715164899,0.06337293891,0.1314642328
E1c-seed1,mrpc@s1__snli@s1,0.07036401154,0.06983355203,0.01246430633,0.04619091207,0.09354875416
E1c-seed1,mrpc@s1__scitail@s1,0.05452721309,0.05456377144,0.01141740773,0.03119185537,0.07637426342
E1c-seed1,mrpc@s1__ag_news@s1,0.08678016196,0.08672181488,0.01197620586,0.06185800499,0.1082304569
E1c-seed1,mrpc@s1__imdb@s1,0.1124710318,0.1127165769,0.009723912356,0.09414772309,0.1315630639
E1c-seed1,mrpc@s1__trec@s1,0.03404202807,0.03355368882,0.01047400873,0.01331596195,0.05425007386
E1c-seed1,mrpc@s1__yelp_polarity@s1,0.06920251057,0.06912954502,0.009822239306,0.05111639754,0.08894831227
E1c-seed1,stsb@s1__mnli@s1,0.08701506538,0.08720797843,0.006001731725,0.07543656282,0.09882297202
E1c-seed1,stsb@s1__qnli@s1,0.04245180286,0.04241220643,0.004182686867,0.03438406811,0.05071700017
E1c-seed1,stsb@s1__rte@s1,0.03956865386,0.03983420952,0.02035620774,1.783039566e-06,0.07848459202
E1c-seed1,stsb@s1__wic@s1,0.009302690683,0.009420640269,0.01032544048,-0.01139589267,0.02922880144
E1c-seed1,stsb@s1__snli@s1,0.0684313505,0.06859348398,0.004131736356,0.06055656698,0.07635090398
E1c-seed1,stsb@s1__scitail@s1,0.0194261491,0.01935648517,0.004421298942,0.01069500932,0.02787743575
E1c-seed1,stsb@s1__ag_news@s1,0.04230580139,0.04241963316,0.003086928657,0.03637902086,0.04845367202
E1c-seed1,stsb@s1__imdb@s1,0.03805541655,0.03820944835,0.002592659898,0.03310184749,0.0432229792
E1c-seed1,stsb@s1__trec@s1,0.04885396143,0.04950927699,0.006903389045,0.03722122668,0.06371113379
E1c-seed1,stsb@s1__yelp_polarity@s1,0.02235581172,0.02251698368,0.002552033569,0.01725167812,0.02721917438
E1c-seed1,mnli@s1__qnli@s1,0.1705100831,0.1707311335,0.004427661583,0.1617101362,0.1793523165
E1c-seed1,mnli@s1__rte@s1,-0.01753463927,-0.01744126634,0.02058781884,-0.05999080367,0.02107172187
E1c-seed1,mnli@s1__wic@s1,0.1219719801,0.122296161,0.01669012738,0.08942748638,0.155989773
E1c-seed1,mnli@s1__snli@s1,0.05405529954,0.05417747423,0.002856054435,0.04846049297,0.0597996012
E1c-seed1,mnli@s1__scitail@s1,0.06186284617,0.06177995673,0.005724573546,0.05084977416,0.07265293683
E1c-seed1,mnli@s1__ag_news@s1,0.06129383366,0.06124622529,0.002940478861,0.05530514133,0.0674541628
E1c-seed1,mnli@s1__imdb@s1,0.03723622728,0.03727418485,0.0027832886,0.03190194781,0.04267508372
E1c-seed1,mnli@s1__trec@s1,0.03416669842,0.0343684277,0.004584745771,0.02610232949,0.04327352846
E1c-seed1,mnli@s1__yelp_polarity@s1,0.03894180726,0.03904164587,0.002592499834,0.03418666895,0.04404055794
E1c-seed1,qnli@s1__rte@s1,0.06988742964,0.07011333194,0.02583586975,0.01604631335,0.1179184556
E1c-seed1,qnli@s1__wic@s1,0.07245360137,0.0722939396,0.01442757877,0.04162459046,0.10079093
E1c-seed1,qnli@s1__snli@s1,0.06158842971,0.0616872618,0.003379977674,0.05521480335,0.06811175743
E1c-seed1,qnli@s1__scitail@s1,0.06786037311,0.06792963781,0.005531753006,0.05658472936,0.07903082573
E1c-seed1,qnli@s1__ag_news@s1,0.03594340339,0.03596616199,0.002693321442,0.03071168434,0.04088086499
E1c-seed1,qnli@s1__imdb@s1,0.03960652235,0.03962452978,0.002754523113,0.03407671693,0.04488113075
E1c-seed1,qnli@s1__trec@s1,0.05335289884,0.0534879803,0.005063298754,0.04434733492,0.06343526824
E1c-seed1,qnli@s1__yelp_polarity@s1,0.03565937286,0.03559103517,0.002790806312,0.03052681746,0.04136511482
E1c-seed1,rte@s1__wic@s1,0.02769427882,0.02756306507,0.02455009752,-0.02121342382,0.07367418174
E1c-seed1,rte@s1__snli@s1,0.01367332994,0.01338480777,0.01861173574,-0.02618139935,0.04734458656
E1c-seed1,rte@s1__scitail@s1,-0.004676844006,-0.004622108742,0.01748639892,-0.0407950952,0.02737155612
E1c-seed1,rte@s1__ag_news@s1,0.07373690943,0.07342617777,0.02347696808,0.02730518197,0.1178987403
E1c-seed1,rte@s1__imdb@s1,0.01006461509,0.009518667668,0.0160743619,-0.0226082696,0.0408293045
E1c-seed1,rte@s1__trec@s1,0.01750601137,0.01666476739,0.01831264685,-0.02026502225,0.05338100436
E1c-seed1,rte@s1__yelp_polarity@s1,0.03045030052,0.02974759111,0.01846382067,-0.005597834528,0.06446186215
E1c-seed1,wic@s1__snli@s1,0.05717567406,0.05740627416,0.01289098889,0.03273323848,0.08103333862
E1c-seed1,wic@s1__scitail@s1,0.1417001859,0.1418783748,0.01847730385,0.1048836087,0.1779613005
E1c-seed1,wic@s1__ag_news@s1,0.03936439306,0.03922398622,0.01020843337,0.02041412297,0.05841038987
E1c-seed1,wic@s1__imdb@s1,0.02080857592,0.02092919546,0.00905677021,0.003502143211,0.0385863376
E1c-seed1,wic@s1__trec@s1,0.02324685686,0.02320674343,0.009545718903,0.003938753167,0.04267408189
E1c-seed1,wic@s1__yelp_polarity@s1,0.0280004378,0.02814171364,0.0100993532,0.008648717682,0.0473957647
E1c-seed1,snli@s1__scitail@s1,0.05971341901,0.05967739807,0.004578163231,0.05121648788,0.06935377314
E1c-seed1,snli@s1__ag_news@s1,0.02891294145,0.0288686817,0.002225108506,0.02470887392,0.03334957057
E1c-seed1,snli@s1__imdb@s1,0.01780826301,0.01776568734,0.002084957746,0.0135994561,0.02209792478
E1c-seed1,snli@s1__trec@s1,0.02614926704,0.02649204847,0.004318168572,0.01824862451,0.03491758811
E1c-seed1,snli@s1__yelp_polarity@s1,0.02293849675,0.02288996326,0.002032602777,0.01911673323,0.0269681814
E1c-seed1,scitail@s1__ag_news@s1,0.04283216983,0.04280923019,0.005076471007,0.03286396335,0.0525241919
E1c-seed1,scitail@s1__imdb@s1,0.01836641563,0.0183809147,0.003826025414,0.01099229415,0.02679399046
E1c-seed1,scitail@s1__trec@s1,0.03086881131,0.03105076754,0.00524256037,0.02100109361,0.04149831137
E1c-seed1,scitail@s1__yelp_polarity@s1,0.02623142924,0.02619090383,0.0040057662,0.01828438536,0.03422783525
E1c-seed1,ag_news@s1__imdb@s1,0.0390064265,0.03895397615,0.00208182639,0.03491268405,0.0428566794
E1c-seed1,ag_news@s1__trec@s1,0.02290843435,0.02297806673,0.0044237376,0.01494706264,0.0323601701
E1c-seed1,ag_news@s1__yelp_polarity@s1,0.02736586289,0.02738520024,0.001793121822,0.0239339049,0.03106099697
E1c-seed1,imdb@s1__trec@s1,0.01690184739,0.01710076267,0.002958807149,0.0116699612,0.02339375047
E1c-seed1,imdb@s1__yelp_polarity@s1,0.008101058454,0.008121628805,0.001809111315,0.004719925937,0.01189052451
E1c-seed1,trec@s1__yelp_polarity@s1,0.01202516188,0.01228302749,0.003351961427,0.006437726517,0.0190438131
