pair,TA,TA_sel,TA_boundary,PICO_TA,PICO_TA_sel,PICO_TA_boundary,GATE,GATE_sel,GATE_boundary,FORCEGATE,FORCEGATE_sel,FORCEGATE_boundary,GATE_n_fail_layers,TA4_score,PICO_TA_c1_score,sanity_TA_maxdiff_vs_e1c_stage2
cola@s0__cola@s1,1.006402794,"{""lam"": 0.6}",False,1.003527144,"{""c"": 0.9}",False,1.006402794,"{""theta"": 30.0, ""beta"": 1.0, ""lam"": 0.6}",False,1.002371677,"{""force_k"": 1, ""beta"": 1.0, ""lam"": 0.7}",False,0,0.9983665933,1.001198855,0
sst2@s0__sst2@s1,1.012492197,"{""lam"": 0.5}",False,1.013116417,"{""c"": 0.75}",False,1.012492197,"{""theta"": 30.0, ""beta"": 1.0, ""lam"": 0.5}",False,1.008743758,"{""force_k"": 1, ""beta"": 1.0, ""lam"": 0.6}",False,0,1.012492197,0.9987515605,0
mrpc@s0__mrpc@s1,1.004314485,"{""lam"": 0.5}",False,1.005759548,"{""c"": 0.75}",False,1.004314485,"{""theta"": 30.0, ""beta"": 1.0, ""lam"": 0.5}",False,0.994248733,"{""force_k"": 1, ""beta"": 1.0, ""lam"": 0.6}",False,0,1.004314485,0.975541588,0
stsb@s0__stsb@s1,1.002634742,"{""lam"": 0.4}",False,1.00253225,"{""c"": 0.6}",False,1.002634742,"{""theta"": 30.0, ""beta"": 1.0, ""lam"": 0.4}",False,1.001868628,"{""force_k"": 1, ""beta"": 1.0, ""lam"": 0.5}",False,0,1.001166307,0.9947628002,0
mnli@s0__mnli@s1,0.9995117098,"{""lam"": 0.5}",False,0.9966626334,"{""c"": 0.75}",False,0.9995117098,"{""theta"": 30.0, ""beta"": 1.0, ""lam"": 0.5}",False,0.9971458148,"{""force_k"": 1, ""beta"": 1.0, ""lam"": 0.5}",False,0,0.9995117098,0.9531875992,0
qnli@s0__qnli@s1,1.005526607,"{""lam"": 0.6}",False,1.008285208,"{""c"": 0.75}",False,1.005526607,"{""theta"": 30.0, ""beta"": 1.0, ""lam"": 0.6}",False,1.006036917,"{""force_k"": 1, ""beta"": 1.0, ""lam"": 0.5}",False,0,1.007877378,0.9962228675,0
rte@s0__rte@s1,1.02216323,"{""lam"": 0.5}",False,1.013921472,"{""c"": 0.75}",False,1.02216323,"{""theta"": 30.0, ""beta"": 1.0, ""lam"": 0.5}",False,1.01410668,"{""force_k"": 1, ""beta"": 1.0, ""lam"": 0.6}",False,0,1.02216323,1.028089888,0
wic@s0__wic@s1,0.9977578475,"{""lam"": 0.5}",False,1.004494405,"{""c"": 0.75}",False,0.9977578475,"{""theta"": 30.0, ""beta"": 1.0, ""lam"": 0.5}",False,1.010114936,"{""force_k"": 1, ""beta"": 1.0, ""lam"": 0.6}",False,0,0.9977578475,1.020234921,0
snli@s0__snli@s1,0.9970210477,"{""lam"": 0.5}",False,0.9941005953,"{""c"": 0.75}",False,0.9970210477,"{""theta"": 30.0, ""beta"": 1.0, ""lam"": 0.5}",False,0.9923492204,"{""force_k"": 1, ""beta"": 1.0, ""lam"": 0.6}",False,0,0.9970210477,0.9780974669,0
scitail@s0__scitail@s1,1.009842172,"{""lam"": 0.5}",False,1.012301203,"{""c"": 0.75}",False,1.009842172,"{""theta"": 30.0, ""beta"": 1.0, ""lam"": 0.5}",False,1.010661849,"{""force_k"": 1, ""beta"": 1.0, ""lam"": 0.6}",False,0,1.009842172,0.9864823827,0
ag_news@s0__ag_news@s1,0.9946122307,"{""lam"": 0.85}",False,0.9934210279,"{""c"": 1.25}",False,0.9946122307,"{""theta"": 30.0, ""beta"": 1.0, ""lam"": 0.85}",False,0.9957330722,"{""force_k"": 1, ""beta"": 1.0, ""lam"": 0.85}",False,0,0.9946140153,0.9949645871,0
imdb@s0__imdb@s1,1.000561924,"{""lam"": 0.6}",False,1.003933468,"{""c"": 0.75}",False,1.000561924,"{""theta"": 30.0, ""beta"": 1.0, ""lam"": 0.6}",False,1.003315352,"{""force_k"": 1, ""beta"": 1.0, ""lam"": 0.6}",False,0,1.003877276,0.9963474938,0
trec@s0__trec@s1,0.9990283123,"{""lam"": 0.6}",False,0.9980058174,"{""c"": 0.75}",False,0.9990283123,"{""theta"": 30.0, ""beta"": 1.0, ""lam"": 0.6}",False,0.9990410141,"{""force_k"": 1, ""beta"": 1.0, ""lam"": 0.6}",False,0,0.9990156105,0.9990283123,0
yelp_polarity@s0__yelp_polarity@s1,1.000903695,"{""lam"": 0.7}",False,1.000744149,"{""c"": 1.0}",False,1.000903695,"{""theta"": 30.0, ""beta"": 1.0, ""lam"": 0.7}",False,1.000956825,"{""force_k"": 1, ""beta"": 1.0, ""lam"": 0.5}",False,0,1.000903695,1.000744149,0
