pair,t1,t2,t1_task,t2_task,t1_seed,t2_seed,O_A,tv_cosine,mean_theta_min_A_deg,min_theta_min_A_deg,n_layers_theta_min_lt30_A,null_z_O_A,sign_conflict_top20,sign_conflict_all,norm_ratio,tvnorm_t1,tvnorm_t2,same_type,n_layers
ag_news@s0__cola@s1,ag_news@s0,cola@s1,ag_news,cola,0,1,0.04765506791,0.00101939157,69.97917081,24.63707261,1,58.66374528,0.4991542524,0.4996438386,1.344729783,14.8860896,20.01776804,False,168
ag_news@s0__imdb@s1,ag_news@s0,imdb@s1,ag_news,imdb,0,1,0.04469561665,0.0002868552025,70.13422727,22.6381562,1,51.8585648,0.4996940401,0.4998863667,1.104890336,14.8860896,13.47291139,False,168
ag_news@s0__mnli@s1,ag_news@s0,mnli@s1,ag_news,mnli,0,1,0.04879130554,0.000960242303,69.17914905,27.42273209,1,61.27649386,0.4990759551,0.4997019701,1.007222095,14.8860896,14.77935172,False,168
ag_news@s0__mrpc@s1,ag_news@s0,mrpc@s1,ag_news,mrpc,0,1,0.0459189201,0.0002435624283,70.77558135,22.97732477,1,54.67151897,0.4998238855,0.4999626579,1.487324247,14.8860896,10.00863775,False,168
ag_news@s0__qnli@s1,ag_news@s0,qnli@s1,ag_news,qnli,0,1,0.04829242185,0.001624220517,69.24835751,24.81504144,1,60.12932392,0.4984713723,0.499581571,1.069753192,14.8860896,13.91544302,False,168
ag_news@s0__rte@s1,ag_news@s0,rte@s1,ag_news,rte,0,1,0.04720284271,9.835603969e-06,70.68783559,26.50166398,1,57.62386531,0.4998964139,0.4999856131,1.848157597,14.8860896,8.054556397,False,168
ag_news@s0__scitail@s1,ag_news@s0,scitail@s1,ag_news,scitail,0,1,0.05119024031,0.0004238410152,68.9831516,24.34222063,1,66.79278141,0.499642829,0.4999051831,1.196596691,14.8860896,12.44035664,False,168
ag_news@s0__snli@s1,ag_news@s0,snli@s1,ag_news,snli,0,1,0.04872112493,0.0006083152601,69.28686416,34.49457893,0,61.1151154,0.4992763981,0.4998488011,1.151796571,14.8860896,12.92423504,False,168
ag_news@s0__sst2@s1,ag_news@s0,sst2@s1,ag_news,sst2,0,1,0.04859973751,0.001447374632,69.24273332,26.67442833,1,60.83598821,0.4986750479,0.499651482,1.182008692,14.8860896,12.59389182,False,168
ag_news@s0__stsb@s1,ag_news@s0,stsb@s1,ag_news,stsb,0,1,0.04947453685,0.001520253248,68.86025482,23.03636292,1,62.84756634,0.498591553,0.4994706039,1.321498394,14.8860896,11.26455368,False,168
ag_news@s0__trec@s1,ag_news@s0,trec@s1,ag_news,trec,0,1,0.04502189962,0.0002643411919,71.18243638,25.35010205,1,52.60884393,0.4997825517,0.4998848269,1.060445141,14.8860896,14.03758574,False,168
ag_news@s0__wic@s1,ag_news@s0,wic@s1,ag_news,wic,0,1,0.0482417569,4.874473845e-05,69.7905595,27.41717055,1,60.0128212,0.499926975,0.4998690343,1.064567629,14.8860896,15.8472491,False,168
ag_news@s0__yelp_polarity@s1,ag_news@s0,yelp_polarity@s1,ag_news,yelp_polarity,0,1,0.04727041326,0.0005308836385,69.79238021,26.90361253,1,57.779242,0.4995993785,0.4998723711,1.193310406,14.8860896,12.47461643,False,168
cola@s0__imdb@s1,cola@s0,imdb@s1,cola,imdb,0,1,0.04085286827,-1.551247892e-05,71.71929958,31.81916286,0,43.02226579,0.4998610571,0.4999790513,1.455970397,19.61616016,13.47291139,False,168
cola@s0__mnli@s1,cola@s0,mnli@s1,cola,mnli,0,1,0.05097981742,0.0002900638567,69.59304667,28.04736521,1,66.30891949,0.4997077149,0.4997606662,1.32726797,19.61616016,14.77935172,False,168
cola@s0__mrpc@s1,cola@s0,mrpc@s1,cola,mrpc,0,1,0.04511573236,0.000201334136,70.80256298,27.40942744,1,52.82460984,0.4996184661,0.4999598716,1.959923084,19.61616016,10.00863775,False,168
cola@s0__qnli@s1,cola@s0,qnli@s1,cola,qnli,0,1,0.04683984898,0.0002130375441,70.30443318,30.23403112,0,56.78917075,0.4996875114,0.4998961173,1.40966839,19.61616016,13.91544302,False,168
cola@s0__rte@s1,cola@s0,rte@s1,cola,rte,0,1,0.04503195727,7.462312628e-05,71.36496025,27.7719026,1,52.63197123,0.5000451203,0.4999435341,2.435411609,19.61616016,8.054556397,False,168
cola@s0__scitail@s1,cola@s0,scitail@s1,cola,scitail,0,1,0.04882234349,0.0002359474387,69.65318056,23.76456308,1,61.34786483,0.4998768932,0.4999294323,1.576816543,19.61616016,12.44035664,False,168
cola@s0__snli@s1,cola@s0,snli@s1,cola,snli,0,1,0.04974974706,0.0002905110927,69.57277461,28.49587818,1,63.48040498,0.4997446488,0.4997864887,1.517781138,19.61616016,12.92423504,False,168
cola@s0__sst2@s1,cola@s0,sst2@s1,cola,sst2,0,1,0.05030129849,2.816082545e-05,69.7267874,28.94201266,1,64.74868303,0.5001710782,0.4999608134,1.557593192,19.61616016,12.59389182,False,168
cola@s0__stsb@s1,cola@s0,stsb@s1,cola,stsb,0,1,0.05048693867,0.0005777443956,69.32590342,21.94849878,2,65.17555775,0.4994802523,0.4997069502,1.741405892,19.61616016,11.26455368,False,168
cola@s0__trec@s1,cola@s0,trec@s1,cola,trec,0,1,0.04794186731,8.328487656e-05,70.9583219,25.50446444,1,59.32323296,0.5000615179,0.4999556182,1.397402696,19.61616016,14.03758574,False,168
cola@s0__wic@s1,cola@s0,wic@s1,cola,wic,0,1,0.05023426507,0.0005446477553,69.62495869,28.49249281,1,64.59454143,0.4995085842,0.499697943,1.237827463,19.61616016,15.8472491,False,168
cola@s0__yelp_polarity@s1,cola@s0,yelp_polarity@s1,cola,yelp_polarity,0,1,0.04446303256,0.0001958050464,71.20716044,33.57827476,0,51.32374379,0.4997450963,0.4999722044,1.572486037,19.61616016,12.47461643,False,168
imdb@s0__mnli@s1,imdb@s0,mnli@s1,imdb,mnli,0,1,0.05017744455,0.0009095399958,67.77730598,28.07901665,1,64.46388414,0.4991557698,0.4995715131,1.097349979,13.46822071,14.77935172,False,168
imdb@s0__mrpc@s1,imdb@s0,mrpc@s1,imdb,mrpc,0,1,0.04276737817,-8.132903622e-05,71.21014114,24.88826711,1,47.42463105,0.5000372157,0.5000455724,1.345659725,13.46822071,10.00863775,False,168
imdb@s0__qnli@s1,imdb@s0,qnli@s1,imdb,qnli,0,1,0.05238577421,0.001423869532,67.9973795,29.41342415,1,69.54188021,0.4989285658,0.4994929163,1.033205746,13.46822071,13.91544302,False,168
imdb@s0__rte@s1,imdb@s0,rte@s1,imdb,rte,0,1,0.04479193312,5.867907449e-05,70.64138353,28.12179521,1,52.08004199,0.4999723924,0.5000105722,1.672124453,13.46822071,8.054556397,False,168
imdb@s0__scitail@s1,imdb@s0,scitail@s1,imdb,scitail,0,1,0.05038514307,-8.136185521e-05,68.45363434,21.47939497,1,64.94148143,0.5002100805,0.5000194256,1.08262336,13.46822071,12.44035664,False,168
imdb@s0__snli@s1,imdb@s0,snli@s1,imdb,snli,0,1,0.0501103064,0.0007636981576,67.99672256,27.71914058,1,64.30950174,0.4994443764,0.4995839493,1.042090358,13.46822071,12.92423504,False,168
imdb@s0__sst2@s1,imdb@s0,sst2@s1,imdb,sst2,0,1,0.05467985799,0.001802221156,66.78675576,32.3110579,0,74.81706564,0.4982360864,0.4996184408,1.069424838,13.46822071,12.59389182,True,168
imdb@s0__stsb@s1,imdb@s0,stsb@s1,imdb,stsb,0,1,0.0515955484,0.001028267809,67.4749052,31.08277685,0,67.72477671,0.4993124198,0.4995820461,1.195628437,13.46822071,11.26455368,False,168
imdb@s0__trec@s1,imdb@s0,trec@s1,imdb,trec,0,1,0.04179732823,0.0001133550635,71.90330212,24.02190973,1,45.19402667,0.4997926082,0.4999326461,1.042274703,13.46822071,14.03758574,False,168
imdb@s0__wic@s1,imdb@s0,wic@s1,imdb,wic,0,1,0.04716053738,0.0002436776363,69.41415126,31.44386064,0,57.52658531,0.4997686919,0.4999207829,1.17664014,13.46822071,15.8472491,False,168
imdb@s0__yelp_polarity@s1,imdb@s0,yelp_polarity@s1,imdb,yelp_polarity,0,1,0.06446504803,0.007190514781,63.53470431,23.79254951,1,97.31785325,0.4934452757,0.4986243615,1.079650087,13.46822071,12.47461643,True,168
mnli@s0__mrpc@s1,mnli@s0,mrpc@s1,mnli,mrpc,0,1,0.05119650599,0.001202111762,69.35549385,30.38479396,0,66.80718917,0.4987437572,0.4996991168,1.558842996,15.60189485,10.00863775,False,168
mnli@s0__qnli@s1,mnli@s0,qnli@s1,mnli,qnli,0,1,0.0535933777,0.002096857171,67.620643,33.14973863,0,72.31873273,0.4976226976,0.4993196397,1.121192823,15.60189485,13.91544302,True,168
mnli@s0__rte@s1,mnli@s0,rte@s1,mnli,rte,0,1,0.05307772684,0.001400377121,69.15647612,26.71371135,1,71.13300712,0.4985576345,0.4998918862,1.937027203,15.60189485,8.054556397,True,168
mnli@s0__scitail@s1,mnli@s0,scitail@s1,mnli,scitail,0,1,0.05861837556,0.003027679234,66.31367419,28.75818977,2,83.8735834,0.4968811166,0.4993341355,1.254135657,15.60189485,12.44035664,True,168
mnli@s0__snli@s1,mnli@s0,snli@s1,mnli,snli,0,1,0.05901656726,0.006097140652,65.67140741,28.27030826,2,84.78921476,0.4942491436,0.4990464179,1.2071813,15.60189485,12.92423504,True,168
mnli@s0__sst2@s1,mnli@s0,sst2@s1,mnli,sst2,0,1,0.05363951497,0.001421857469,67.9722415,30.79462059,0,72.42482419,0.4986369661,0.4996337919,1.238846187,15.60189485,12.59389182,False,168
mnli@s0__stsb@s1,mnli@s0,stsb@s1,mnli,stsb,0,1,0.05740755336,0.003173341084,66.55967689,31.81053198,0,81.08932953,0.4967054282,0.4989643362,1.385043322,15.60189485,11.26455368,False,168
mnli@s0__trec@s1,mnli@s0,trec@s1,mnli,trec,0,1,0.04380053113,0.0001930757626,71.45119766,27.47016764,1,49.80033915,0.4997581294,0.4999263218,1.11143719,15.60189485,14.03758574,False,168
mnli@s0__wic@s1,mnli@s0,wic@s1,mnli,wic,0,1,0.05483933097,0.001282993213,67.52422849,31.81970217,0,75.18376957,0.4988453319,0.499526114,1.015725927,15.60189485,15.8472491,False,168
mnli@s0__yelp_polarity@s1,mnli@s0,yelp_polarity@s1,mnli,yelp_polarity,0,1,0.04940836655,0.0008026062072,69.07229145,22.53831435,1,62.69540947,0.4991264906,0.4998059088,1.250691349,15.60189485,12.47461643,False,168
mrpc@s0__qnli@s1,mrpc@s0,qnli@s1,mrpc,qnli,0,1,0.04920824754,0.0004539986677,69.40047976,33.14526348,0,62.23524106,0.499643948,0.4999218141,1.328997482,10.47063159,13.91544302,False,168
mrpc@s0__rte@s1,mrpc@s0,rte@s1,mrpc,rte,0,1,0.04846819887,0.0004765548939,70.35042638,30.01875412,0,60.53351858,0.499496877,0.4999074635,1.299963782,10.47063159,8.054556397,False,168
mrpc@s0__scitail@s1,mrpc@s0,scitail@s1,mrpc,scitail,0,1,0.04884648638,0.0005730662881,70.02125847,27.0366641,1,61.40338077,0.4993350791,0.4998960558,1.188119029,10.47063159,12.44035664,False,168
mrpc@s0__snli@s1,mrpc@s0,snli@s1,mrpc,snli,0,1,0.04736627316,0.0002800899428,69.81672709,28.93637548,1,57.99966932,0.4997086938,0.4998974894,1.234331943,10.47063159,12.92423504,False,168
mrpc@s0__sst2@s1,mrpc@s0,sst2@s1,mrpc,sst2,0,1,0.04470012798,0.000107261354,70.94595507,30.84687921,0,51.86893849,0.4998963944,0.5000274239,1.20278244,10.47063159,12.59389182,False,168
mrpc@s0__stsb@s1,mrpc@s0,stsb@s1,mrpc,stsb,0,1,0.04937892108,0.001410771198,69.23664731,28.22693673,1,62.62770039,0.4983702093,0.4996253436,1.075823706,10.47063159,11.26455368,False,168
mrpc@s0__trec@s1,mrpc@s0,trec@s1,mrpc,trec,0,1,0.04189963821,0.0002160848097,72.04339691,24.30355939,1,45.42928578,0.4997285456,0.4999656593,1.34066275,10.47063159,14.03758574,False,168
mrpc@s0__wic@s1,mrpc@s0,wic@s1,mrpc,wic,0,1,0.04741612991,0.0003980519726,69.94385457,30.16869338,0,58.11431362,0.4996377782,0.4999981304,1.513495052,10.47063159,15.8472491,False,168
mrpc@s0__yelp_polarity@s1,mrpc@s0,yelp_polarity@s1,mrpc,yelp_polarity,0,1,0.04334098182,-0.0002340259137,71.19212722,21.11631799,1,48.74361758,0.5003781862,0.5000414475,1.191391018,10.47063159,12.47461643,False,168
qnli@s0__rte@s1,qnli@s0,rte@s1,qnli,rte,0,1,0.05116736108,6.982204868e-05,69.1578124,25.65072181,1,66.7401712,0.4998526892,0.5001681345,1.846200241,14.87032396,8.054556397,True,168
qnli@s0__scitail@s1,qnli@s0,scitail@s1,qnli,scitail,0,1,0.05803069447,0.001718220513,65.94773116,30.05759721,0,82.52222615,0.4984086885,0.4995971093,1.195329393,14.87032396,12.44035664,True,168
qnli@s0__snli@s1,qnli@s0,snli@s1,qnli,snli,0,1,0.05487243672,0.00158480155,66.72198509,28.57443648,1,75.25989537,0.4985492703,0.499509198,1.15057672,14.87032396,12.92423504,True,168
qnli@s0__sst2@s1,qnli@s0,sst2@s1,qnli,sst2,0,1,0.05022014884,0.001363020678,68.3054753,29.72741892,1,64.56208153,0.4988645205,0.4996032715,1.180756844,14.87032396,12.59389182,False,168
qnli@s0__stsb@s1,qnli@s0,stsb@s1,qnli,stsb,0,1,0.05793628101,0.003341030347,65.97714977,24.70842144,1,82.30512488,0.4972368859,0.4985497024,1.320098814,14.87032396,11.26455368,False,168
qnli@s0__trec@s1,qnli@s0,trec@s1,qnli,trec,0,1,0.04593315215,0.0002501586621,70.83827664,24.58475967,1,54.70424518,0.4996220447,0.4998829908,1.05932204,14.87032396,14.03758574,False,168
qnli@s0__wic@s1,qnli@s0,wic@s1,qnli,wic,0,1,0.052999333,0.0007361275805,67.71802503,31.75687106,0,70.95274255,0.499368466,0.4994973487,1.065696292,14.87032396,15.8472491,False,168
qnli@s0__yelp_polarity@s1,qnli@s0,yelp_polarity@s1,qnli,yelp_polarity,0,1,0.04962746881,0.001105181449,68.64833238,27.21862791,1,63.19922936,0.4991650361,0.4997972258,1.192046588,14.87032396,12.47461643,False,168
rte@s0__scitail@s1,rte@s0,scitail@s1,rte,scitail,0,1,0.05547207793,0.001977365595,67.59676336,27.3142022,2,76.6387546,0.4980384104,0.4994908315,1.572534448,7.91102329,12.44035664,True,168
rte@s0__snli@s1,rte@s0,snli@s1,rte,snli,0,1,0.05280403824,0.0009932209877,68.02532028,23.1786202,1,70.50366737,0.4990274733,0.4998953599,1.633699531,7.91102329,12.92423504,True,168
rte@s0__sst2@s1,rte@s0,sst2@s1,rte,sst2,0,1,0.04794285312,0.0002558470161,70.23579842,34.93201092,0,59.32549981,0.499776106,0.4999193492,1.591942199,7.91102329,12.59389182,False,168
rte@s0__stsb@s1,rte@s0,stsb@s1,rte,stsb,0,1,0.05426845669,0.0007112598268,67.59551189,27.07333673,2,73.87105915,0.499188795,0.4997761038,1.423906019,7.91102329,11.26455368,False,168
rte@s0__trec@s1,rte@s0,trec@s1,rte,trec,0,1,0.04470866429,-3.959293514e-05,71.40618892,27.72504332,1,51.8885675,0.4999801099,0.4999929128,1.774433626,7.91102329,14.03758574,False,168
rte@s0__wic@s1,rte@s0,wic@s1,rte,wic,0,1,0.0510602506,0.0006199389405,69.31644612,30.35280095,0,66.49387347,0.4993483406,0.4998265892,2.003185748,7.91102329,15.8472491,False,168
rte@s0__yelp_polarity@s1,rte@s0,yelp_polarity@s1,rte,yelp_polarity,0,1,0.04666317703,0.0001559180174,70.31395297,21.55493997,1,56.38291825,0.4999357382,0.5000096835,1.576865088,7.91102329,12.47461643,False,168
scitail@s0__snli@s1,scitail@s0,snli@s1,scitail,snli,0,1,0.0560668884,0.001173902482,66.72750825,30.14356218,0,78.00650566,0.4986708321,0.4995789888,1.078315895,13.93640807,12.92423504,True,168
scitail@s0__sst2@s1,scitail@s0,sst2@s1,scitail,sst2,0,1,0.04838244838,0.0005438538522,68.93991007,31.95021522,0,60.33633756,0.4996380131,0.4998762892,1.106600587,13.93640807,12.59389182,False,168
scitail@s0__stsb@s1,scitail@s0,stsb@s1,scitail,stsb,0,1,0.05626056532,0.002188488834,66.23961034,26.7228539,1,78.45186066,0.4980722364,0.4993967133,1.237191323,13.93640807,11.26455368,False,168
scitail@s0__trec@s1,scitail@s0,trec@s1,scitail,trec,0,1,0.04357365744,-1.381505283e-05,71.57393373,30.77579678,0,49.27864904,0.4999744354,0.5000108824,1.007259953,13.93640807,14.03758574,False,168
scitail@s0__wic@s1,scitail@s0,wic@s1,scitail,wic,0,1,0.05317705153,3.420796966e-05,68.1077971,23.80018224,1,71.36140163,0.4999389169,0.4998968802,1.137111444,13.93640807,15.8472491,False,168
scitail@s0__yelp_polarity@s1,scitail@s0,yelp_polarity@s1,scitail,yelp_polarity,0,1,0.04840398166,2.64993344e-05,68.88158882,22.0876559,1,60.38585277,0.5001213227,0.4999809489,1.11718129,13.93640807,12.47461643,False,168
snli@s0__sst2@s1,snli@s0,sst2@s1,snli,sst2,0,1,0.0512400942,0.000942041598,68.35398237,26.26921619,1,66.90741912,0.4989965298,0.499737479,1.025828832,12.2767965,12.59389182,False,168
snli@s0__stsb@s1,snli@s0,stsb@s1,snli,stsb,0,1,0.0625958255,0.003862907027,65.22015076,30.08085042,0,93.0196251,0.4963028573,0.4987717066,1.08986089,12.2767965,11.26455368,False,168
snli@s0__trec@s1,snli@s0,trec@s1,snli,trec,0,1,0.04472367607,7.554112031e-05,71.36367319,27.92186357,1,51.92308669,0.4999067069,0.4999792581,1.143424161,12.2767965,14.03758574,False,168
snli@s0__wic@s1,snli@s0,wic@s1,snli,wic,0,1,0.05148244683,0.000457949088,68.72445521,27.08904011,1,67.46470262,0.4995481626,0.4998782511,1.290829338,12.2767965,15.8472491,False,168
snli@s0__yelp_polarity@s1,snli@s0,yelp_polarity@s1,snli,yelp_polarity,0,1,0.04880479598,0.0009410669428,68.92635215,29.23365009,1,61.30751479,0.4992366796,0.4998375554,1.016113319,12.2767965,12.47461643,False,168
sst2@s0__stsb@s1,sst2@s0,stsb@s1,sst2,stsb,0,1,0.05099674218,0.0007073155031,68.16338284,25.39085931,1,66.34783753,0.4993276066,0.4996806553,1.199045635,13.50671393,11.26455368,False,168
sst2@s0__trec@s1,sst2@s0,trec@s1,sst2,trec,0,1,0.04645561239,0.0001467873004,70.87042061,23.44987805,1,55.9056288,0.4998118062,0.4999409882,1.039304291,13.50671393,14.03758574,False,168
sst2@s0__wic@s1,sst2@s0,wic@s1,sst2,wic,0,1,0.0515821166,0.0002364258257,68.66499616,30.12053813,0,67.69389064,0.4998170053,0.4998396961,1.173286796,13.50671393,15.8472491,False,168
sst2@s0__yelp_polarity@s1,sst2@s0,yelp_polarity@s1,sst2,yelp_polarity,0,1,0.05192356199,0.00144537772,67.98164392,27.67041713,1,68.47903534,0.49841757,0.4995711582,1.08273581,13.50671393,12.47461643,True,168
stsb@s0__trec@s1,stsb@s0,trec@s1,stsb,trec,0,1,0.04501590017,0.0001794583706,71.18868885,23.5312532,1,52.59504835,0.4997347386,0.4999893077,1.18551001,11.84096771,14.03758574,False,168
stsb@s0__wic@s1,stsb@s0,wic@s1,stsb,wic,0,1,0.0541016039,0.0006305768066,68.09945385,27.77948667,1,73.48738554,0.4994026726,0.4997218569,1.338340708,11.84096771,15.8472491,False,168
stsb@s0__yelp_polarity@s1,stsb@s0,yelp_polarity@s1,stsb,yelp_polarity,0,1,0.04864184457,0.0008147505464,69.09309912,27.59572315,1,60.9328123,0.4991591254,0.4996010721,1.053513255,11.84096771,12.47461643,False,168
trec@s0__wic@s1,trec@s0,wic@s1,trec,wic,0,1,0.04809433848,9.08389495e-05,70.2677019,27.4259759,2,59.67383641,0.499755833,0.5000195234,1.1442262,13.849752,15.8472491,False,168
trec@s0__yelp_polarity@s1,trec@s0,yelp_polarity@s1,trec,yelp_polarity,0,1,0.04242419904,0.0001099309008,71.6320983,28.98324798,1,46.63549964,0.4999013304,0.5000101893,1.110234697,13.849752,12.47461643,False,168
wic@s0__yelp_polarity@s1,wic@s0,yelp_polarity@s1,wic,yelp_polarity,0,1,0.04502276814,0.000118715893,70.54145236,21.44610533,1,52.61084106,0.4998208468,0.49992832,1.16365719,14.5161771,12.47461643,False,168
cola@s0__sst2@s0,cola@s0,sst2@s0,cola,sst2,0,0,0.06006719549,0.01102063492,67.47537182,14.57496959,2,87.2051068,0.4921356634,0.4942618038,1.452326618,19.61616016,13.50671393,False,168
cola@s0__mrpc@s0,cola@s0,mrpc@s0,cola,mrpc,0,0,0.0557520991,0.01022886554,68.29282403,18.44942898,2,77.28265591,0.4905633428,0.4948522239,1.873445741,19.61616016,10.47063159,False,168
cola@s0__stsb@s0,cola@s0,stsb@s0,cola,stsb,0,0,0.05090677685,0.005991306386,69.49992223,27.07282516,1,66.14096461,0.4942930888,0.4964785537,1.656634883,19.61616016,11.84096771,False,168
cola@s0__mnli@s0,cola@s0,mnli@s0,cola,mnli,0,0,0.06064641206,0.01427940776,66.61156922,15.25407525,2,88.53700007,0.4901412748,0.4937347105,1.257293447,19.61616016,15.60189485,False,168
cola@s0__qnli@s0,cola@s0,qnli@s0,cola,qnli,0,0,0.05529059392,0.008986620342,68.20198001,21.86027889,2,76.22143687,0.4922613683,0.494761177,1.319148138,19.61616016,14.87032396,False,168
cola@s0__rte@s0,cola@s0,rte@s0,cola,rte,0,0,0.05112734478,0.006123261023,69.21258115,29.48002635,1,66.64815478,0.4936881683,0.4958056411,2.479598332,19.61616016,7.91102329,False,168
cola@s0__wic@s0,cola@s0,wic@s0,cola,wic,0,0,0.0685412398,0.01706416664,64.80385574,13.93573047,4,106.6909492,0.486246419,0.4848443699,1.351331003,19.61616016,14.5161771,False,168
cola@s0__snli@s0,cola@s0,snli@s0,cola,snli,0,0,0.05354564984,0.00448459599,69.09655109,30.86899687,0,72.20898376,0.4958371607,0.4973859095,1.597824005,19.61616016,12.2767965,False,168
cola@s0__scitail@s0,cola@s0,scitail@s0,cola,scitail,0,0,0.05385045908,0.006891188795,68.57965794,20.94056042,2,72.90988461,0.4949139975,0.4935013125,1.407547774,19.61616016,13.93640807,False,168
cola@s0__ag_news@s0,cola@s0,ag_news@s0,cola,ag_news,0,0,0.04787596012,0.002909158251,70.42183906,26.57956533,2,59.17168111,0.4976861427,0.4985639384,1.317751047,19.61616016,14.8860896,False,168
cola@s0__imdb@s0,cola@s0,imdb@s0,cola,imdb,0,0,0.05131001241,0.00346269059,69.5302909,34.55988945,0,67.06819419,0.4971480224,0.4953949086,1.45647748,19.61616016,13.46822071,False,168
cola@s0__trec@s0,cola@s0,trec@s0,cola,trec,0,0,0.0498747782,0.002684842996,70.15408269,22.60958011,2,63.76791082,0.4970933667,0.4989885379,1.416354615,19.61616016,13.849752,False,168
cola@s0__yelp_polarity@s0,cola@s0,yelp_polarity@s0,cola,yelp_polarity,0,0,0.05146281584,0.003166640664,69.58870407,25.98795308,1,67.41956166,0.4981231326,0.496611649,1.434206134,19.61616016,13.67736457,False,168
sst2@s0__mrpc@s0,sst2@s0,mrpc@s0,sst2,mrpc,0,0,0.05486424922,0.008794473953,68.43243319,24.25312424,3,75.24106844,0.4937645727,0.4947651902,1.289961719,13.50671393,10.47063159,False,168
sst2@s0__stsb@s0,sst2@s0,stsb@s0,sst2,stsb,0,0,0.05367067269,0.0104047651,68.47961857,23.77123221,1,72.49647054,0.4893748033,0.4953786885,1.140676528,13.50671393,11.84096771,False,168
sst2@s0__mnli@s0,sst2@s0,mnli@s0,sst2,mnli,0,0,0.06272081201,0.01885518674,66.2788981,19.44974967,2,93.30702831,0.4856569581,0.4931932275,1.155121441,13.50671393,15.60189485,False,168
sst2@s0__qnli@s0,sst2@s0,qnli@s0,sst2,qnli,0,0,0.05571881034,0.0118800466,68.02679753,24.20278658,2,77.2061093,0.4884112771,0.495213343,1.100957941,13.50671393,14.87032396,False,168
sst2@s0__rte@s0,sst2@s0,rte@s0,sst2,rte,0,0,0.05361821417,0.006255034939,68.76515291,26.86685992,2,72.37584356,0.4931759486,0.4961438245,1.707328298,13.50671393,7.91102329,False,168
sst2@s0__wic@s0,sst2@s0,wic@s0,sst2,wic,0,0,0.06102932494,0.01198767085,67.12804026,19.20791632,5,89.4174982,0.4903500991,0.4925834237,1.074737881,13.50671393,14.5161771,False,168
sst2@s0__snli@s0,sst2@s0,snli@s0,sst2,snli,0,0,0.05405289224,0.009743099996,68.67293879,33.07789476,0,73.37537435,0.4900642159,0.4958210257,1.100182277,13.50671393,12.2767965,False,168
sst2@s0__scitail@s0,sst2@s0,scitail@s0,sst2,scitail,0,0,0.05452133219,0.01028512568,68.46044085,21.49206628,2,74.45253973,0.491507745,0.4949477199,1.031813374,13.50671393,13.93640807,False,168
sst2@s0__ag_news@s0,sst2@s0,ag_news@s0,sst2,ag_news,0,0,0.0514352854,0.008488673313,69.3591735,25.95797175,2,67.35625615,0.4916489071,0.4970293876,1.102125186,13.50671393,14.8860896,False,168
sst2@s0__imdb@s0,sst2@s0,imdb@s0,sst2,imdb,0,0,0.06115134445,0.02828984572,66.41863518,28.02852386,1,89.69807886,0.4729235632,0.4879199716,1.002858077,13.50671393,13.46822071,True,168
sst2@s0__trec@s0,sst2@s0,trec@s0,sst2,trec,0,0,0.05028537661,0.00252173508,69.69155474,25.42821085,2,64.71207107,0.4973317565,0.4989362975,1.025397596,13.50671393,13.849752,False,168
sst2@s0__yelp_polarity@s0,sst2@s0,yelp_polarity@s0,sst2,yelp_polarity,0,0,0.06306934415,0.03140254273,66.05140637,31.21354203,0,94.1084688,0.469647979,0.4874069018,1.012634505,13.50671393,13.67736457,True,168
mrpc@s0__stsb@s0,mrpc@s0,stsb@s0,mrpc,stsb,0,0,0.05333457684,0.01456476417,68.691569,25.33070942,1,71.72362695,0.4854489246,0.4948526795,1.130874256,10.47063159,11.84096771,False,168
mrpc@s0__mnli@s0,mrpc@s0,mnli@s0,mrpc,mnli,0,0,0.06032284118,0.01237350231,67.19278842,20.87461902,3,87.79295734,0.4892514706,0.4960706774,1.490062439,10.47063159,15.60189485,False,168
mrpc@s0__qnli@s0,mrpc@s0,qnli@s0,mrpc,qnli,0,0,0.06109897784,0.01555963368,66.96318515,22.39956146,2,89.57766321,0.4842685944,0.4946674864,1.420193598,10.47063159,14.87032396,False,168
mrpc@s0__rte@s0,mrpc@s0,rte@s0,mrpc,rte,0,0,0.06166332018,0.01432819743,66.65430258,16.81920403,2,90.8753536,0.485762993,0.4931932442,1.323549585,10.47063159,7.91102329,False,168
mrpc@s0__wic@s0,mrpc@s0,wic@s0,mrpc,wic,0,0,0.06509066069,0.01381870593,66.14473295,21.11756842,3,98.75643313,0.4876469209,0.4888601226,1.386370724,10.47063159,14.5161771,False,168
mrpc@s0__snli@s0,mrpc@s0,snli@s0,mrpc,snli,0,0,0.05320687988,0.008634243052,68.85246202,30.05423147,0,71.42999114,0.4914119404,0.4967529017,1.172498182,10.47063159,12.2767965,False,168
mrpc@s0__scitail@s0,mrpc@s0,scitail@s0,mrpc,scitail,0,0,0.06029757473,0.01127922421,67.5537117,23.9722332,2,87.7348578,0.4910703861,0.4949955643,1.330999754,10.47063159,13.93640807,False,168
mrpc@s0__ag_news@s0,mrpc@s0,ag_news@s0,mrpc,ag_news,0,0,0.05069386119,0.005739604066,69.73729283,28.44162496,2,65.65137063,0.494557017,0.4976065835,1.421699299,10.47063159,14.8860896,False,168
mrpc@s0__imdb@s0,mrpc@s0,imdb@s0,mrpc,imdb,0,0,0.05342525708,0.005437186068,68.77818685,29.06287302,1,71.93214378,0.4957680301,0.4948111035,1.286285416,10.47063159,13.46822071,False,168
mrpc@s0__trec@s0,mrpc@s0,trec@s0,mrpc,trec,0,0,0.0474228812,0.0025718526,70.39418671,26.33624201,2,58.12983804,0.497284752,0.4987926805,1.322723646,10.47063159,13.849752,False,168
mrpc@s0__yelp_polarity@s0,mrpc@s0,yelp_polarity@s0,mrpc,yelp_polarity,0,0,0.05286722146,0.007926205141,68.54896686,23.78940117,2,70.64895553,0.493397223,0.4954168047,1.306259747,10.47063159,13.67736457,False,168
stsb@s0__mnli@s0,stsb@s0,mnli@s0,stsb,mnli,0,0,0.06389073157,0.02623752925,65.42729784,24.50626371,1,95.99722763,0.4737960991,0.4901128301,1.317619914,11.84096771,15.60189485,False,168
stsb@s0__qnli@s0,stsb@s0,qnli@s0,stsb,qnli,0,0,0.06099140401,0.02399946402,66.17589863,26.18087598,1,89.33030001,0.4772447571,0.4903115437,1.255836881,11.84096771,14.87032396,False,168
stsb@s0__rte@s0,stsb@s0,rte@s0,stsb,rte,0,0,0.06809634356,0.03357713891,64.68403789,28.42355283,1,105.667922,0.4656351005,0.4867652139,1.496768152,11.84096771,7.91102329,False,168
stsb@s0__wic@s0,stsb@s0,wic@s0,stsb,wic,0,0,0.05785255948,0.009556821285,67.61649164,27.16472171,1,82.11260942,0.4908855914,0.4957571959,1.225928274,11.84096771,14.5161771,False,168
stsb@s0__snli@s0,stsb@s0,snli@s0,stsb,snli,0,0,0.08445787234,0.04810853283,60.72472841,29.0343472,1,143.2908279,0.4524686273,0.4810524462,1.036806856,11.84096771,12.2767965,False,168
stsb@s0__scitail@s0,stsb@s0,scitail@s0,stsb,scitail,0,0,0.05695206992,0.01825826214,67.80264644,30.47559398,0,80.04195732,0.483194133,0.4937712673,1.176965297,11.84096771,13.93640807,False,168
stsb@s0__ag_news@s0,stsb@s0,ag_news@s0,stsb,ag_news,0,0,0.05523292305,0.01524002384,67.64206494,25.41820528,1,76.08882422,0.4858314569,0.4944870666,1.25716833,11.84096771,14.8860896,False,168
stsb@s0__imdb@s0,stsb@s0,imdb@s0,stsb,imdb,0,0,0.05463416851,0.01270814378,67.7056764,29.89494482,1,74.71200388,0.4898226014,0.4932334453,1.137425677,11.84096771,13.46822071,False,168
stsb@s0__trec@s0,stsb@s0,trec@s0,stsb,trec,0,0,0.04758302712,0.002664244187,70.46509728,26.43478035,1,58.49808936,0.4970748737,0.4987245469,1.16964697,11.84096771,13.849752,False,168
stsb@s0__yelp_polarity@s0,stsb@s0,yelp_polarity@s0,stsb,yelp_polarity,0,0,0.05571930784,0.0172437237,67.83672412,31.64754,0,77.20725329,0.4848539319,0.4927935394,1.155088411,11.84096771,13.67736457,False,168
mnli@s0__qnli@s0,mnli@s0,qnli@s0,mnli,qnli,0,0,0.06349675945,0.02207147475,65.53915771,25.41929844,1,95.09129907,0.4784777177,0.4906318217,1.049196702,15.60189485,14.87032396,True,168
mnli@s0__rte@s0,mnli@s0,rte@s0,mnli,rte,0,0,0.06326042788,0.02879761521,65.81613546,24.51229953,3,94.54786084,0.4705540143,0.4900407616,1.972171523,15.60189485,7.91102329,True,168
mnli@s0__wic@s0,mnli@s0,wic@s0,mnli,wic,0,0,0.06531479004,0.0163028538,65.38886833,17.64862509,2,99.27181268,0.4875311193,0.4925251161,1.074793642,15.60189485,14.5161771,False,168
mnli@s0__snli@s0,mnli@s0,snli@s0,mnli,snli,0,0,0.07295466871,0.05172803435,64.10161009,24.24476606,1,116.8395131,0.4488495538,0.4776352544,1.270844137,15.60189485,12.2767965,True,168
mnli@s0__scitail@s0,mnli@s0,scitail@s0,mnli,scitail,0,0,0.06578225405,0.01998923408,65.51941589,22.29309764,1,100.3467339,0.4826140288,0.4936024369,1.119506172,15.60189485,13.93640807,True,168
mnli@s0__ag_news@s0,mnli@s0,ag_news@s0,mnli,ag_news,0,0,0.05482409302,0.01062037981,68.65346861,22.45642479,3,75.14873031,0.4900318406,0.4956452534,1.048085513,15.60189485,14.8860896,False,168
mnli@s0__imdb@s0,mnli@s0,imdb@s0,mnli,imdb,0,0,0.05585007725,0.008157937769,67.80929956,28.47765284,1,77.50795411,0.493311497,0.4948892475,1.158422867,15.60189485,13.46822071,False,168
mnli@s0__trec@s0,mnli@s0,trec@s0,mnli,trec,0,0,0.05028748734,0.003174209551,69.61674072,21.78539318,2,64.71692464,0.4972516442,0.4983509357,1.126510775,15.60189485,13.849752,False,168
mnli@s0__yelp_polarity@s0,mnli@s0,yelp_polarity@s0,mnli,yelp_polarity,0,0,0.05642593406,0.0141604519,67.65033617,27.43920943,1,78.83212172,0.4861333484,0.4943559053,1.140709146,15.60189485,13.67736457,False,168
qnli@s0__rte@s0,qnli@s0,rte@s0,qnli,rte,0,0,0.06634611599,0.02329246397,65.45422205,24.06839288,2,101.6433196,0.4771569431,0.4868229597,1.879696648,14.87032396,7.91102329,True,168
qnli@s0__wic@s0,qnli@s0,wic@s0,qnli,wic,0,0,0.0600635679,0.01106700491,66.83627398,24.74709171,1,87.19676523,0.4912568008,0.4925160307,1.024396703,14.87032396,14.5161771,False,168
qnli@s0__snli@s0,qnli@s0,snli@s0,qnli,snli,0,0,0.06312369681,0.01551624127,66.21142722,26.18441823,1,94.23345132,0.4854247524,0.4934460678,1.211254415,14.87032396,12.2767965,True,168
qnli@s0__scitail@s0,qnli@s0,scitail@s0,qnli,scitail,0,0,0.07045422605,0.03802378916,63.67002395,17.3715926,6,111.0898109,0.4671940769,0.4804636386,1.067012668,14.87032396,13.93640807,True,168
qnli@s0__ag_news@s0,qnli@s0,ag_news@s0,qnli,ag_news,0,0,0.05566784732,0.01581371466,67.91360241,28.24139891,1,77.08892116,0.4848746243,0.4947597043,1.001060208,14.87032396,14.8860896,False,168
qnli@s0__imdb@s0,qnli@s0,imdb@s0,qnli,imdb,0,0,0.06153127814,0.01711548444,66.5359378,27.96314368,1,90.57172641,0.4861793394,0.4912111778,1.104104564,14.87032396,13.46822071,False,168
qnli@s0__trec@s0,qnli@s0,trec@s0,qnli,trec,0,0,0.04985591382,0.005617287063,69.46991498,21.27685527,2,63.72453266,0.4930297504,0.4984947121,1.073688826,14.87032396,13.849752,False,168
qnli@s0__yelp_polarity@s0,qnli@s0,yelp_polarity@s0,qnli,yelp_polarity,0,0,0.06047533247,0.02276363925,66.73539039,31.95053206,0,88.14360706,0.480176777,0.4920792967,1.087221437,14.87032396,13.67736457,False,168
rte@s0__wic@s0,rte@s0,wic@s0,rte,wic,0,0,0.0596390868,0.006923656358,66.72644869,27.15218108,2,86.22068209,0.4935896384,0.4938024723,1.834930396,7.91102329,14.5161771,False,168
rte@s0__snli@s0,rte@s0,snli@s0,rte,snli,0,0,0.06949204443,0.03434896837,63.9507302,29.83533618,1,108.8772995,0.4643750515,0.4887578887,1.551859481,7.91102329,12.2767965,True,168
rte@s0__scitail@s0,rte@s0,scitail@s0,rte,scitail,0,0,0.06612588106,0.01828971348,65.75088273,27.02509363,2,101.1368952,0.4822700533,0.4898736304,1.761644172,7.91102329,13.93640807,True,168
rte@s0__ag_news@s0,rte@s0,ag_news@s0,rte,ag_news,0,0,0.05614258743,0.009406832033,68.44736823,24.29926833,1,78.1805736,0.490261487,0.4964015304,1.881689517,7.91102329,14.8860896,False,168
rte@s0__imdb@s0,rte@s0,imdb@s0,rte,imdb,0,0,0.05725378357,0.007949656739,67.7018122,30.65107289,0,80.73573993,0.4934343404,0.4946113531,1.702462528,7.91102329,13.46822071,False,168
rte@s0__trec@s0,rte@s0,trec@s0,rte,trec,0,0,0.04827129514,0.001779593683,70.17636582,23.28036148,1,60.08074361,0.4983378007,0.4992254376,1.750690333,7.91102329,13.849752,False,168
rte@s0__yelp_polarity@s0,rte@s0,yelp_polarity@s0,rte,yelp_polarity,0,0,0.05684344386,0.01108313596,67.61433501,29.25243993,1,79.79217454,0.4894985558,0.4932825529,1.728899545,7.91102329,13.67736457,False,168
wic@s0__snli@s0,wic@s0,snli@s0,wic,snli,0,0,0.0579068619,0.006506654367,67.59929785,31.86133184,0,82.23747642,0.4939901129,0.497105581,1.182407569,14.5161771,12.2767965,False,168
wic@s0__scitail@s0,wic@s0,scitail@s0,wic,scitail,0,0,0.06301579933,0.01369679332,66.44605173,24.04774999,2,93.98534391,0.4889815395,0.4921411423,1.041601037,14.5161771,13.93640807,False,168
wic@s0__ag_news@s0,wic@s0,ag_news@s0,wic,ag_news,0,0,0.05073066968,0.004933634425,69.08423558,26.3137367,2,65.7360108,0.4955908615,0.4980072245,1.025482776,14.5161771,14.8860896,False,168
wic@s0__imdb@s0,wic@s0,imdb@s0,wic,imdb,0,0,0.05535708436,0.004142037612,68.14997027,23.46109923,1,76.3743299,0.4974941499,0.4946134658,1.077809565,14.5161771,13.46822071,False,168
wic@s0__trec@s0,wic@s0,trec@s0,wic,trec,0,0,0.04894237386,0.001665101615,69.93226833,25.82220215,2,61.62387152,0.4988381305,0.4989370688,1.048118198,14.5161771,13.849752,False,168
wic@s0__yelp_polarity@s0,wic@s0,yelp_polarity@s0,wic,yelp_polarity,0,0,0.05364423092,0.005600587422,68.60389969,25.45572735,1,72.43566839,0.4954780848,0.4967010526,1.06132852,14.5161771,13.67736457,False,168
snli@s0__scitail@s0,snli@s0,scitail@s0,snli,scitail,0,0,0.05932694169,0.01514828152,67.22085297,34.81081858,0,85.50291261,0.4856629443,0.4941915715,1.135182788,12.2767965,13.93640807,True,168
snli@s0__ag_news@s0,snli@s0,ag_news@s0,snli,ag_news,0,0,0.05605210432,0.01073950277,68.05199244,20.54171525,2,77.97251004,0.4891321991,0.4953299833,1.212538596,12.2767965,14.8860896,False,168
snli@s0__imdb@s0,snli@s0,imdb@s0,snli,imdb,0,0,0.05653806989,0.01077025789,67.29710631,33.39559936,0,79.08997512,0.4912150197,0.4943714827,1.097046832,12.2767965,13.46822071,False,168
snli@s0__trec@s0,snli@s0,trec@s0,snli,trec,0,0,0.05079211139,0.002636588896,69.91597222,28.66066684,1,65.8772944,0.4968941913,0.499092837,1.128124262,12.2767965,13.849752,False,168
snli@s0__yelp_polarity@s0,snli@s0,yelp_polarity@s0,snli,yelp_polarity,0,0,0.05846157154,0.01435867108,67.38153264,26.96781568,1,83.51301668,0.4876542281,0.4934307587,1.114082535,12.2767965,13.67736457,False,168
scitail@s0__ag_news@s0,scitail@s0,ag_news@s0,scitail,ag_news,0,0,0.05281933477,0.009477791037,68.85741794,26.88808009,1,70.53884133,0.4915489855,0.4963347103,1.068143923,13.93640807,14.8860896,False,168
scitail@s0__imdb@s0,scitail@s0,imdb@s0,scitail,imdb,0,0,0.05589381784,0.01179942931,67.89581583,28.97604459,1,77.60853444,0.4912506069,0.4923143408,1.034762377,13.93640807,13.46822071,False,168
scitail@s0__trec@s0,scitail@s0,trec@s0,scitail,trec,0,0,0.04746962138,0.002248219938,70.26305006,27.34133306,2,58.23731585,0.4980698146,0.4990127983,1.006256868,13.93640807,13.849752,False,168
scitail@s0__yelp_polarity@s0,scitail@s0,yelp_polarity@s0,scitail,yelp_polarity,0,0,0.05617686215,0.01650194274,67.88046728,33.21264667,0,78.2593874,0.4865071252,0.4912848867,1.018939577,13.93640807,13.67736457,False,168
ag_news@s0__imdb@s0,ag_news@s0,imdb@s0,ag_news,imdb,0,0,0.05248576818,0.009638520792,68.82886187,19.48808834,1,69.77181373,0.4904843382,0.4966500223,1.105275145,14.8860896,13.46822071,False,168
ag_news@s0__trec@s0,ag_news@s0,trec@s0,ag_news,trec,0,0,0.05267980685,0.003772598255,69.95964678,23.91398542,3,70.21800055,0.4959969193,0.4986625112,1.074827159,14.8860896,13.849752,False,168
ag_news@s0__yelp_polarity@s0,ag_news@s0,yelp_polarity@s0,ag_news,yelp_polarity,0,0,0.05095898552,0.0106096068,68.93729265,19.48940863,1,66.26101709,0.4901324919,0.4966656556,1.088374118,14.8860896,13.67736457,False,168
imdb@s0__trec@s0,imdb@s0,trec@s0,imdb,trec,0,0,0.04457070718,0.001207044519,71.07244749,24.84686881,1,51.57133876,0.4988109117,0.4994055444,1.028328262,13.46822071,13.849752,False,168
imdb@s0__yelp_polarity@s0,imdb@s0,yelp_polarity@s0,imdb,yelp_polarity,0,0,0.09433037669,0.09393106763,58.91511189,23.97414776,7,165.9923924,0.4161283866,0.4610615266,1.015528693,13.46822071,13.67736457,True,168
trec@s0__yelp_polarity@s0,trec@s0,yelp_polarity@s0,trec,yelp_polarity,0,0,0.04611906606,0.001963692048,70.64371889,21.4591212,1,55.13174936,0.4979787323,0.4991796528,1.012603848,13.849752,13.67736457,False,168
cola@s1__sst2@s1,cola@s1,sst2@s1,cola,sst2,1,1,0.06544151053,0.01615518223,65.68292387,23.57594831,2,99.56320312,0.4852120118,0.4916893564,1.589482293,20.01776804,12.59389182,False,168
cola@s1__mrpc@s1,cola@s1,mrpc@s1,cola,mrpc,1,1,0.05405381474,0.005679189984,68.98572195,26.16144303,2,73.37749562,0.4941954306,0.4962061285,2.000049212,20.01776804,10.00863775,False,168
cola@s1__stsb@s1,cola@s1,stsb@s1,cola,stsb,1,1,0.06076034264,0.0120138039,66.29349544,25.63612066,1,88.79898045,0.4896418746,0.4934606811,1.777058248,20.01776804,11.26455368,False,168
cola@s1__mnli@s1,cola@s1,mnli@s1,cola,mnli,1,1,0.064333264,0.01291780711,65.36455866,23.3573445,2,97.01481933,0.4890030512,0.4918419667,1.354441549,20.01776804,14.77935172,False,168
cola@s1__qnli@s1,cola@s1,qnli@s1,cola,qnli,1,1,0.06168422909,0.01315318232,66.56201408,28.33714031,2,90.9234331,0.4890443681,0.4913558373,1.438528978,20.01776804,13.91544302,False,168
cola@s1__rte@s1,cola@s1,rte@s1,cola,rte,1,1,0.05408509101,0.005071039574,68.83656577,29.9982438,1,73.44941458,0.4953425727,0.4961042355,2.485272565,20.01776804,8.054556397,False,168
cola@s1__wic@s1,cola@s1,wic@s1,cola,wic,1,1,0.07215132373,0.01722015428,64.12735557,23.34984138,3,114.9922424,0.4858283376,0.4823820317,1.263169898,20.01776804,15.8472491,False,168
cola@s1__snli@s1,cola@s1,snli@s1,cola,snli,1,1,0.06483225253,0.01203462197,65.63843593,26.15610326,1,98.16223034,0.4899059454,0.4927386972,1.548855153,20.01776804,12.92423504,False,168
cola@s1__scitail@s1,cola@s1,scitail@s1,cola,scitail,1,1,0.06345507103,0.01237590098,66.15683098,21.38779697,2,94.99543766,0.4895360492,0.4916555831,1.609099209,20.01776804,12.44035664,False,168
cola@s1__ag_news@s1,cola@s1,ag_news@s1,cola,ag_news,1,1,0.04964023244,0.004324767686,69.84527453,23.81671373,1,63.22857898,0.496398488,0.498026312,1.48929059,20.01776804,13.44114316,False,168
cola@s1__imdb@s1,cola@s1,imdb@s1,cola,imdb,1,1,0.05497958603,0.007998685195,67.95529776,29.67059875,1,75.50628239,0.4931613249,0.4936305203,1.485778942,20.01776804,13.47291139,False,168
cola@s1__trec@s1,cola@s1,trec@s1,cola,trec,1,1,0.04808600981,0.001813221079,70.50749619,24.55346367,1,59.65468485,0.4982604247,0.4992003277,1.426012165,20.01776804,14.03758574,False,168
cola@s1__yelp_polarity@s1,cola@s1,yelp_polarity@s1,cola,yelp_polarity,1,1,0.05793483388,0.008698701081,67.30060152,25.28858543,2,82.30179725,0.4926103277,0.4949186136,1.604680043,20.01776804,12.47461643,False,168
sst2@s1__mrpc@s1,sst2@s1,mrpc@s1,sst2,mrpc,1,1,0.05662251512,0.00897045734,68.36363242,25.90535311,2,79.28415472,0.4912404749,0.4953689044,1.258302292,12.59389182,10.00863775,False,168
sst2@s1__stsb@s1,sst2@s1,stsb@s1,sst2,stsb,1,1,0.06176774257,0.01900889883,65.46683551,27.93607285,1,91.11547015,0.4828214095,0.4921363383,1.118010724,12.59389182,11.26455368,False,168
sst2@s1__mnli@s1,sst2@s1,mnli@s1,sst2,mnli,1,1,0.06922433582,0.02065979377,64.48866827,27.73675972,1,108.2617106,0.4807849464,0.4910418332,1.173533324,12.59389182,14.77935172,False,168
sst2@s1__qnli@s1,sst2@s1,qnli@s1,sst2,qnli,1,1,0.06308191836,0.01875412522,66.16296064,26.85028079,2,94.13738288,0.4836648634,0.4917008396,1.104935887,12.59389182,13.91544302,False,168
sst2@s1__rte@s1,sst2@s1,rte@s1,sst2,rte,1,1,0.05673780857,0.008479340886,67.64583551,27.61376309,1,79.54926898,0.4910279894,0.4969358759,1.563573609,12.59389182,8.054556397,False,168
sst2@s1__wic@s1,sst2@s1,wic@s1,sst2,wic,1,1,0.06874519037,0.0127263511,65.15827779,26.55981715,1,107.1599282,0.4889814911,0.49152955,1.258328191,12.59389182,15.8472491,False,168
sst2@s1__snli@s1,sst2@s1,snli@s1,sst2,snli,1,1,0.06641575615,0.02134490352,64.87523038,30.87090944,0,101.8034553,0.4801920324,0.4907607976,1.026230432,12.59389182,12.92423504,False,168
sst2@s1__scitail@s1,sst2@s1,scitail@s1,sst2,scitail,1,1,0.06548057619,0.01772991346,65.64491922,26.04184522,2,99.65303359,0.4844975618,0.4904305678,1.012341702,12.59389182,12.44035664,False,168
sst2@s1__ag_news@s1,sst2@s1,ag_news@s1,sst2,ag_news,1,1,0.05538973003,0.01075530972,68.14206877,29.5434691,1,76.44939775,0.489565282,0.4962775346,1.067274784,12.59389182,13.44114316,False,168
sst2@s1__imdb@s1,sst2@s1,imdb@s1,sst2,imdb,1,1,0.07146820043,0.03921820921,63.49233368,28.05116751,1,113.4214183,0.4629382059,0.4838819287,1.069797295,12.59389182,13.47291139,True,168
sst2@s1__trec@s1,sst2@s1,trec@s1,sst2,trec,1,1,0.05222667203,0.002332250026,69.62012014,27.03445327,1,69.17602894,0.4974064303,0.4991344941,1.114634455,12.59389182,14.03758574,False,168
sst2@s1__yelp_polarity@s1,sst2@s1,yelp_polarity@s1,sst2,yelp_polarity,1,1,0.07410750954,0.04253515319,62.56731425,30.43495522,0,119.4904403,0.4598727786,0.4841317593,1.009561447,12.59389182,12.47461643,True,168
mrpc@s1__stsb@s1,mrpc@s1,stsb@s1,mrpc,stsb,1,1,0.05841805446,0.01835550018,67.25182132,24.98669983,1,83.41295029,0.4807168386,0.4945414672,1.125483205,10.00863775,11.26455368,False,168
mrpc@s1__mnli@s1,mrpc@s1,mnli@s1,mrpc,mnli,1,1,0.0600221848,0.01030763933,67.00761266,28.39390399,1,87.10160589,0.4890439664,0.4964694264,1.476659671,10.00863775,14.77935172,False,168
mrpc@s1__qnli@s1,mrpc@s1,qnli@s1,mrpc,qnli,1,1,0.06319345588,0.0131447795,66.68711756,23.34223447,1,94.39386047,0.4869066904,0.4945524865,1.390343359,10.00863775,13.91544302,False,168
mrpc@s1__rte@s1,mrpc@s1,rte@s1,mrpc,rte,1,1,0.06302292951,0.01068626756,66.53160273,25.7586724,1,94.00173956,0.4886103116,0.495634153,1.242605707,10.00863775,8.054556397,False,168
mrpc@s1__wic@s1,mrpc@s1,wic@s1,mrpc,wic,1,1,0.06346076961,0.01223670521,66.5508705,23.17672618,1,95.00854138,0.4880966028,0.4921922258,1.583357247,10.00863775,15.8472491,False,168
mrpc@s1__snli@s1,mrpc@s1,snli@s1,mrpc,snli,1,1,0.05769065687,0.008395513538,67.80138169,29.15913353,1,81.74031862,0.4911932065,0.497122933,1.291308105,10.00863775,12.92423504,False,168
mrpc@s1__scitail@s1,mrpc@s1,scitail@s1,mrpc,scitail,1,1,0.06395247533,0.01962220713,66.46832629,25.61770303,2,96.13920577,0.4807849771,0.4908266955,1.242962026,10.00863775,12.44035664,False,168
mrpc@s1__ag_news@s1,mrpc@s1,ag_news@s1,mrpc,ag_news,1,1,0.04822227374,0.003186811478,70.06235474,26.19319089,1,59.96802019,0.4971362672,0.4987221519,1.342954307,10.00863775,13.44114316,False,168
mrpc@s1__imdb@s1,mrpc@s1,imdb@s1,mrpc,imdb,1,1,0.05431155588,0.005453992958,68.81327171,29.04156545,1,73.97016461,0.494791073,0.4973607186,1.346128388,10.00863775,13.47291139,False,168
mrpc@s1__trec@s1,mrpc@s1,trec@s1,mrpc,trec,1,1,0.04620721766,0.001317097381,70.87753083,24.03090322,1,55.33445165,0.4989116853,0.4996635968,1.40254709,10.00863775,14.03758574,False,168
mrpc@s1__yelp_polarity@s1,mrpc@s1,yelp_polarity@s1,mrpc,yelp_polarity,1,1,0.05377245901,0.006010024717,69.21190769,26.25314878,1,72.7305255,0.494464784,0.4985633682,1.246385048,10.00863775,12.47461643,False,168
stsb@s1__mnli@s1,stsb@s1,mnli@s1,stsb,mnli,1,1,0.07328348919,0.03410217158,62.32615938,24.40048082,1,117.5956272,0.4674777781,0.4860258584,1.312022841,11.26455368,14.77935172,False,168
stsb@s1__qnli@s1,stsb@s1,qnli@s1,stsb,qnli,1,1,0.06783804597,0.02857276809,64.1103009,28.00639949,2,105.0739735,0.4731589874,0.4885041038,1.235330171,11.26455368,13.91544302,False,168
stsb@s1__rte@s1,stsb@s1,rte@s1,stsb,rte,1,1,0.0612877473,0.01847647077,66.60443006,30.78861138,0,90.01173362,0.4806384275,0.493870645,1.398531853,11.26455368,8.054556397,False,168
stsb@s1__wic@s1,stsb@s1,wic@s1,stsb,wic,1,1,0.06564816821,0.01429220222,65.04600574,26.58812978,1,100.038407,0.4872498074,0.4916903793,1.406824411,11.26455368,15.8472491,False,168
stsb@s1__snli@s1,stsb@s1,snli@s1,stsb,snli,1,1,0.07657462393,0.03817393469,61.53681575,30.59751259,0,125.1635051,0.4642848339,0.4861804753,1.147336628,11.26455368,12.92423504,False,168
stsb@s1__scitail@s1,stsb@s1,scitail@s1,stsb,scitail,1,1,0.06845829324,0.02380962201,64.08475801,26.56242898,1,106.5002158,0.4775802496,0.4909012791,1.104380785,11.26455368,12.44035664,False,168
stsb@s1__ag_news@s1,stsb@s1,ag_news@s1,stsb,ag_news,1,1,0.05526583973,0.0110255667,67.79674682,27.19403205,1,76.16451526,0.4894949386,0.4952339144,1.193224653,11.26455368,13.44114316,False,168
stsb@s1__imdb@s1,stsb@s1,imdb@s1,stsb,imdb,1,1,0.0557908379,0.01363849992,67.43133837,31.62193154,0,77.37173478,0.4878596792,0.4936756427,1.196044848,11.26455368,13.47291139,False,168
stsb@s1__trec@s1,stsb@s1,trec@s1,stsb,trec,1,1,0.04823533335,0.002349745134,70.16813081,21.62904437,1,59.99805043,0.4974617208,0.499050635,1.246173274,11.26455368,14.03758574,False,168
stsb@s1__yelp_polarity@s1,stsb@s1,yelp_polarity@s1,stsb,yelp_polarity,1,1,0.05877877729,0.01576344353,66.08677704,32.99271269,0,84.24242295,0.4861687197,0.493253835,1.107422166,11.26455368,12.47461643,False,168
mnli@s1__qnli@s1,mnli@s1,qnli@s1,mnli,qnli,1,1,0.07090082464,0.0271829497,63.73477765,26.21355857,3,112.1167526,0.4749937372,0.4884472634,1.06208273,14.77935172,13.91544302,True,168
mnli@s1__rte@s1,mnli@s1,rte@s1,mnli,rte,1,1,0.06611248274,0.02252352243,65.04772918,26.41421628,1,101.1060861,0.4769987696,0.4926436344,1.834905734,14.77935172,8.054556397,True,168
mnli@s1__wic@s1,mnli@s1,wic@s1,mnli,wic,1,1,0.07237819063,0.01536167562,63.70843443,25.47603248,1,115.5139169,0.4861848609,0.4893106873,1.072256037,14.77935172,15.8472491,False,168
mnli@s1__snli@s1,mnli@s1,snli@s1,mnli,snli,1,1,0.1040331898,0.08024565368,56.74817758,16.48363877,14,188.3037564,0.4279769578,0.4596990508,1.143537832,14.77935172,12.92423504,True,168
mnli@s1__scitail@s1,mnli@s1,scitail@s1,mnli,scitail,1,1,0.07444083921,0.02635884812,63.31973959,28.1294528,1,120.2569232,0.4745457155,0.4901430542,1.188016722,14.77935172,12.44035664,True,168
mnli@s1__ag_news@s1,mnli@s1,ag_news@s1,mnli,ag_news,1,1,0.0596567554,0.01082865826,67.57623575,26.81348887,2,86.26131058,0.4904431126,0.4946824154,1.099560621,14.77935172,13.44114316,False,168
mnli@s1__imdb@s1,mnli@s1,imdb@s1,mnli,imdb,1,1,0.06094693074,0.01498952122,66.13939541,29.80517538,2,89.22803489,0.4862766113,0.492504581,1.09696793,14.77935172,13.47291139,False,168
mnli@s1__trec@s1,mnli@s1,trec@s1,mnli,trec,1,1,0.05131347858,0.002473940375,69.2625099,29.45700142,1,67.07616456,0.4979331657,0.4986461737,1.052841421,14.77935172,14.03758574,False,168
mnli@s1__yelp_polarity@s1,mnli@s1,yelp_polarity@s1,mnli,yelp_polarity,1,1,0.06267947446,0.01596355513,65.80837877,30.70949716,0,93.2119737,0.4856026194,0.493056217,1.184754,14.77935172,12.47461643,False,168
qnli@s1__rte@s1,qnli@s1,rte@s1,qnli,rte,1,1,0.06378262877,0.0156358686,66.07552773,26.29751528,1,95.74864808,0.4848183332,0.492350688,1.727648593,13.91544302,8.054556397,True,168
qnli@s1__wic@s1,qnli@s1,wic@s1,qnli,wic,1,1,0.07043538536,0.01541178644,64.36897027,30.0017448,0,111.0464872,0.4873477793,0.4848504706,1.138824619,13.91544302,15.8472491,False,168
qnli@s1__snli@s1,qnli@s1,snli@s1,qnli,snli,1,1,0.06844653883,0.02175469832,64.39057817,26.81931022,2,106.4731868,0.4800325425,0.4910416432,1.076693745,13.91544302,12.92423504,True,168
qnli@s1__scitail@s1,qnli@s1,scitail@s1,qnli,scitail,1,1,0.07470907954,0.03013726084,63.39298376,24.1495516,5,120.8737348,0.4726301004,0.4850196615,1.118572676,13.91544302,12.44035664,True,168
qnli@s1__ag_news@s1,qnli@s1,ag_news@s1,qnli,ag_news,1,1,0.05401099999,0.0106218041,68.40171091,28.26212301,1,73.27904423,0.4905026846,0.4960627266,1.035287167,13.91544302,13.44114316,False,168
qnli@s1__imdb@s1,qnli@s1,imdb@s1,qnli,imdb,1,1,0.06142141748,0.01630590397,66.79688359,29.04689234,1,90.3191047,0.4860170429,0.4892915495,1.032846028,13.91544302,13.47291139,False,168
qnli@s1__trec@s1,qnli@s1,trec@s1,qnli,trec,1,1,0.05012291032,0.00446460453,69.69055425,28.49183707,1,64.3384841,0.4949809235,0.498576369,1.008777494,13.91544302,14.03758574,False,168
qnli@s1__yelp_polarity@s1,qnli@s1,yelp_polarity@s1,qnli,yelp_polarity,1,1,0.06384773212,0.0180238911,66.07549755,25.01574568,3,95.8983515,0.484355027,0.491327575,1.115500673,13.91544302,12.47461643,False,168
rte@s1__wic@s1,rte@s1,wic@s1,rte,wic,1,1,0.06501046356,0.008087624636,65.85787121,28.88787843,1,98.57202194,0.4920168826,0.4933783535,1.967488751,8.054556397,15.8472491,False,168
rte@s1__snli@s1,rte@s1,snli@s1,rte,snli,1,1,0.06159644277,0.01867306276,66.37876013,24.96573719,1,90.72157075,0.4800852784,0.4944089086,1.60458682,8.054556397,12.92423504,True,168
rte@s1__scitail@s1,rte@s1,scitail@s1,rte,scitail,1,1,0.06786883327,0.01188604407,65.53825962,26.75230305,1,105.144768,0.4878271365,0.4952343057,1.544511706,8.054556397,12.44035664,True,168
rte@s1__ag_news@s1,rte@s1,ag_news@s1,rte,ag_news,1,1,0.05367527332,0.004431810775,68.66670358,25.8789502,1,72.50704956,0.4954628868,0.4982559819,1.668762686,8.054556397,13.44114316,False,168
rte@s1__imdb@s1,rte@s1,imdb@s1,rte,imdb,1,1,0.0559468959,0.005689278451,67.90062745,30.43437129,0,77.73058605,0.4943907558,0.4958619925,1.672706817,8.054556397,13.47291139,False,168
rte@s1__trec@s1,rte@s1,trec@s1,rte,trec,1,1,0.04705010135,0.001319143084,70.73155273,27.72247227,1,57.27264055,0.498633625,0.4996085701,1.742813018,8.054556397,14.03758574,False,168
rte@s1__yelp_polarity@s1,rte@s1,yelp_polarity@s1,rte,yelp_polarity,1,1,0.05522328329,0.006667793754,68.4216666,26.4432344,1,76.06665785,0.4928855343,0.4972072084,1.548765173,8.054556397,12.47461643,False,168
wic@s1__snli@s1,wic@s1,snli@s1,wic,snli,1,1,0.07104147006,0.01394607521,64.09457573,31.66794109,0,112.440163,0.4878898072,0.4915971134,1.226165344,15.8472491,12.92423504,False,168
wic@s1__scitail@s1,wic@s1,scitail@s1,wic,scitail,1,1,0.07570636497,0.01707121167,63.29731669,21.41847482,3,123.1669664,0.4854823201,0.4864577548,1.273858102,15.8472491,12.44035664,False,168
wic@s1__ag_news@s1,wic@s1,ag_news@s1,wic,ag_news,1,1,0.05462565783,0.005154908373,68.37872439,30.60751343,0,74.69243379,0.4953396566,0.4975757389,1.179010514,15.8472491,13.44114316,False,168
wic@s1__imdb@s1,wic@s1,imdb@s1,wic,imdb,1,1,0.05886004063,0.006019696807,67.17784648,27.48930087,2,84.42928588,0.4952835397,0.4923715445,1.176230485,15.8472491,13.47291139,False,168
wic@s1__trec@s1,wic@s1,trec@s1,wic,trec,1,1,0.04890654823,0.00162974037,70.05959977,32.03574554,0,61.54149141,0.4986023456,0.4988114493,1.12891557,15.8472491,14.03758574,False,168
wic@s1__yelp_polarity@s1,wic@s1,yelp_polarity@s1,wic,yelp_polarity,1,1,0.06072991862,0.009740202774,66.68218911,28.1915359,1,88.72902122,0.4917633488,0.4927716992,1.270359629,15.8472491,12.47461643,False,168
snli@s1__scitail@s1,snli@s1,scitail@s1,snli,scitail,1,1,0.07215683083,0.02343909924,63.70012042,29.006839,3,115.0049059,0.4784049975,0.4913301992,1.038895862,12.92423504,12.44035664,True,168
snli@s1__ag_news@s1,snli@s1,ag_news@s1,snli,ag_news,1,1,0.05915463201,0.01077245704,67.64704322,29.26099372,1,85.10669101,0.4902259186,0.4955780448,1.039995259,12.92423504,13.44114316,False,168
snli@s1__imdb@s1,snli@s1,imdb@s1,snli,imdb,1,1,0.05907531878,0.01393355424,66.70964728,25.54270852,1,84.92431233,0.4879508798,0.4925847036,1.042453294,12.92423504,13.47291139,False,168
snli@s1__trec@s1,snli@s1,trec@s1,snli,trec,1,1,0.05146194162,0.00265588768,69.27006077,26.1871908,1,67.41755143,0.4975610021,0.4985920302,1.086144418,12.92423504,14.03758574,False,168
snli@s1__yelp_polarity@s1,snli@s1,yelp_polarity@s1,snli,yelp_polarity,1,1,0.06302672175,0.01727565955,65.65264365,26.03937222,2,94.01045971,0.4853840594,0.4924029507,1.03604268,12.92423504,12.47461643,False,168
scitail@s1__ag_news@s1,scitail@s1,ag_news@s1,scitail,ag_news,1,1,0.05507401278,0.009253527635,68.38761057,24.13169986,1,75.72341423,0.4915380005,0.4966322343,1.080446771,12.44035664,13.44114316,False,168
scitail@s1__imdb@s1,scitail@s1,imdb@s1,scitail,imdb,1,1,0.0596429319,0.01451514077,67.23637568,28.66897567,1,86.22952381,0.4872857786,0.4929328807,1.083000414,12.44035664,13.47291139,False,168
scitail@s1__trec@s1,scitail@s1,trec@s1,scitail,trec,1,1,0.04682637644,0.001707308898,70.46768476,25.61986565,1,56.75819099,0.4986930963,0.499260558,1.128390941,12.44035664,14.03758574,False,168
scitail@s1__yelp_polarity@s1,scitail@s1,yelp_polarity@s1,scitail,yelp_polarity,1,1,0.06227482984,0.01669161447,66.34990418,28.23171542,1,92.28150402,0.4854314007,0.4928379129,1.002753923,12.44035664,12.47461643,False,168
ag_news@s1__imdb@s1,ag_news@s1,imdb@s1,ag_news,imdb,1,1,0.05189405207,0.009615000683,69.1112892,26.96041204,1,68.41117807,0.4899874436,0.4965157449,1.002363507,13.44114316,13.47291139,False,168
ag_news@s1__trec@s1,ag_news@s1,trec@s1,ag_news,trec,1,1,0.05090973617,0.002402643284,70.23971594,28.9280899,1,66.14776949,0.4976851602,0.4990832374,1.044374394,13.44114316,14.03758574,False,168
ag_news@s1__yelp_polarity@s1,ag_news@s1,yelp_polarity@s1,ag_news,yelp_polarity,1,1,0.05357961466,0.01067114496,68.75759314,27.55081943,1,72.28708499,0.4893267787,0.4966288053,1.077479475,13.44114316,12.47461643,False,168
imdb@s1__trec@s1,imdb@s1,trec@s1,imdb,trec,1,1,0.0424515084,-0.0001008466763,71.28206973,28.23516215,1,46.6982968,0.5006535983,0.4996914623,1.041911828,13.47291139,14.03758574,False,168
imdb@s1__yelp_polarity@s1,imdb@s1,yelp_polarity@s1,imdb,yelp_polarity,1,1,0.08805079478,0.08018856789,59.7731505,22.36156179,6,151.5526587,0.4279422429,0.4682855907,1.080026105,13.47291139,12.47461643,True,168
trec@s1__yelp_polarity@s1,trec@s1,yelp_polarity@s1,trec,yelp_polarity,1,1,0.04541543894,0.001067605618,70.90977387,33.99821628,0,53.51377727,0.4991555426,0.4992849804,1.125291973,14.03758574,12.47461643,False,168
cola@s0__cola@s1,cola@s0,cola@s1,cola,cola,0,1,0.06344591527,0.01431964842,65.42793497,26.48708222,1,94.97438422,0.4851598504,0.4976027911,1.020473318,19.61616016,20.01776804,True,168
sst2@s0__sst2@s1,sst2@s0,sst2@s1,sst2,sst2,0,1,0.07863061593,0.01743438204,60.49685883,28.43102511,2,129.8912047,0.4819577404,0.496594079,1.072481337,13.50671393,12.59389182,True,168
mrpc@s0__mrpc@s1,mrpc@s0,mrpc@s1,mrpc,mrpc,0,1,0.06940660068,0.01449327833,63.43736591,25.8718062,1,108.6808238,0.4855567446,0.4971927238,1.046159513,10.47063159,10.00863775,True,168
stsb@s0__stsb@s1,stsb@s0,stsb@s1,stsb,stsb,0,1,0.07842184649,0.02728232092,59.76675645,27.49242545,1,129.4111449,0.4728073838,0.4940626151,1.051170605,11.84096771,11.26455368,True,168
mnli@s0__mnli@s1,mnli@s0,mnli@s1,mnli,mnli,0,1,0.0737729631,0.0275584937,61.49492286,24.59431004,1,118.7211596,0.472929839,0.4955861214,1.055654886,15.60189485,14.77935172,True,168
qnli@s0__qnli@s1,qnli@s0,qnli@s1,qnli,qnli,0,1,0.07609863168,0.02032227782,60.31104909,27.71691882,1,124.0689734,0.4794763666,0.4951535068,1.068620233,14.87032396,13.91544302,True,168
rte@s0__rte@s1,rte@s0,rte@s1,rte,rte,0,1,0.06720214508,0.007338748469,64.42894423,22.0135843,1,103.6117361,0.492520277,0.4991387895,1.018143431,7.91102329,8.054556397,True,168
wic@s0__wic@s1,wic@s0,wic@s1,wic,wic,0,1,0.06472811294,0.01585410791,64.36059871,25.57581188,1,97.9227641,0.4862564422,0.4975584959,1.091695768,14.5161771,15.8472491,True,168
snli@s0__snli@s1,snli@s0,snli@s1,snli,snli,0,1,0.07465396297,0.01803989736,61.45577645,31.30206097,0,120.7469956,0.4826129586,0.4969561371,1.052736765,12.2767965,12.92423504,True,168
scitail@s0__scitail@s1,scitail@s0,scitail@s1,scitail,scitail,0,1,0.0729311329,0.01190913169,61.192003,28.49667485,2,116.7853931,0.4874980627,0.4975671174,1.120257921,13.93640807,12.44035664,True,168
ag_news@s0__ag_news@s1,ag_news@s0,ag_news@s1,ag_news,ag_news,0,1,0.06893892853,0.01836425769,62.9875214,26.1537624,1,107.605424,0.4800113372,0.4962597075,1.107501752,14.8860896,13.44114316,True,168
imdb@s0__imdb@s1,imdb@s0,imdb@s1,imdb,imdb,0,1,0.07029746516,0.01786889657,61.93036368,28.80226831,1,110.7293433,0.4830465297,0.496798231,1.000348278,13.46822071,13.47291139,True,168
trec@s0__trec@s1,trec@s0,trec@s1,trec,trec,0,1,0.06757143198,0.01750430907,64.96407433,21.96291126,1,104.4609016,0.4804843718,0.4971718114,1.013562246,13.849752,14.03758574,True,168
yelp_polarity@s0__yelp_polarity@s1,yelp_polarity@s0,yelp_polarity@s1,yelp_polarity,yelp_polarity,0,1,0.07488553364,0.02128637441,60.41903765,28.02221363,1,121.2794863,0.4791956164,0.4958393083,1.096415641,13.67736457,12.47461643,True,168
