pair,t1,t2,TA,TA__sel,TIES,TIES__sel,DARE_TA,DARE_TA__sel,DARE_TIES,DARE_TIES__sel,TSVM,TSVM__sel,KNOTS,KNOTS__sel,PICO_TA,PICO_TA__sel,GATE,GATE__sel,FORCEGATE,FORCEGATE__sel,PICO_TIES,PICO_TIES__sel,SOFTGATE,SOFTGATE__sel,TA4_E1grid,PICO_TA_c1,gate_n_fail_layers
cola-sst2,cola,sst2,0.936994,"{""lam"": 0.7}",0.926432,"{""k"": 30, ""lam"": 1.0}",0.934126,"{""p"": 0.5, ""lam"": 0.7, ""seed"": 0}",0.923556,"{""p"": 0.5, ""k"": 20, ""lam"": 0.7, ""seed"": 0}",0.943236,"{""kmode"": ""lora"", ""r"": 8, ""lam"": 1.0}",0.934421,"{""topK"": 100, ""lam"": 1.0, ""mask"": ""ties"", ""merging_type"": ""mean""}",0.937407,"{""c"": 1.0}",0.936994,"{""theta"": 30.0, ""beta"": 1.0, ""lam"": 0.7}",0.937407,"{""force_k"": 1, ""beta"": 1.0, ""lam"": 0.85}",0.918225,"{""k"": 20, ""c"": 1.25}",0.936327,"{""force_k"": 1, ""beta"": 0.25, ""lam"": 0.7}",0.936994,0.937407,0
cola-mrpc,cola,mrpc,0.956516,"{""lam"": 0.85}",0.938643,"{""k"": 30, ""lam"": 1.0}",0.940694,"{""p"": 0.5, ""lam"": 0.7, ""seed"": 0}",0.895044,"{""p"": 0.5, ""k"": 20, ""lam"": 1.0, ""seed"": 0}",0.913919,"{""kmode"": ""lora"", ""r"": 8, ""lam"": 1.0}",0.944903,"{""topK"": 20, ""lam"": 1.0, ""mask"": ""ties"", ""merging_type"": ""mean""}",0.953882,"{""c"": 1.25}",0.956516,"{""theta"": 30.0, ""beta"": 1.0, ""lam"": 0.85}",0.950752,"{""force_k"": 1, ""beta"": 1.0, ""lam"": 0.85}",0.924502,"{""k"": 20, ""c"": 1.5}",0.926916,"{""force_k"": 1, ""beta"": 0.75, ""lam"": 1.0}",0.961010,0.959263,0
cola-stsb,cola,stsb,0.971298,"{""lam"": 0.6}",0.957876,"{""k"": 30, ""lam"": 1.0}",0.965466,"{""p"": 0.5, ""lam"": 0.7, ""seed"": 0}",0.968347,"{""p"": 0.5, ""k"": 20, ""lam"": 0.7, ""seed"": 0}",0.970513,"{""kmode"": ""lora"", ""r"": 8, ""lam"": 0.7}",0.970994,"{""topK"": 20, ""lam"": 0.7, ""mask"": ""ties"", ""merging_type"": ""mean""}",0.972956,"{""c"": 0.9}",0.971298,"{""theta"": 30.0, ""beta"": 1.0, ""lam"": 0.6}",0.969110,"{""force_k"": 1, ""beta"": 1.0, ""lam"": 0.6}",0.960232,"{""k"": 20, ""c"": 1.25}",0.969107,"{""force_k"": 1, ""beta"": 0.5, ""lam"": 0.7}",0.971557,0.974663,0
cola-mnli,cola,mnli,0.911140,"{""lam"": 0.85}",0.920476,"{""k"": 30, ""lam"": 1.0}",0.876843,"{""p"": 0.5, ""lam"": 0.7, ""seed"": 0}",0.844762,"{""p"": 0.5, ""k"": 20, ""lam"": 0.7, ""seed"": 0}",0.903119,"{""kmode"": ""lora"", ""r"": 8, ""lam"": 1.0}",0.910351,"{""topK"": 100, ""lam"": 1.0, ""mask"": ""ties"", ""merging_type"": ""mean""}",0.912127,"{""c"": 1.25}",0.911140,"{""theta"": 30.0, ""beta"": 1.0, ""lam"": 0.85}",0.906124,"{""force_k"": 1, ""beta"": 1.0, ""lam"": 0.85}",0.884224,"{""k"": 20, ""c"": 1.5}",0.900394,"{""force_k"": 1, ""beta"": 0.25, ""lam"": 0.7}",0.903217,0.891933,0
cola-qnli,cola,qnli,0.952390,"{""lam"": 0.7}",0.947743,"{""k"": 30, ""lam"": 1.0}",0.950186,"{""p"": 0.5, ""lam"": 0.7, ""seed"": 0}",0.916544,"{""p"": 0.5, ""k"": 20, ""lam"": 0.7, ""seed"": 0}",0.949510,"{""kmode"": ""lora"", ""r"": 8, ""lam"": 0.7}",0.952318,"{""topK"": 100, ""lam"": 1.0, ""mask"": ""ties"", ""merging_type"": ""mean""}",0.951779,"{""c"": 0.9}",0.952390,"{""theta"": 30.0, ""beta"": 1.0, ""lam"": 0.7}",0.952552,"{""force_k"": 1, ""beta"": 1.0, ""lam"": 0.7}",0.944213,"{""k"": 20, ""c"": 1.5}",0.952654,"{""force_k"": 1, ""beta"": 0.75, ""lam"": 0.7}",0.952390,0.952084,0
cola-rte,cola,rte,0.965988,"{""lam"": 0.7}",0.970442,"{""k"": 30, ""lam"": 1.0}",0.958042,"{""p"": 0.5, ""lam"": 0.7, ""seed"": 0}",0.958624,"{""p"": 0.5, ""k"": 20, ""lam"": 1.0, ""seed"": 0}",0.967633,"{""kmode"": ""lora"", ""r"": 8, ""lam"": 0.7}",0.954651,"{""topK"": 100, ""lam"": 1.0, ""mask"": ""ties"", ""merging_type"": ""mean""}",0.962496,"{""c"": 1.0}",0.965988,"{""theta"": 30.0, ""beta"": 1.0, ""lam"": 0.7}",0.966570,"{""force_k"": 1, ""beta"": 1.0, ""lam"": 0.7}",0.966949,"{""k"": 20, ""c"": 1.5}",0.965988,"{""force_k"": 1, ""beta"": 0.5, ""lam"": 0.7}",0.965988,0.962496,0
cola-wic,cola,wic,0.961762,"{""lam"": 0.7}",0.937063,"{""k"": 20, ""lam"": 1.0}",0.950032,"{""p"": 0.5, ""lam"": 0.7, ""seed"": 0}",0.948982,"{""p"": 0.5, ""k"": 20, ""lam"": 0.7, ""seed"": 0}",0.966962,"{""kmode"": ""lora"", ""r"": 8, ""lam"": 0.7}",0.957409,"{""topK"": 100, ""lam"": 1.0, ""mask"": ""ties"", ""merging_type"": ""mean""}",0.959509,"{""c"": 1.0}",0.961762,"{""theta"": 30.0, ""beta"": 1.0, ""lam"": 0.7}",0.957801,"{""force_k"": 1, ""beta"": 1.0, ""lam"": 0.7}",0.946540,"{""k"": 20, ""c"": 1.25}",0.961762,"{""force_k"": 1, ""beta"": 0.25, ""lam"": 0.7}",0.961762,0.959509,0
cola-snli,cola,snli,0.934055,"{""lam"": 0.85}",0.927237,"{""k"": 30, ""lam"": 1.0}",0.939466,"{""p"": 0.5, ""lam"": 0.7, ""seed"": 0}",0.917174,"{""p"": 0.5, ""k"": 20, ""lam"": 0.7, ""seed"": 0}",0.943933,"{""kmode"": ""lora"", ""r"": 8, ""lam"": 0.7}",0.938921,"{""topK"": 100, ""lam"": 1.0, ""mask"": ""ties"", ""merging_type"": ""mean""}",0.936456,"{""c"": 1.1}",0.934055,"{""theta"": 30.0, ""beta"": 1.0, ""lam"": 0.85}",0.930146,"{""force_k"": 1, ""beta"": 1.0, ""lam"": 0.85}",0.918536,"{""k"": 20, ""c"": 1.25}",0.944747,"{""force_k"": 1, ""beta"": 0.25, ""lam"": 0.7}",0.945853,0.942523,0
cola-scitail,cola,scitail,0.965830,"{""lam"": 1.0}",0.939022,"{""k"": 20, ""lam"": 1.5}",0.953642,"{""p"": 0.5, ""lam"": 0.7, ""seed"": 0}",0.975657,"{""p"": 0.5, ""k"": 20, ""lam"": 1.0, ""seed"": 0}",0.960900,"{""kmode"": ""lora"", ""r"": 8, ""lam"": 1.0}",0.972815,"{""topK"": 20, ""lam"": 1.0, ""mask"": ""ties"", ""merging_type"": ""mean""}",0.975348,"{""c"": 1.25}",0.965830,"{""theta"": 30.0, ""beta"": 1.0, ""lam"": 1.0}",0.965179,"{""force_k"": 1, ""beta"": 1.0, ""lam"": 1.0}",0.949841,"{""k"": 20, ""c"": 1.5}",0.964837,"{""force_k"": 1, ""beta"": 0.25, ""lam"": 1.0}",0.965830,0.954772,0
cola-ag_news,cola,ag_news,0.953956,"{""lam"": 0.85}",0.949686,"{""k"": 30, ""lam"": 1.0}",0.956397,"{""p"": 0.5, ""lam"": 0.7, ""seed"": 0}",0.944878,"{""p"": 0.5, ""k"": 20, ""lam"": 0.7, ""seed"": 0}",0.945914,"{""kmode"": ""lora"", ""r"": 8, ""lam"": 0.7}",0.959124,"{""topK"": 100, ""lam"": 1.0, ""mask"": ""ties"", ""merging_type"": ""mean""}",0.954111,"{""c"": 1.1}",0.953956,"{""theta"": 30.0, ""beta"": 1.0, ""lam"": 0.85}",0.953767,"{""force_k"": 1, ""beta"": 1.0, ""lam"": 0.85}",0.948656,"{""k"": 20, ""c"": 1.5}",0.946215,"{""force_k"": 1, ""beta"": 0.25, ""lam"": 0.7}",0.946496,0.948004,0
cola-imdb,cola,imdb,0.920059,"{""lam"": 1.0}",0.936507,"{""k"": 20, ""lam"": 1.5}",0.926941,"{""p"": 0.5, ""lam"": 1.0, ""seed"": 0}",0.927444,"{""p"": 0.5, ""k"": 20, ""lam"": 1.0, ""seed"": 0}",0.927922,"{""kmode"": ""official"", ""r"": 8, ""lam"": 1.0}",0.924803,"{""topK"": 100, ""lam"": 1.5, ""mask"": ""ties"", ""merging_type"": ""mean""}",0.922006,"{""c"": 1.5}",0.920059,"{""theta"": 30.0, ""beta"": 1.0, ""lam"": 1.0}",0.888391,"{""force_k"": 1, ""beta"": 1.0, ""lam"": 1.0}",0.927665,"{""k"": 20, ""c"": 1.5}",0.915492,"{""force_k"": 1, ""beta"": 0.25, ""lam"": 1.0}",0.920059,0.891424,0
cola-trec,cola,trec,0.963845,"{""lam"": 0.7}",0.961322,"{""k"": 20, ""lam"": 1.0}",0.956533,"{""p"": 0.5, ""lam"": 0.7, ""seed"": 0}",0.962353,"{""p"": 0.5, ""k"": 20, ""lam"": 1.0, ""seed"": 0}",0.962162,"{""kmode"": ""official"", ""r"": 8, ""lam"": 1.0}",0.957115,"{""topK"": 100, ""lam"": 1.0, ""mask"": ""ties"", ""merging_type"": ""mean""}",0.963974,"{""c"": 1.1}",0.963845,"{""theta"": 30.0, ""beta"": 1.0, ""lam"": 0.7}",0.957181,"{""force_k"": 1, ""beta"": 1.0, ""lam"": 0.7}",0.959900,"{""k"": 20, ""c"": 1.25}",0.961322,"{""force_k"": 1, ""beta"": 0.25, ""lam"": 0.7}",0.963845,0.965009,0
cola-yelp_polarity,cola,yelp_polarity,0.935365,"{""lam"": 0.7}",0.924683,"{""k"": 20, ""lam"": 1.0}",0.935381,"{""p"": 0.5, ""lam"": 0.7, ""seed"": 0}",0.936362,"{""p"": 0.5, ""k"": 20, ""lam"": 0.7, ""seed"": 0}",0.947328,"{""kmode"": ""official"", ""r"": 8, ""lam"": 0.7}",0.947017,"{""topK"": 100, ""lam"": 1.0, ""mask"": ""ties"", ""merging_type"": ""mean""}",0.944162,"{""c"": 1.1}",0.935365,"{""theta"": 30.0, ""beta"": 1.0, ""lam"": 0.7}",0.943269,"{""force_k"": 1, ""beta"": 1.0, ""lam"": 0.85}",0.927272,"{""k"": 20, ""c"": 1.25}",0.946408,"{""force_k"": 1, ""beta"": 0.75, ""lam"": 1.0}",0.935365,0.938799,0
sst2-mrpc,sst2,mrpc,0.985253,"{""lam"": 0.7}",0.954946,"{""k"": 30, ""lam"": 1.0}",0.951201,"{""p"": 0.5, ""lam"": 0.7, ""seed"": 0}",0.956580,"{""p"": 0.5, ""k"": 20, ""lam"": 0.7, ""seed"": 0}",0.977184,"{""kmode"": ""lora"", ""r"": 8, ""lam"": 0.7}",0.974110,"{""topK"": 20, ""lam"": 0.7, ""mask"": ""ties"", ""merging_type"": ""mean""}",0.993659,"{""c"": 1.1}",0.985253,"{""theta"": 30.0, ""beta"": 1.0, ""lam"": 0.7}",0.982131,"{""force_k"": 1, ""beta"": 1.0, ""lam"": 0.7}",0.964601,"{""k"": 20, ""c"": 1.25}",0.982756,"{""force_k"": 1, ""beta"": 0.75, ""lam"": 0.7}",0.985253,0.983380,0
sst2-stsb,sst2,stsb,0.982752,"{""lam"": 0.4}",0.960887,"{""k"": 20, ""lam"": 0.7}",0.969600,"{""p"": 0.5, ""lam"": 0.5, ""seed"": 0}",0.945978,"{""p"": 0.5, ""k"": 20, ""lam"": 0.7, ""seed"": 0}",0.979439,"{""kmode"": ""lora"", ""r"": 8, ""lam"": 0.5}",0.975461,"{""topK"": 100, ""lam"": 0.7, ""mask"": ""ties"", ""merging_type"": ""mean""}",0.986919,"{""c"": 0.6}",0.982752,"{""theta"": 30.0, ""beta"": 1.0, ""lam"": 0.4}",0.976363,"{""force_k"": 1, ""beta"": 1.0, ""lam"": 0.5}",0.979960,"{""k"": 20, ""c"": 0.75}",0.932371,"{""force_k"": 1, ""beta"": 0.75, ""lam"": 0.7}",0.975897,0.950937,0
sst2-mnli,sst2,mnli,0.941669,"{""lam"": 0.6}",0.922569,"{""k"": 30, ""lam"": 1.0}",0.912558,"{""p"": 0.5, ""lam"": 0.5, ""seed"": 0}",0.915795,"{""p"": 0.5, ""k"": 20, ""lam"": 0.7, ""seed"": 0}",0.937458,"{""kmode"": ""lora"", ""r"": 8, ""lam"": 0.7}",0.932330,"{""topK"": 20, ""lam"": 0.7, ""mask"": ""ties"", ""merging_type"": ""mean""}",0.939752,"{""c"": 0.9}",0.941669,"{""theta"": 30.0, ""beta"": 1.0, ""lam"": 0.6}",0.937519,"{""force_k"": 1, ""beta"": 1.0, ""lam"": 0.6}",0.907980,"{""k"": 20, ""c"": 1.25}",0.936524,"{""force_k"": 1, ""beta"": 0.25, ""lam"": 0.7}",0.937581,0.936041,0
sst2-qnli,sst2,qnli,0.978601,"{""lam"": 0.6}",0.946194,"{""k"": 20, ""lam"": 1.0}",0.959103,"{""p"": 0.5, ""lam"": 0.5, ""seed"": 0}",0.946054,"{""p"": 0.5, ""k"": 20, ""lam"": 0.7, ""seed"": 0}",0.965971,"{""kmode"": ""lora"", ""r"": 8, ""lam"": 0.5}",0.972447,"{""topK"": 20, ""lam"": 0.7, ""mask"": ""ties"", ""merging_type"": ""mean""}",0.977569,"{""c"": 0.9}",0.978601,"{""theta"": 30.0, ""beta"": 1.0, ""lam"": 0.6}",0.978512,"{""force_k"": 1, ""beta"": 1.0, ""lam"": 0.6}",0.946449,"{""k"": 20, ""c"": 1.25}",0.965690,"{""force_k"": 1, ""beta"": 0.75, ""lam"": 0.7}",0.970507,0.964544,0
sst2-rte,sst2,rte,0.958177,"{""lam"": 0.6}",0.902310,"{""k"": 20, ""lam"": 1.0}",0.949438,"{""p"": 0.5, ""lam"": 0.5, ""seed"": 0}",0.926342,"{""p"": 0.5, ""k"": 20, ""lam"": 0.7, ""seed"": 0}",0.947253,"{""kmode"": ""lora"", ""r"": 8, ""lam"": 0.7}",0.957241,"{""topK"": 20, ""lam"": 0.7, ""mask"": ""ties"", ""merging_type"": ""mean""}",0.972846,"{""c"": 0.9}",0.958177,"{""theta"": 30.0, ""beta"": 1.0, ""lam"": 0.6}",0.944132,"{""force_k"": 1, ""beta"": 1.0, ""lam"": 0.6}",0.932584,"{""k"": 20, ""c"": 1.25}",0.931336,"{""force_k"": 1, ""beta"": 0.25, ""lam"": 0.7}",0.928527,0.956617,0
sst2-wic,sst2,wic,0.955714,"{""lam"": 0.6}",0.936583,"{""k"": 20, ""lam"": 0.7}",0.953964,"{""p"": 0.5, ""lam"": 0.5, ""seed"": 0}",0.929691,"{""p"": 0.5, ""k"": 20, ""lam"": 0.7, ""seed"": 0}",0.951087,"{""kmode"": ""official"", ""r"": 8, ""lam"": 0.7}",0.955470,"{""topK"": 100, ""lam"": 0.7, ""mask"": ""ties"", ""merging_type"": ""mean""}",0.960341,"{""c"": 0.9}",0.955714,"{""theta"": 30.0, ""beta"": 1.0, ""lam"": 0.6}",0.953584,"{""force_k"": 1, ""beta"": 1.0, ""lam"": 0.5}",0.945836,"{""k"": 20, ""c"": 1.0}",0.949949,"{""force_k"": 1, ""beta"": 0.5, ""lam"": 0.7}",0.956461,0.955959,0
sst2-snli,sst2,snli,0.965315,"{""lam"": 0.6}",0.907597,"{""k"": 20, ""lam"": 1.0}",0.924765,"{""p"": 0.5, ""lam"": 0.7, ""seed"": 0}",0.920072,"{""p"": 0.5, ""k"": 20, ""lam"": 0.7, ""seed"": 0}",0.963752,"{""kmode"": ""lora"", ""r"": 8, ""lam"": 0.7}",0.955296,"{""topK"": 20, ""lam"": 0.7, ""mask"": ""ties"", ""merging_type"": ""mean""}",0.964399,"{""c"": 0.9}",0.965315,"{""theta"": 30.0, ""beta"": 1.0, ""lam"": 0.6}",0.961615,"{""force_k"": 1, ""beta"": 1.0, ""lam"": 0.6}",0.927333,"{""k"": 20, ""c"": 1.0}",0.955543,"{""force_k"": 1, ""beta"": 0.25, ""lam"": 0.7}",0.955503,0.955853,0
sst2-scitail,sst2,scitail,0.968546,"{""lam"": 0.6}",0.965900,"{""k"": 20, ""lam"": 1.0}",0.938902,"{""p"": 0.5, ""lam"": 0.7, ""seed"": 0}",0.964161,"{""p"": 0.5, ""k"": 20, ""lam"": 0.7, ""seed"": 0}",0.971422,"{""kmode"": ""lora"", ""r"": 8, ""lam"": 0.7}",0.980722,"{""topK"": 20, ""lam"": 0.7, ""mask"": ""ties"", ""merging_type"": ""mean""}",0.977798,"{""c"": 0.9}",0.968546,"{""theta"": 30.0, ""beta"": 1.0, ""lam"": 0.6}",0.959673,"{""force_k"": 1, ""beta"": 1.0, ""lam"": 0.6}",0.968151,"{""k"": 20, ""c"": 1.25}",0.965473,"{""force_k"": 1, ""beta"": 0.75, ""lam"": 0.7}",0.964849,0.969368,0
sst2-ag_news,sst2,ag_news,0.975934,"{""lam"": 0.7}",0.963767,"{""k"": 30, ""lam"": 1.0}",0.963557,"{""p"": 0.5, ""lam"": 0.7, ""seed"": 0}",0.946197,"{""p"": 0.5, ""k"": 20, ""lam"": 0.7, ""seed"": 0}",0.978023,"{""kmode"": ""lora"", ""r"": 8, ""lam"": 0.7}",0.968640,"{""topK"": 100, ""lam"": 1.0, ""mask"": ""ties"", ""merging_type"": ""mean""}",0.980176,"{""c"": 1.0}",0.975934,"{""theta"": 30.0, ""beta"": 1.0, ""lam"": 0.7}",0.976768,"{""force_k"": 1, ""beta"": 1.0, ""lam"": 0.7}",0.959008,"{""k"": 20, ""c"": 1.25}",0.979055,"{""force_k"": 1, ""beta"": 0.25, ""lam"": 0.7}",0.975934,0.980176,0
sst2-imdb,sst2,imdb,0.985827,"{""lam"": 0.7}",0.981869,"{""k"": 30, ""lam"": 1.0}",0.989705,"{""p"": 0.5, ""lam"": 0.5, ""seed"": 0}",0.985372,"{""p"": 0.5, ""k"": 20, ""lam"": 0.7, ""seed"": 0}",0.990191,"{""kmode"": ""lora"", ""r"": 8, ""lam"": 0.7}",0.985853,"{""topK"": 100, ""lam"": 0.7, ""mask"": ""ties"", ""merging_type"": ""mean""}",0.986726,"{""c"": 1.0}",0.985827,"{""theta"": 30.0, ""beta"": 1.0, ""lam"": 0.7}",0.989211,"{""force_k"": 1, ""beta"": 1.0, ""lam"": 0.6}",0.987108,"{""k"": 20, ""c"": 1.25}",0.985203,"{""force_k"": 1, ""beta"": 0.25, ""lam"": 0.7}",0.985827,0.986726,0
sst2-trec,sst2,trec,0.985034,"{""lam"": 0.7}",0.968867,"{""k"": 30, ""lam"": 1.0}",0.971561,"{""p"": 0.5, ""lam"": 0.7, ""seed"": 0}",0.955409,"{""p"": 0.5, ""k"": 20, ""lam"": 0.7, ""seed"": 0}",0.987531,"{""kmode"": ""lora"", ""r"": 8, ""lam"": 0.7}",0.981107,"{""topK"": 100, ""lam"": 1.0, ""mask"": ""ties"", ""merging_type"": ""mean""}",0.982126,"{""c"": 1.1}",0.985034,"{""theta"": 30.0, ""beta"": 1.0, ""lam"": 0.7}",0.980103,"{""force_k"": 1, ""beta"": 1.0, ""lam"": 1.0}",0.965912,"{""k"": 20, ""c"": 1.5}",0.993773,"{""force_k"": 1, ""beta"": 0.75, ""lam"": 0.7}",0.985034,0.983786,0
sst2-yelp_polarity,sst2,yelp_polarity,0.990593,"{""lam"": 0.5}",0.981177,"{""k"": 20, ""lam"": 1.0}",0.987087,"{""p"": 0.5, ""lam"": 0.5, ""seed"": 0}",0.976341,"{""p"": 0.5, ""k"": 20, ""lam"": 0.7, ""seed"": 0}",0.987472,"{""kmode"": ""lora"", ""r"": 8, ""lam"": 0.7}",0.985745,"{""topK"": 100, ""lam"": 0.7, ""mask"": ""ties"", ""merging_type"": ""mean""}",0.990195,"{""c"": 0.75}",0.990593,"{""theta"": 30.0, ""beta"": 1.0, ""lam"": 0.5}",0.990341,"{""force_k"": 1, ""beta"": 1.0, ""lam"": 0.5}",0.983608,"{""k"": 20, ""c"": 1.0}",0.987685,"{""force_k"": 1, ""beta"": 0.25, ""lam"": 0.7}",0.990593,0.986901,0
mrpc-stsb,mrpc,stsb,0.959653,"{""lam"": 0.7}",0.954816,"{""k"": 30, ""lam"": 1.0}",0.962952,"{""p"": 0.5, ""lam"": 0.7, ""seed"": 0}",0.938875,"{""p"": 0.5, ""k"": 20, ""lam"": 1.0, ""seed"": 0}",0.956508,"{""kmode"": ""lora"", ""r"": 8, ""lam"": 0.7}",0.953220,"{""topK"": 100, ""lam"": 1.0, ""mask"": ""ties"", ""merging_type"": ""mean""}",0.959578,"{""c"": 1.0}",0.959653,"{""theta"": 30.0, ""beta"": 1.0, ""lam"": 0.7}",0.960956,"{""force_k"": 1, ""beta"": 1.0, ""lam"": 0.7}",0.944250,"{""k"": 20, ""c"": 1.5}",0.964688,"{""force_k"": 1, ""beta"": 0.25, ""lam"": 0.7}",0.959653,0.959578,0
mrpc-mnli,mrpc,mnli,0.919475,"{""lam"": 0.6}",0.914756,"{""k"": 20, ""lam"": 1.0}",0.926024,"{""p"": 0.5, ""lam"": 0.5, ""seed"": 0}",0.922975,"{""p"": 0.5, ""k"": 20, ""lam"": 0.7, ""seed"": 0}",0.920439,"{""kmode"": ""lora"", ""r"": 8, ""lam"": 0.5}",0.938306,"{""topK"": 100, ""lam"": 0.7, ""mask"": ""ties"", ""merging_type"": ""mean""}",0.938188,"{""c"": 0.9}",0.919475,"{""theta"": 30.0, ""beta"": 1.0, ""lam"": 0.6}",0.939666,"{""force_k"": 1, ""beta"": 1.0, ""lam"": 0.6}",0.930773,"{""k"": 20, ""c"": 1.25}",0.895771,"{""force_k"": 1, ""beta"": 0.75, ""lam"": 0.7}",0.934799,0.915226,0
mrpc-qnli,mrpc,qnli,0.950117,"{""lam"": 0.6}",0.945467,"{""k"": 20, ""lam"": 1.0}",0.936482,"{""p"": 0.5, ""lam"": 0.7, ""seed"": 0}",0.950103,"{""p"": 0.5, ""k"": 20, ""lam"": 0.7, ""seed"": 0}",0.946133,"{""kmode"": ""lora"", ""r"": 8, ""lam"": 0.7}",0.958572,"{""topK"": 20, ""lam"": 0.7, ""mask"": ""ties"", ""merging_type"": ""mean""}",0.948247,"{""c"": 0.9}",0.950117,"{""theta"": 30.0, ""beta"": 1.0, ""lam"": 0.6}",0.947561,"{""force_k"": 1, ""beta"": 1.0, ""lam"": 0.7}",0.941722,"{""k"": 20, ""c"": 1.25}",0.949627,"{""force_k"": 1, ""beta"": 0.5, ""lam"": 0.7}",0.941199,0.945664,0
mrpc-rte,mrpc,rte,0.921915,"{""lam"": 0.5}",0.901961,"{""k"": 20, ""lam"": 0.7}",0.910898,"{""p"": 0.5, ""lam"": 0.5, ""seed"": 0}",0.922789,"{""p"": 0.5, ""k"": 20, ""lam"": 0.7, ""seed"": 0}",0.928682,"{""kmode"": ""lora"", ""r"": 8, ""lam"": 0.5}",0.927387,"{""topK"": 100, ""lam"": 0.7, ""mask"": ""ties"", ""merging_type"": ""mean""}",0.917811,"{""c"": 0.75}",0.921915,"{""theta"": 30.0, ""beta"": 1.0, ""lam"": 0.5}",0.931783,"{""force_k"": 1, ""beta"": 1.0, ""lam"": 0.5}",0.901103,"{""k"": 20, ""c"": 1.0}",0.903839,"{""force_k"": 1, ""beta"": 0.75, ""lam"": 0.7}",0.921915,0.902471,0
mrpc-wic,mrpc,wic,0.906824,"{""lam"": 0.85}",0.910880,"{""k"": 20, ""lam"": 1.0}",0.916063,"{""p"": 0.5, ""lam"": 0.7, ""seed"": 0}",0.922226,"{""p"": 0.5, ""k"": 20, ""lam"": 1.0, ""seed"": 0}",0.908167,"{""kmode"": ""lora"", ""r"": 8, ""lam"": 1.0}",0.899982,"{""topK"": 20, ""lam"": 0.7, ""mask"": ""ties"", ""merging_type"": ""mean""}",0.909209,"{""c"": 1.25}",0.906824,"{""theta"": 30.0, ""beta"": 1.0, ""lam"": 0.85}",0.916147,"{""force_k"": 1, ""beta"": 1.0, ""lam"": 0.85}",0.909839,"{""k"": 20, ""c"": 1.5}",0.912357,"{""force_k"": 1, ""beta"": 0.75, ""lam"": 1.0}",0.913798,0.914755,0
mrpc-snli,mrpc,snli,0.936975,"{""lam"": 0.6}",0.924028,"{""k"": 20, ""lam"": 1.0}",0.922781,"{""p"": 0.5, ""lam"": 0.5, ""seed"": 0}",0.942291,"{""p"": 0.5, ""k"": 20, ""lam"": 0.7, ""seed"": 0}",0.937230,"{""kmode"": ""official"", ""r"": 8, ""lam"": 0.7}",0.926932,"{""topK"": 20, ""lam"": 0.7, ""mask"": ""ties"", ""merging_type"": ""mean""}",0.932056,"{""c"": 0.9}",0.936975,"{""theta"": 30.0, ""beta"": 1.0, ""lam"": 0.6}",0.938730,"{""force_k"": 1, ""beta"": 1.0, ""lam"": 0.6}",0.919911,"{""k"": 20, ""c"": 1.25}",0.906181,"{""force_k"": 1, ""beta"": 0.75, ""lam"": 0.7}",0.924007,0.904724,0
mrpc-scitail,mrpc,scitail,0.967537,"{""lam"": 0.7}",0.956427,"{""k"": 30, ""lam"": 1.0}",0.955402,"{""p"": 0.5, ""lam"": 0.7, ""seed"": 0}",0.951056,"{""p"": 0.5, ""k"": 20, ""lam"": 0.7, ""seed"": 0}",0.966293,"{""kmode"": ""lora"", ""r"": 8, ""lam"": 0.7}",0.951056,"{""topK"": 20, ""lam"": 0.7, ""mask"": ""ties"", ""merging_type"": ""mean""}",0.962399,"{""c"": 1.0}",0.967537,"{""theta"": 30.0, ""beta"": 1.0, ""lam"": 0.7}",0.952289,"{""force_k"": 1, ""beta"": 1.0, ""lam"": 0.6}",0.954361,"{""k"": 20, ""c"": 1.25}",0.967329,"{""force_k"": 1, ""beta"": 0.25, ""lam"": 0.7}",0.967537,0.962399,0
mrpc-ag_news,mrpc,ag_news,0.929366,"{""lam"": 0.6}",0.891043,"{""k"": 20, ""lam"": 1.0}",0.900587,"{""p"": 0.5, ""lam"": 0.5, ""seed"": 0}",0.899575,"{""p"": 0.5, ""k"": 20, ""lam"": 0.7, ""seed"": 0}",0.928564,"{""kmode"": ""lora"", ""r"": 8, ""lam"": 0.7}",0.917940,"{""topK"": 20, ""lam"": 0.7, ""mask"": ""ties"", ""merging_type"": ""mean""}",0.931283,"{""c"": 0.9}",0.929366,"{""theta"": 30.0, ""beta"": 1.0, ""lam"": 0.6}",0.932568,"{""force_k"": 1, ""beta"": 1.0, ""lam"": 0.6}",0.865962,"{""k"": 20, ""c"": 1.25}",0.932957,"{""force_k"": 1, ""beta"": 0.75, ""lam"": 0.7}",0.919389,0.930832,0
mrpc-imdb,mrpc,imdb,0.978852,"{""lam"": 0.85}",0.973790,"{""k"": 30, ""lam"": 1.0}",0.959770,"{""p"": 0.5, ""lam"": 0.7, ""seed"": 0}",0.978820,"{""p"": 0.5, ""k"": 20, ""lam"": 1.0, ""seed"": 0}",0.969684,"{""kmode"": ""official"", ""r"": 8, ""lam"": 1.0}",0.968873,"{""topK"": 20, ""lam"": 1.0, ""mask"": ""ties"", ""merging_type"": ""mean""}",0.972943,"{""c"": 1.1}",0.978852,"{""theta"": 30.0, ""beta"": 1.0, ""lam"": 0.85}",0.976752,"{""force_k"": 1, ""beta"": 1.0, ""lam"": 0.85}",0.984567,"{""k"": 20, ""c"": 1.5}",0.951743,"{""force_k"": 1, ""beta"": 0.25, ""lam"": 0.7}",0.951968,0.952887,0
mrpc-trec,mrpc,trec,1.000588,"{""lam"": 1.0}",0.973798,"{""k"": 20, ""lam"": 1.5}",0.980191,"{""p"": 0.5, ""lam"": 1.0, ""seed"": 0}",0.983297,"{""p"": 0.5, ""k"": 20, ""lam"": 1.0, ""seed"": 0}",1.000811,"{""kmode"": ""lora"", ""r"": 8, ""lam"": 1.0}",0.991942,"{""topK"": 20, ""lam"": 1.0, ""mask"": ""ties"", ""merging_type"": ""mean""}",0.997706,"{""c"": 1.5}",1.000588,"{""theta"": 30.0, ""beta"": 1.0, ""lam"": 1.0}",1.006575,"{""force_k"": 1, ""beta"": 1.0, ""lam"": 1.0}",0.983702,"{""k"": 20, ""c"": 1.5}",0.998741,"{""force_k"": 1, ""beta"": 0.5, ""lam"": 1.0}",1.000588,0.953443,0
mrpc-yelp_polarity,mrpc,yelp_polarity,0.969386,"{""lam"": 0.7}",0.954345,"{""k"": 20, ""lam"": 1.0}",0.952845,"{""p"": 0.5, ""lam"": 0.7, ""seed"": 0}",0.953701,"{""p"": 0.5, ""k"": 20, ""lam"": 0.7, ""seed"": 0}",0.975469,"{""kmode"": ""lora"", ""r"": 8, ""lam"": 0.7}",0.964048,"{""topK"": 100, ""lam"": 1.0, ""mask"": ""ties"", ""merging_type"": ""mean""}",0.974618,"{""c"": 1.0}",0.969386,"{""theta"": 30.0, ""beta"": 1.0, ""lam"": 0.7}",0.974618,"{""force_k"": 1, ""beta"": 1.0, ""lam"": 0.7}",0.965878,"{""k"": 20, ""c"": 1.25}",0.969280,"{""force_k"": 1, ""beta"": 0.25, ""lam"": 0.7}",0.969386,0.974618,0
stsb-mnli,stsb,mnli,0.924256,"{""lam"": 0.7}",0.921821,"{""k"": 30, ""lam"": 1.0}",0.913960,"{""p"": 0.5, ""lam"": 0.7, ""seed"": 0}",0.900341,"{""p"": 0.5, ""k"": 20, ""lam"": 0.7, ""seed"": 0}",0.928535,"{""kmode"": ""lora"", ""r"": 8, ""lam"": 0.7}",0.922734,"{""topK"": 100, ""lam"": 1.0, ""mask"": ""ties"", ""merging_type"": ""mean""}",0.927498,"{""c"": 1.1}",0.924256,"{""theta"": 30.0, ""beta"": 1.0, ""lam"": 0.7}",0.923143,"{""force_k"": 1, ""beta"": 1.0, ""lam"": 0.7}",0.916616,"{""k"": 20, ""c"": 1.5}",0.924673,"{""force_k"": 1, ""beta"": 0.25, ""lam"": 0.7}",0.924256,0.930521,0
stsb-qnli,stsb,qnli,0.960379,"{""lam"": 0.6}",0.949955,"{""k"": 30, ""lam"": 1.0}",0.955589,"{""p"": 0.5, ""lam"": 0.7, ""seed"": 0}",0.943229,"{""p"": 0.5, ""k"": 20, ""lam"": 0.7, ""seed"": 0}",0.959233,"{""kmode"": ""lora"", ""r"": 8, ""lam"": 0.7}",0.952848,"{""topK"": 100, ""lam"": 1.0, ""mask"": ""ties"", ""merging_type"": ""mean""}",0.960019,"{""c"": 1.0}",0.960379,"{""theta"": 30.0, ""beta"": 1.0, ""lam"": 0.6}",0.957705,"{""force_k"": 1, ""beta"": 1.0, ""lam"": 0.7}",0.948616,"{""k"": 20, ""c"": 1.25}",0.957587,"{""force_k"": 1, ""beta"": 0.75, ""lam"": 0.7}",0.957690,0.960019,0
stsb-rte,stsb,rte,0.964874,"{""lam"": 0.85}",0.939058,"{""k"": 10, ""lam"": 1.5}",0.968283,"{""p"": 0.5, ""lam"": 0.7, ""seed"": 0}",0.963999,"{""p"": 0.5, ""k"": 20, ""lam"": 1.0, ""seed"": 0}",0.959343,"{""kmode"": ""lora"", ""r"": 8, ""lam"": 1.0}",0.960247,"{""topK"": 20, ""lam"": 1.0, ""mask"": ""ties"", ""merging_type"": ""mean""}",0.965604,"{""c"": 1.1}",0.964874,"{""theta"": 30.0, ""beta"": 1.0, ""lam"": 0.85}",0.972258,"{""force_k"": 1, ""beta"": 1.0, ""lam"": 1.0}",0.954014,"{""k"": 20, ""c"": 1.5}",0.971347,"{""force_k"": 1, ""beta"": 0.75, ""lam"": 1.0}",0.977115,0.978642,0
stsb-wic,stsb,wic,0.977599,"{""lam"": 0.6}",0.979577,"{""k"": 20, ""lam"": 1.0}",0.978136,"{""p"": 0.5, ""lam"": 0.7, ""seed"": 0}",0.964128,"{""p"": 0.5, ""k"": 20, ""lam"": 0.7, ""seed"": 0}",0.986384,"{""kmode"": ""lora"", ""r"": 8, ""lam"": 0.7}",0.977955,"{""topK"": 20, ""lam"": 0.7, ""mask"": ""ties"", ""merging_type"": ""mean""}",0.979235,"{""c"": 0.9}",0.977599,"{""theta"": 30.0, ""beta"": 1.0, ""lam"": 0.6}",0.973038,"{""force_k"": 1, ""beta"": 1.0, ""lam"": 0.6}",0.977821,"{""k"": 20, ""c"": 1.25}",0.981536,"{""force_k"": 1, ""beta"": 0.75, ""lam"": 0.7}",0.983914,0.982704,0
stsb-snli,stsb,snli,0.937827,"{""lam"": 0.6}",0.932232,"{""k"": 20, ""lam"": 1.0}",0.933367,"{""p"": 0.5, ""lam"": 0.5, ""seed"": 0}",0.933382,"{""p"": 0.5, ""k"": 20, ""lam"": 0.7, ""seed"": 0}",0.933448,"{""kmode"": ""lora"", ""r"": 8, ""lam"": 0.7}",0.936271,"{""topK"": 20, ""lam"": 0.7, ""mask"": ""ties"", ""merging_type"": ""mean""}",0.936997,"{""c"": 0.9}",0.937827,"{""theta"": 30.0, ""beta"": 1.0, ""lam"": 0.6}",0.939611,"{""force_k"": 1, ""beta"": 1.0, ""lam"": 0.6}",0.931361,"{""k"": 20, ""c"": 1.25}",0.930967,"{""force_k"": 1, ""beta"": 0.75, ""lam"": 0.7}",0.928613,0.929565,0
stsb-scitail,stsb,scitail,0.993960,"{""lam"": 0.6}",0.986162,"{""k"": 30, ""lam"": 1.0}",0.979644,"{""p"": 0.5, ""lam"": 0.7, ""seed"": 0}",0.978031,"{""p"": 0.5, ""k"": 20, ""lam"": 0.7, ""seed"": 0}",0.995301,"{""kmode"": ""lora"", ""r"": 8, ""lam"": 0.7}",0.988261,"{""topK"": 100, ""lam"": 1.0, ""mask"": ""ties"", ""merging_type"": ""mean""}",0.994116,"{""c"": 0.9}",0.993960,"{""theta"": 30.0, ""beta"": 1.0, ""lam"": 0.6}",0.989866,"{""force_k"": 1, ""beta"": 1.0, ""lam"": 0.7}",0.979559,"{""k"": 20, ""c"": 1.5}",0.987975,"{""force_k"": 1, ""beta"": 0.75, ""lam"": 0.7}",0.986452,0.984952,0
stsb-ag_news,stsb,ag_news,0.969231,"{""lam"": 0.5}",0.952538,"{""k"": 20, ""lam"": 0.7}",0.960898,"{""p"": 0.5, ""lam"": 0.5, ""seed"": 0}",0.949389,"{""p"": 0.5, ""k"": 20, ""lam"": 0.7, ""seed"": 0}",0.968009,"{""kmode"": ""lora"", ""r"": 8, ""lam"": 0.5}",0.963640,"{""topK"": 100, ""lam"": 0.7, ""mask"": ""ties"", ""merging_type"": ""mean""}",0.969821,"{""c"": 0.9}",0.969231,"{""theta"": 30.0, ""beta"": 1.0, ""lam"": 0.5}",0.970014,"{""force_k"": 1, ""beta"": 1.0, ""lam"": 0.5}",0.958392,"{""k"": 20, ""c"": 1.0}",0.960195,"{""force_k"": 1, ""beta"": 0.75, ""lam"": 0.7}",0.969231,0.964624,0
stsb-imdb,stsb,imdb,0.996840,"{""lam"": 0.7}",0.989739,"{""k"": 20, ""lam"": 1.0}",0.990310,"{""p"": 0.5, ""lam"": 0.5, ""seed"": 0}",0.990223,"{""p"": 0.5, ""k"": 20, ""lam"": 0.7, ""seed"": 0}",0.996865,"{""kmode"": ""lora"", ""r"": 8, ""lam"": 0.7}",0.994117,"{""topK"": 20, ""lam"": 0.7, ""mask"": ""ties"", ""merging_type"": ""mean""}",0.997508,"{""c"": 1.0}",0.996840,"{""theta"": 30.0, ""beta"": 1.0, ""lam"": 0.7}",0.997079,"{""force_k"": 1, ""beta"": 1.0, ""lam"": 0.7}",0.990721,"{""k"": 20, ""c"": 1.25}",0.996854,"{""force_k"": 1, ""beta"": 0.75, ""lam"": 0.7}",0.996840,0.997508,0
stsb-trec,stsb,trec,0.944124,"{""lam"": 0.6}",0.909103,"{""k"": 20, ""lam"": 1.0}",0.925946,"{""p"": 0.5, ""lam"": 0.7, ""seed"": 0}",0.922581,"{""p"": 0.5, ""k"": 20, ""lam"": 0.7, ""seed"": 0}",0.930527,"{""kmode"": ""lora"", ""r"": 8, ""lam"": 0.7}",0.915755,"{""topK"": 20, ""lam"": 0.7, ""mask"": ""ties"", ""merging_type"": ""mean""}",0.946165,"{""c"": 0.9}",0.944124,"{""theta"": 30.0, ""beta"": 1.0, ""lam"": 0.6}",0.936353,"{""force_k"": 1, ""beta"": 1.0, ""lam"": 0.7}",0.930846,"{""k"": 20, ""c"": 1.0}",0.934968,"{""force_k"": 1, ""beta"": 0.25, ""lam"": 0.7}",0.933756,0.938355,0
stsb-yelp_polarity,stsb,yelp_polarity,0.979549,"{""lam"": 0.5}",0.964505,"{""k"": 20, ""lam"": 0.7}",0.976910,"{""p"": 0.5, ""lam"": 0.5, ""seed"": 0}",0.948428,"{""p"": 0.5, ""k"": 20, ""lam"": 0.7, ""seed"": 0}",0.978068,"{""kmode"": ""lora"", ""r"": 8, ""lam"": 0.5}",0.981186,"{""topK"": 100, ""lam"": 0.7, ""mask"": ""ties"", ""merging_type"": ""mean""}",0.982138,"{""c"": 0.75}",0.979549,"{""theta"": 30.0, ""beta"": 1.0, ""lam"": 0.5}",0.979582,"{""force_k"": 1, ""beta"": 1.0, ""lam"": 0.5}",0.965488,"{""k"": 20, ""c"": 1.0}",0.942059,"{""force_k"": 1, ""beta"": 0.75, ""lam"": 0.7}",0.979549,0.953501,0
mnli-qnli,mnli,qnli,0.832588,"{""lam"": 0.4}",0.810737,"{""k"": 20, ""lam"": 0.7}",0.810478,"{""p"": 0.5, ""lam"": 0.5, ""seed"": 0}",0.775543,"{""p"": 0.5, ""k"": 20, ""lam"": 0.7, ""seed"": 0}",0.856472,"{""kmode"": ""official"", ""r"": 8, ""lam"": 0.7}",0.813067,"{""topK"": 100, ""lam"": 0.7, ""mask"": ""ties"", ""merging_type"": ""mean""}",0.841572,"{""c"": 0.6}",0.832588,"{""theta"": 30.0, ""beta"": 1.0, ""lam"": 0.4}",0.831949,"{""force_k"": 1, ""beta"": 1.0, ""lam"": 0.4}",0.813570,"{""k"": 20, ""c"": 1.0}",0.759489,"{""force_k"": 1, ""beta"": 0.25, ""lam"": 0.7}",0.810742,0.762870,0
mnli-rte,mnli,rte,1.042044,"{""lam"": 0.7}",1.032178,"{""k"": 30, ""lam"": 1.0}",1.014006,"{""p"": 0.5, ""lam"": 0.7, ""seed"": 0}",0.999261,"{""p"": 0.5, ""k"": 20, ""lam"": 1.0, ""seed"": 0}",1.044641,"{""kmode"": ""lora"", ""r"": 8, ""lam"": 0.7}",1.032592,"{""topK"": 100, ""lam"": 1.0, ""mask"": ""ties"", ""merging_type"": ""mean""}",1.046946,"{""c"": 1.1}",1.042044,"{""theta"": 30.0, ""beta"": 1.0, ""lam"": 0.7}",1.042291,"{""force_k"": 1, ""beta"": 1.0, ""lam"": 0.7}",1.013026,"{""k"": 20, ""c"": 1.5}",1.042106,"{""force_k"": 1, ""beta"": 0.75, ""lam"": 0.7}",1.042044,1.047802,0
mnli-wic,mnli,wic,0.894661,"{""lam"": 0.85}",0.898617,"{""k"": 30, ""lam"": 1.0}",0.873769,"{""p"": 0.5, ""lam"": 0.7, ""seed"": 0}",0.855888,"{""p"": 0.5, ""k"": 20, ""lam"": 1.0, ""seed"": 0}",0.873352,"{""kmode"": ""lora"", ""r"": 8, ""lam"": 1.0}",0.904848,"{""topK"": 20, ""lam"": 1.0, ""mask"": ""ties"", ""merging_type"": ""mean""}",0.899233,"{""c"": 1.25}",0.894661,"{""theta"": 30.0, ""beta"": 1.0, ""lam"": 0.85}",0.895032,"{""force_k"": 1, ""beta"": 1.0, ""lam"": 0.85}",0.889340,"{""k"": 20, ""c"": 1.5}",0.898871,"{""force_k"": 1, ""beta"": 0.75, ""lam"": 0.7}",0.896742,0.870614,0
mnli-snli,mnli,snli,0.942938,"{""lam"": 0.6}",0.931544,"{""k"": 20, ""lam"": 1.0}",0.943727,"{""p"": 0.5, ""lam"": 0.5, ""seed"": 0}",0.926320,"{""p"": 0.5, ""k"": 20, ""lam"": 0.7, ""seed"": 0}",0.933563,"{""kmode"": ""lora"", ""r"": 8, ""lam"": 0.5}",0.946186,"{""topK"": 20, ""lam"": 0.7, ""mask"": ""ties"", ""merging_type"": ""mean""}",0.950341,"{""c"": 0.75}",0.942938,"{""theta"": 30.0, ""beta"": 1.0, ""lam"": 0.6}",0.940311,"{""force_k"": 1, ""beta"": 1.0, ""lam"": 0.6}",0.941185,"{""k"": 20, ""c"": 1.0}",0.927195,"{""force_k"": 1, ""beta"": 0.5, ""lam"": 0.7}",0.950121,0.933214,0
mnli-scitail,mnli,scitail,0.903857,"{""lam"": 0.5}",0.885099,"{""k"": 20, ""lam"": 0.7}",0.889521,"{""p"": 0.5, ""lam"": 0.5, ""seed"": 0}",0.831406,"{""p"": 0.5, ""k"": 20, ""lam"": 0.7, ""seed"": 0}",0.893662,"{""kmode"": ""lora"", ""r"": 8, ""lam"": 0.5}",0.895676,"{""topK"": 100, ""lam"": 0.7, ""mask"": ""ties"", ""merging_type"": ""mean""}",0.909556,"{""c"": 0.75}",0.903857,"{""theta"": 30.0, ""beta"": 1.0, ""lam"": 0.5}",0.910055,"{""force_k"": 1, ""beta"": 1.0, ""lam"": 0.5}",0.902176,"{""k"": 20, ""c"": 1.0}",0.825568,"{""force_k"": 1, ""beta"": 0.75, ""lam"": 0.7}",0.903857,0.852574,0
mnli-ag_news,mnli,ag_news,0.937618,"{""lam"": 0.85}",0.861767,"{""k"": 30, ""lam"": 1.0}",0.872930,"{""p"": 0.5, ""lam"": 0.7, ""seed"": 0}",0.784916,"{""p"": 0.5, ""k"": 20, ""lam"": 0.7, ""seed"": 0}",0.927809,"{""kmode"": ""lora"", ""r"": 8, ""lam"": 0.7}",0.921761,"{""topK"": 100, ""lam"": 1.0, ""mask"": ""ties"", ""merging_type"": ""mean""}",0.937304,"{""c"": 1.25}",0.937618,"{""theta"": 30.0, ""beta"": 1.0, ""lam"": 0.85}",0.937502,"{""force_k"": 1, ""beta"": 1.0, ""lam"": 0.85}",0.840542,"{""k"": 20, ""c"": 1.25}",0.926836,"{""force_k"": 1, ""beta"": 0.5, ""lam"": 0.7}",0.927504,0.919130,0
mnli-imdb,mnli,imdb,0.955494,"{""lam"": 0.85}",0.939193,"{""k"": 30, ""lam"": 1.0}",0.926188,"{""p"": 0.5, ""lam"": 0.7, ""seed"": 0}",0.884326,"{""p"": 0.5, ""k"": 20, ""lam"": 0.7, ""seed"": 0}",0.950486,"{""kmode"": ""lora"", ""r"": 8, ""lam"": 0.7}",0.944561,"{""topK"": 20, ""lam"": 1.0, ""mask"": ""ties"", ""merging_type"": ""mean""}",0.958521,"{""c"": 1.25}",0.955494,"{""theta"": 30.0, ""beta"": 1.0, ""lam"": 0.85}",0.955488,"{""force_k"": 1, ""beta"": 1.0, ""lam"": 0.85}",0.918801,"{""k"": 20, ""c"": 1.5}",0.952527,"{""force_k"": 1, ""beta"": 0.75, ""lam"": 0.7}",0.952268,0.935787,0
mnli-trec,mnli,trec,0.872399,"{""lam"": 0.85}",0.700220,"{""k"": 10, ""lam"": 1.5}",0.741424,"{""p"": 0.5, ""lam"": 0.7, ""seed"": 0}",0.606725,"{""p"": 0.5, ""k"": 20, ""lam"": 1.0, ""seed"": 0}",0.872598,"{""kmode"": ""lora"", ""r"": 8, ""lam"": 1.0}",0.851211,"{""topK"": 20, ""lam"": 1.0, ""mask"": ""ties"", ""merging_type"": ""mean""}",0.897642,"{""c"": 1.25}",0.872399,"{""theta"": 30.0, ""beta"": 1.0, ""lam"": 0.85}",0.869294,"{""force_k"": 1, ""beta"": 1.0, ""lam"": 0.85}",0.682555,"{""k"": 20, ""c"": 1.5}",0.860757,"{""force_k"": 1, ""beta"": 0.25, ""lam"": 0.7}",0.861854,0.848609,0
mnli-yelp_polarity,mnli,yelp_polarity,0.938885,"{""lam"": 0.7}",0.938747,"{""k"": 30, ""lam"": 1.0}",0.904367,"{""p"": 0.5, ""lam"": 0.7, ""seed"": 0}",0.894602,"{""p"": 0.5, ""k"": 20, ""lam"": 0.7, ""seed"": 0}",0.936014,"{""kmode"": ""lora"", ""r"": 8, ""lam"": 0.7}",0.940497,"{""topK"": 100, ""lam"": 1.0, ""mask"": ""ties"", ""merging_type"": ""mean""}",0.937967,"{""c"": 1.1}",0.938885,"{""theta"": 30.0, ""beta"": 1.0, ""lam"": 0.7}",0.939663,"{""force_k"": 1, ""beta"": 1.0, ""lam"": 0.7}",0.910511,"{""k"": 20, ""c"": 1.25}",0.939168,"{""force_k"": 1, ""beta"": 0.25, ""lam"": 0.7}",0.938885,0.931697,0
qnli-rte,qnli,rte,0.938198,"{""lam"": 0.4}",0.955403,"{""k"": 20, ""lam"": 0.7}",0.945855,"{""p"": 0.5, ""lam"": 0.5, ""seed"": 0}",0.935684,"{""p"": 0.5, ""k"": 20, ""lam"": 0.7, ""seed"": 0}",0.949581,"{""kmode"": ""lora"", ""r"": 8, ""lam"": 0.5}",0.960659,"{""topK"": 100, ""lam"": 0.7, ""mask"": ""ties"", ""merging_type"": ""mean""}",0.928501,"{""c"": 0.6}",0.938198,"{""theta"": 30.0, ""beta"": 1.0, ""lam"": 0.4}",0.936102,"{""force_k"": 1, ""beta"": 1.0, ""lam"": 0.4}",0.954837,"{""k"": 20, ""c"": 1.0}",0.893285,"{""force_k"": 1, ""beta"": 0.75, ""lam"": 0.7}",0.945855,0.893657,0
qnli-wic,qnli,wic,0.921216,"{""lam"": 0.7}",0.926949,"{""k"": 30, ""lam"": 1.0}",0.913551,"{""p"": 0.5, ""lam"": 0.7, ""seed"": 0}",0.897387,"{""p"": 0.5, ""k"": 20, ""lam"": 1.0, ""seed"": 0}",0.907355,"{""kmode"": ""official"", ""r"": 8, ""lam"": 0.7}",0.924896,"{""topK"": 100, ""lam"": 1.0, ""mask"": ""ties"", ""merging_type"": ""mean""}",0.922018,"{""c"": 1.1}",0.921216,"{""theta"": 30.0, ""beta"": 1.0, ""lam"": 0.7}",0.923779,"{""force_k"": 1, ""beta"": 1.0, ""lam"": 0.7}",0.915673,"{""k"": 20, ""c"": 1.25}",0.922755,"{""force_k"": 1, ""beta"": 0.75, ""lam"": 0.7}",0.921216,0.922968,0
qnli-snli,qnli,snli,0.932002,"{""lam"": 0.5}",0.915505,"{""k"": 20, ""lam"": 1.0}",0.927599,"{""p"": 0.5, ""lam"": 0.5, ""seed"": 0}",0.920934,"{""p"": 0.5, ""k"": 20, ""lam"": 0.7, ""seed"": 0}",0.937896,"{""kmode"": ""lora"", ""r"": 8, ""lam"": 0.5}",0.934737,"{""topK"": 100, ""lam"": 0.7, ""mask"": ""ties"", ""merging_type"": ""mean""}",0.928983,"{""c"": 0.75}",0.932002,"{""theta"": 30.0, ""beta"": 1.0, ""lam"": 0.5}",0.933386,"{""force_k"": 1, ""beta"": 1.0, ""lam"": 0.5}",0.936006,"{""k"": 20, ""c"": 1.0}",0.865293,"{""force_k"": 1, ""beta"": 0.5, ""lam"": 0.7}",0.932002,0.854409,0
qnli-scitail,qnli,scitail,0.956913,"{""lam"": 0.5}",0.938209,"{""k"": 20, ""lam"": 1.0}",0.951182,"{""p"": 0.5, ""lam"": 0.5, ""seed"": 0}",0.939975,"{""p"": 0.5, ""k"": 20, ""lam"": 0.7, ""seed"": 0}",0.962038,"{""kmode"": ""lora"", ""r"": 8, ""lam"": 0.5}",0.960401,"{""topK"": 100, ""lam"": 0.7, ""mask"": ""ties"", ""merging_type"": ""mean""}",0.962494,"{""c"": 0.6}",0.956913,"{""theta"": 30.0, ""beta"": 1.0, ""lam"": 0.5}",0.961429,"{""force_k"": 1, ""beta"": 1.0, ""lam"": 0.5}",0.963684,"{""k"": 20, ""c"": 1.0}",0.868588,"{""force_k"": 1, ""beta"": 0.75, ""lam"": 0.7}",0.956913,0.862992,0
qnli-ag_news,qnli,ag_news,0.942904,"{""lam"": 0.85}",0.918180,"{""k"": 30, ""lam"": 1.0}",0.908418,"{""p"": 0.5, ""lam"": 0.7, ""seed"": 0}",0.874906,"{""p"": 0.5, ""k"": 20, ""lam"": 0.7, ""seed"": 0}",0.935691,"{""kmode"": ""lora"", ""r"": 8, ""lam"": 0.7}",0.921283,"{""topK"": 100, ""lam"": 1.0, ""mask"": ""ties"", ""merging_type"": ""mean""}",0.945708,"{""c"": 1.25}",0.942904,"{""theta"": 30.0, ""beta"": 1.0, ""lam"": 0.85}",0.942076,"{""force_k"": 1, ""beta"": 1.0, ""lam"": 0.85}",0.909061,"{""k"": 20, ""c"": 1.5}",0.932683,"{""force_k"": 1, ""beta"": 0.75, ""lam"": 0.7}",0.933595,0.938552,0
qnli-imdb,qnli,imdb,0.983362,"{""lam"": 0.85}",0.975969,"{""k"": 30, ""lam"": 1.0}",0.972368,"{""p"": 0.5, ""lam"": 0.7, ""seed"": 0}",0.949698,"{""p"": 0.5, ""k"": 20, ""lam"": 1.0, ""seed"": 0}",0.980589,"{""kmode"": ""lora"", ""r"": 8, ""lam"": 0.7}",0.978656,"{""topK"": 100, ""lam"": 1.0, ""mask"": ""ties"", ""merging_type"": ""mean""}",0.983240,"{""c"": 1.1}",0.983362,"{""theta"": 30.0, ""beta"": 1.0, ""lam"": 0.85}",0.983485,"{""force_k"": 1, ""beta"": 1.0, ""lam"": 0.85}",0.970318,"{""k"": 20, ""c"": 1.5}",0.980537,"{""force_k"": 1, ""beta"": 0.5, ""lam"": 0.7}",0.981353,0.980479,0
qnli-trec,qnli,trec,0.942810,"{""lam"": 0.6}",0.911299,"{""k"": 30, ""lam"": 1.0}",0.909888,"{""p"": 0.5, ""lam"": 0.5, ""seed"": 0}",0.896509,"{""p"": 0.5, ""k"": 20, ""lam"": 0.7, ""seed"": 0}",0.933618,"{""kmode"": ""lora"", ""r"": 8, ""lam"": 0.7}",0.934371,"{""topK"": 20, ""lam"": 0.7, ""mask"": ""ties"", ""merging_type"": ""mean""}",0.936779,"{""c"": 0.75}",0.942810,"{""theta"": 30.0, ""beta"": 1.0, ""lam"": 0.6}",0.934246,"{""force_k"": 1, ""beta"": 1.0, ""lam"": 0.7}",0.912945,"{""k"": 20, ""c"": 1.25}",0.934159,"{""force_k"": 1, ""beta"": 0.75, ""lam"": 0.7}",0.930387,0.918748,0
qnli-yelp_polarity,qnli,yelp_polarity,0.959557,"{""lam"": 0.6}",0.954469,"{""k"": 20, ""lam"": 1.0}",0.942802,"{""p"": 0.5, ""lam"": 0.5, ""seed"": 0}",0.927843,"{""p"": 0.5, ""k"": 20, ""lam"": 0.7, ""seed"": 0}",0.950038,"{""kmode"": ""lora"", ""r"": 8, ""lam"": 0.7}",0.952156,"{""topK"": 100, ""lam"": 0.7, ""mask"": ""ties"", ""merging_type"": ""mean""}",0.956246,"{""c"": 0.75}",0.959557,"{""theta"": 30.0, ""beta"": 1.0, ""lam"": 0.6}",0.961299,"{""force_k"": 1, ""beta"": 1.0, ""lam"": 0.6}",0.943329,"{""k"": 20, ""c"": 1.25}",0.952729,"{""force_k"": 1, ""beta"": 0.75, ""lam"": 0.7}",0.951433,0.944670,0
rte-wic,rte,wic,0.944326,"{""lam"": 0.7}",0.941517,"{""k"": 30, ""lam"": 1.0}",0.943175,"{""p"": 0.5, ""lam"": 0.7, ""seed"": 0}",0.933609,"{""p"": 0.5, ""k"": 20, ""lam"": 1.0, ""seed"": 0}",0.938696,"{""kmode"": ""lora"", ""r"": 8, ""lam"": 0.7}",0.936443,"{""topK"": 100, ""lam"": 1.0, ""mask"": ""ties"", ""merging_type"": ""mean""}",0.947085,"{""c"": 1.1}",0.944326,"{""theta"": 30.0, ""beta"": 1.0, ""lam"": 0.7}",0.942074,"{""force_k"": 1, ""beta"": 1.0, ""lam"": 0.7}",0.926852,"{""k"": 20, ""c"": 1.5}",0.945452,"{""force_k"": 1, ""beta"": 0.25, ""lam"": 0.7}",0.944326,0.934748,0
rte-snli,rte,snli,1.005189,"{""lam"": 0.6}",1.007263,"{""k"": 30, ""lam"": 1.0}",0.985196,"{""p"": 0.5, ""lam"": 0.7, ""seed"": 0}",0.987943,"{""p"": 0.5, ""k"": 20, ""lam"": 0.7, ""seed"": 0}",0.997397,"{""kmode"": ""official"", ""r"": 8, ""lam"": 0.7}",0.998929,"{""topK"": 20, ""lam"": 0.7, ""mask"": ""ties"", ""merging_type"": ""mean""}",0.984534,"{""c"": 0.75}",1.005189,"{""theta"": 30.0, ""beta"": 1.0, ""lam"": 0.6}",1.015536,"{""force_k"": 1, ""beta"": 1.0, ""lam"": 0.6}",1.004073,"{""k"": 20, ""c"": 1.25}",0.997308,"{""force_k"": 1, ""beta"": 0.5, ""lam"": 0.7}",0.988438,0.994812,0
rte-scitail,rte,scitail,1.011513,"{""lam"": 0.6}",0.997745,"{""k"": 20, ""lam"": 1.0}",0.977270,"{""p"": 0.5, ""lam"": 0.7, ""seed"": 0}",0.996713,"{""p"": 0.5, ""k"": 20, ""lam"": 0.7, ""seed"": 0}",1.000143,"{""kmode"": ""lora"", ""r"": 8, ""lam"": 0.7}",1.003573,"{""topK"": 100, ""lam"": 1.0, ""mask"": ""ties"", ""merging_type"": ""mean""}",1.016653,"{""c"": 0.9}",1.011513,"{""theta"": 30.0, ""beta"": 1.0, ""lam"": 0.6}",1.015211,"{""force_k"": 1, ""beta"": 1.0, ""lam"": 0.6}",0.989537,"{""k"": 20, ""c"": 1.5}",0.998710,"{""force_k"": 1, ""beta"": 0.25, ""lam"": 0.7}",0.994668,1.000286,0
rte-ag_news,rte,ag_news,0.913698,"{""lam"": 1.0}",0.930148,"{""k"": 10, ""lam"": 1.5}",0.940386,"{""p"": 0.5, ""lam"": 0.7, ""seed"": 0}",0.910608,"{""p"": 0.5, ""k"": 20, ""lam"": 1.0, ""seed"": 0}",0.937723,"{""kmode"": ""official"", ""r"": 8, ""lam"": 1.0}",0.922615,"{""topK"": 20, ""lam"": 1.0, ""mask"": ""ties"", ""merging_type"": ""mean""}",0.957941,"{""c"": 1.1}",0.913698,"{""theta"": 30.0, ""beta"": 1.0, ""lam"": 1.0}",0.916927,"{""force_k"": 1, ""beta"": 1.0, ""lam"": 1.0}",0.939965,"{""k"": 20, ""c"": 1.5}",0.924934,"{""force_k"": 1, ""beta"": 0.75, ""lam"": 1.0}",0.913698,0.954361,0
rte-imdb,rte,imdb,0.979494,"{""lam"": 0.7}",0.966909,"{""k"": 10, ""lam"": 1.5}",0.995561,"{""p"": 0.5, ""lam"": 0.7, ""seed"": 0}",0.972583,"{""p"": 0.5, ""k"": 20, ""lam"": 1.0, ""seed"": 0}",0.981684,"{""kmode"": ""official"", ""r"": 8, ""lam"": 1.0}",0.981460,"{""topK"": 20, ""lam"": 1.0, ""mask"": ""ties"", ""merging_type"": ""mean""}",0.992865,"{""c"": 1.1}",0.979494,"{""theta"": 30.0, ""beta"": 1.0, ""lam"": 0.7}",0.990000,"{""force_k"": 1, ""beta"": 1.0, ""lam"": 0.85}",0.981291,"{""k"": 20, ""c"": 1.5}",0.981516,"{""force_k"": 1, ""beta"": 0.5, ""lam"": 0.7}",0.979494,0.987977,0
rte-trec,rte,trec,0.960674,"{""lam"": 0.6}",0.953282,"{""k"": 30, ""lam"": 1.0}",0.963483,"{""p"": 0.5, ""lam"": 0.7, ""seed"": 0}",0.967769,"{""p"": 0.5, ""k"": 20, ""lam"": 0.7, ""seed"": 0}",0.956091,"{""kmode"": ""lora"", ""r"": 8, ""lam"": 0.7}",0.948106,"{""topK"": 100, ""lam"": 1.0, ""mask"": ""ties"", ""merging_type"": ""mean""}",0.954318,"{""c"": 1.1}",0.960674,"{""theta"": 30.0, ""beta"": 1.0, ""lam"": 0.6}",0.958162,"{""force_k"": 1, ""beta"": 1.0, ""lam"": 0.85}",0.976789,"{""k"": 20, ""c"": 1.5}",0.962745,"{""force_k"": 1, ""beta"": 0.75, ""lam"": 0.7}",0.951509,0.966589,0
rte-yelp_polarity,rte,yelp_polarity,0.936015,"{""lam"": 0.5}",0.919116,"{""k"": 20, ""lam"": 1.0}",0.904752,"{""p"": 0.5, ""lam"": 0.7, ""seed"": 0}",0.928332,"{""p"": 0.5, ""k"": 20, ""lam"": 0.7, ""seed"": 0}",0.943857,"{""kmode"": ""official"", ""r"": 8, ""lam"": 0.7}",0.903857,"{""topK"": 100, ""lam"": 1.0, ""mask"": ""ties"", ""merging_type"": ""mean""}",0.958699,"{""c"": 0.75}",0.936015,"{""theta"": 30.0, ""beta"": 1.0, ""lam"": 0.5}",0.944601,"{""force_k"": 1, ""beta"": 1.0, ""lam"": 0.5}",0.941367,"{""k"": 20, ""c"": 1.0}",0.928712,"{""force_k"": 1, ""beta"": 0.75, ""lam"": 0.7}",0.936015,0.925159,0
wic-snli,wic,snli,0.928154,"{""lam"": 0.7}",0.936344,"{""k"": 30, ""lam"": 1.0}",0.906052,"{""p"": 0.5, ""lam"": 0.7, ""seed"": 0}",0.902581,"{""p"": 0.5, ""k"": 20, ""lam"": 1.0, ""seed"": 0}",0.924027,"{""kmode"": ""lora"", ""r"": 8, ""lam"": 0.7}",0.926753,"{""topK"": 100, ""lam"": 1.0, ""mask"": ""ties"", ""merging_type"": ""mean""}",0.925484,"{""c"": 1.1}",0.928154,"{""theta"": 30.0, ""beta"": 1.0, ""lam"": 0.7}",0.916123,"{""force_k"": 1, ""beta"": 1.0, ""lam"": 0.85}",0.924377,"{""k"": 20, ""c"": 1.5}",0.925802,"{""force_k"": 1, ""beta"": 0.25, ""lam"": 0.7}",0.928154,0.921884,0
wic-scitail,wic,scitail,0.889019,"{""lam"": 0.85}",0.866375,"{""k"": 20, ""lam"": 1.5}",0.899520,"{""p"": 0.5, ""lam"": 0.7, ""seed"": 0}",0.877970,"{""p"": 0.5, ""k"": 20, ""lam"": 1.0, ""seed"": 0}",0.877713,"{""kmode"": ""official"", ""r"": 8, ""lam"": 1.0}",0.885853,"{""topK"": 20, ""lam"": 1.0, ""mask"": ""ties"", ""merging_type"": ""mean""}",0.890251,"{""c"": 1.25}",0.889019,"{""theta"": 30.0, ""beta"": 1.0, ""lam"": 0.85}",0.871199,"{""force_k"": 1, ""beta"": 1.0, ""lam"": 1.0}",0.893189,"{""k"": 20, ""c"": 1.5}",0.869662,"{""force_k"": 1, ""beta"": 0.75, ""lam"": 1.0}",0.861170,0.888534,0
wic-ag_news,wic,ag_news,0.988047,"{""lam"": 0.7}",0.958062,"{""k"": 30, ""lam"": 1.0}",0.966235,"{""p"": 0.5, ""lam"": 0.7, ""seed"": 0}",0.944353,"{""p"": 0.5, ""k"": 20, ""lam"": 0.7, ""seed"": 0}",0.982487,"{""kmode"": ""lora"", ""r"": 8, ""lam"": 0.7}",0.961380,"{""topK"": 20, ""lam"": 0.7, ""mask"": ""ties"", ""merging_type"": ""mean""}",0.983477,"{""c"": 0.9}",0.988047,"{""theta"": 30.0, ""beta"": 1.0, ""lam"": 0.7}",0.981926,"{""force_k"": 1, ""beta"": 1.0, ""lam"": 0.7}",0.969903,"{""k"": 20, ""c"": 1.25}",0.989173,"{""force_k"": 1, ""beta"": 0.25, ""lam"": 0.7}",0.988047,0.994454,0
wic-imdb,wic,imdb,0.957169,"{""lam"": 0.7}",0.961393,"{""k"": 30, ""lam"": 1.0}",0.961341,"{""p"": 0.5, ""lam"": 0.7, ""seed"": 0}",0.960044,"{""p"": 0.5, ""k"": 20, ""lam"": 0.7, ""seed"": 0}",0.964656,"{""kmode"": ""lora"", ""r"": 8, ""lam"": 0.7}",0.969273,"{""topK"": 100, ""lam"": 1.0, ""mask"": ""ties"", ""merging_type"": ""mean""}",0.958693,"{""c"": 1.1}",0.957169,"{""theta"": 30.0, ""beta"": 1.0, ""lam"": 0.7}",0.960606,"{""force_k"": 1, ""beta"": 1.0, ""lam"": 0.6}",0.955439,"{""k"": 20, ""c"": 1.25}",0.957057,"{""force_k"": 1, ""beta"": 0.25, ""lam"": 0.7}",0.957169,0.957733,0
wic-trec,wic,trec,0.966580,"{""lam"": 0.7}",0.958879,"{""k"": 30, ""lam"": 1.0}",0.954465,"{""p"": 0.5, ""lam"": 0.7, ""seed"": 0}",0.956137,"{""p"": 0.5, ""k"": 20, ""lam"": 1.0, ""seed"": 0}",0.966489,"{""kmode"": ""lora"", ""r"": 8, ""lam"": 0.7}",0.966398,"{""topK"": 100, ""lam"": 1.0, ""mask"": ""ties"", ""merging_type"": ""mean""}",0.967615,"{""c"": 1.0}",0.966580,"{""theta"": 30.0, ""beta"": 1.0, ""lam"": 0.7}",0.968741,"{""force_k"": 1, ""beta"": 1.0, ""lam"": 0.7}",0.958970,"{""k"": 20, ""c"": 1.5}",0.965454,"{""force_k"": 1, ""beta"": 0.25, ""lam"": 0.7}",0.966580,0.967615,0
wic-yelp_polarity,wic,yelp_polarity,0.967668,"{""lam"": 0.6}",0.934734,"{""k"": 20, ""lam"": 1.0}",0.949434,"{""p"": 0.5, ""lam"": 0.5, ""seed"": 0}",0.937970,"{""p"": 0.5, ""k"": 20, ""lam"": 0.7, ""seed"": 0}",0.955589,"{""kmode"": ""lora"", ""r"": 8, ""lam"": 0.7}",0.948417,"{""topK"": 100, ""lam"": 0.7, ""mask"": ""ties"", ""merging_type"": ""mean""}",0.965256,"{""c"": 0.9}",0.967668,"{""theta"": 30.0, ""beta"": 1.0, ""lam"": 0.6}",0.969920,"{""force_k"": 1, ""beta"": 1.0, ""lam"": 0.6}",0.930931,"{""k"": 20, ""c"": 1.25}",0.954676,"{""force_k"": 1, ""beta"": 0.25, ""lam"": 0.7}",0.953154,0.961433,0
snli-scitail,snli,scitail,0.929935,"{""lam"": 0.6}",0.937552,"{""k"": 20, ""lam"": 1.0}",0.947359,"{""p"": 0.5, ""lam"": 0.5, ""seed"": 0}",0.946852,"{""p"": 0.5, ""k"": 20, ""lam"": 0.7, ""seed"": 0}",0.944775,"{""kmode"": ""lora"", ""r"": 8, ""lam"": 0.5}",0.937239,"{""topK"": 20, ""lam"": 0.7, ""mask"": ""ties"", ""merging_type"": ""mean""}",0.949761,"{""c"": 0.75}",0.929935,"{""theta"": 30.0, ""beta"": 1.0, ""lam"": 0.6}",0.934201,"{""force_k"": 1, ""beta"": 1.0, ""lam"": 0.6}",0.929422,"{""k"": 20, ""c"": 1.25}",0.900744,"{""force_k"": 1, ""beta"": 0.75, ""lam"": 0.7}",0.948228,0.894850,0
snli-ag_news,snli,ag_news,0.959228,"{""lam"": 0.7}",0.932221,"{""k"": 30, ""lam"": 1.0}",0.927434,"{""p"": 0.5, ""lam"": 0.7, ""seed"": 0}",0.904783,"{""p"": 0.5, ""k"": 20, ""lam"": 0.7, ""seed"": 0}",0.959485,"{""kmode"": ""lora"", ""r"": 8, ""lam"": 0.7}",0.937383,"{""topK"": 100, ""lam"": 1.0, ""mask"": ""ties"", ""merging_type"": ""mean""}",0.960910,"{""c"": 1.0}",0.959228,"{""theta"": 30.0, ""beta"": 1.0, ""lam"": 0.7}",0.961155,"{""force_k"": 1, ""beta"": 1.0, ""lam"": 0.7}",0.922074,"{""k"": 20, ""c"": 1.25}",0.961505,"{""force_k"": 1, ""beta"": 0.75, ""lam"": 0.7}",0.959228,0.960910,0
snli-imdb,snli,imdb,0.974198,"{""lam"": 0.85}",0.972447,"{""k"": 30, ""lam"": 1.0}",0.975204,"{""p"": 0.5, ""lam"": 0.7, ""seed"": 0}",0.959703,"{""p"": 0.5, ""k"": 20, ""lam"": 0.7, ""seed"": 0}",0.980083,"{""kmode"": ""lora"", ""r"": 8, ""lam"": 0.7}",0.972925,"{""topK"": 100, ""lam"": 1.0, ""mask"": ""ties"", ""merging_type"": ""mean""}",0.980100,"{""c"": 1.1}",0.974198,"{""theta"": 30.0, ""beta"": 1.0, ""lam"": 0.85}",0.975694,"{""force_k"": 1, ""beta"": 1.0, ""lam"": 0.85}",0.964919,"{""k"": 20, ""c"": 1.5}",0.978946,"{""force_k"": 1, ""beta"": 0.25, ""lam"": 0.7}",0.978542,0.979903,0
snli-trec,snli,trec,0.968282,"{""lam"": 0.85}",0.965102,"{""k"": 30, ""lam"": 1.0}",0.967546,"{""p"": 0.5, ""lam"": 0.7, ""seed"": 0}",0.945196,"{""p"": 0.5, ""k"": 20, ""lam"": 0.7, ""seed"": 0}",0.976945,"{""kmode"": ""lora"", ""r"": 8, ""lam"": 0.7}",0.956898,"{""topK"": 100, ""lam"": 1.0, ""mask"": ""ties"", ""merging_type"": ""mean""}",0.970917,"{""c"": 1.1}",0.968282,"{""theta"": 30.0, ""beta"": 1.0, ""lam"": 0.85}",0.977591,"{""force_k"": 1, ""beta"": 1.0, ""lam"": 0.85}",0.949858,"{""k"": 20, ""c"": 1.25}",0.983510,"{""force_k"": 1, ""beta"": 0.75, ""lam"": 0.7}",0.979891,0.971819,0
snli-yelp_polarity,snli,yelp_polarity,0.908429,"{""lam"": 0.5}",0.886024,"{""k"": 20, ""lam"": 0.7}",0.912653,"{""p"": 0.5, ""lam"": 0.5, ""seed"": 0}",0.854539,"{""p"": 0.5, ""k"": 20, ""lam"": 0.7, ""seed"": 0}",0.905156,"{""kmode"": ""official"", ""r"": 8, ""lam"": 0.7}",0.921966,"{""topK"": 100, ""lam"": 0.7, ""mask"": ""ties"", ""merging_type"": ""mean""}",0.887512,"{""c"": 1.1}",0.908429,"{""theta"": 30.0, ""beta"": 1.0, ""lam"": 0.5}",0.911645,"{""force_k"": 1, ""beta"": 1.0, ""lam"": 0.5}",0.874985,"{""k"": 20, ""c"": 1.0}",0.895838,"{""force_k"": 1, ""beta"": 0.75, ""lam"": 0.7}",0.908429,0.891376,0
scitail-ag_news,scitail,ag_news,0.957344,"{""lam"": 0.85}",0.936442,"{""k"": 30, ""lam"": 1.0}",0.935512,"{""p"": 0.5, ""lam"": 0.7, ""seed"": 0}",0.884579,"{""p"": 0.5, ""k"": 20, ""lam"": 1.0, ""seed"": 0}",0.919416,"{""kmode"": ""lora"", ""r"": 8, ""lam"": 1.0}",0.934767,"{""topK"": 20, ""lam"": 1.0, ""mask"": ""ties"", ""merging_type"": ""mean""}",0.958137,"{""c"": 1.1}",0.957344,"{""theta"": 30.0, ""beta"": 1.0, ""lam"": 0.85}",0.959338,"{""force_k"": 1, ""beta"": 1.0, ""lam"": 0.85}",0.936543,"{""k"": 20, ""c"": 1.5}",0.936833,"{""force_k"": 1, ""beta"": 0.25, ""lam"": 0.7}",0.935391,0.945391,0
scitail-imdb,scitail,imdb,0.988098,"{""lam"": 0.85}",0.971007,"{""k"": 20, ""lam"": 1.5}",0.982476,"{""p"": 0.5, ""lam"": 0.7, ""seed"": 0}",0.985327,"{""p"": 0.5, ""k"": 20, ""lam"": 1.0, ""seed"": 0}",0.977370,"{""kmode"": ""lora"", ""r"": 8, ""lam"": 1.0}",0.983775,"{""topK"": 20, ""lam"": 1.0, ""mask"": ""ties"", ""merging_type"": ""mean""}",0.989893,"{""c"": 1.25}",0.988098,"{""theta"": 30.0, ""beta"": 1.0, ""lam"": 0.85}",0.988622,"{""force_k"": 1, ""beta"": 1.0, ""lam"": 0.85}",0.971405,"{""k"": 20, ""c"": 1.5}",0.974901,"{""force_k"": 1, ""beta"": 0.75, ""lam"": 1.0}",0.975088,0.979257,0
scitail-trec,scitail,trec,0.989072,"{""lam"": 0.85}",0.970519,"{""k"": 30, ""lam"": 1.0}",0.972147,"{""p"": 0.5, ""lam"": 0.7, ""seed"": 0}",0.976042,"{""p"": 0.5, ""k"": 20, ""lam"": 1.0, ""seed"": 0}",0.983139,"{""kmode"": ""lora"", ""r"": 8, ""lam"": 1.0}",0.982253,"{""topK"": 100, ""lam"": 1.0, ""mask"": ""ties"", ""merging_type"": ""mean""}",0.990124,"{""c"": 1.25}",0.989072,"{""theta"": 30.0, ""beta"": 1.0, ""lam"": 0.85}",0.987626,"{""force_k"": 1, ""beta"": 1.0, ""lam"": 0.85}",0.980279,"{""k"": 20, ""c"": 1.5}",0.974447,"{""force_k"": 1, ""beta"": 0.25, ""lam"": 0.7}",0.971619,0.971998,0
scitail-yelp_polarity,scitail,yelp_polarity,0.966713,"{""lam"": 0.6}",0.960429,"{""k"": 20, ""lam"": 1.0}",0.953204,"{""p"": 0.5, ""lam"": 0.7, ""seed"": 0}",0.961962,"{""p"": 0.5, ""k"": 20, ""lam"": 0.7, ""seed"": 0}",0.972959,"{""kmode"": ""official"", ""r"": 8, ""lam"": 0.7}",0.977530,"{""topK"": 20, ""lam"": 0.7, ""mask"": ""ties"", ""merging_type"": ""mean""}",0.971034,"{""c"": 0.9}",0.966713,"{""theta"": 30.0, ""beta"": 1.0, ""lam"": 0.6}",0.966606,"{""force_k"": 1, ""beta"": 1.0, ""lam"": 0.6}",0.956587,"{""k"": 20, ""c"": 1.25}",0.966848,"{""force_k"": 1, ""beta"": 0.25, ""lam"": 0.7}",0.966901,0.961613,0
ag_news-imdb,ag_news,imdb,0.967214,"{""lam"": 0.7}",0.942411,"{""k"": 30, ""lam"": 1.0}",0.952339,"{""p"": 0.5, ""lam"": 0.5, ""seed"": 0}",0.936237,"{""p"": 0.5, ""k"": 20, ""lam"": 0.7, ""seed"": 0}",0.968467,"{""kmode"": ""lora"", ""r"": 8, ""lam"": 0.7}",0.968528,"{""topK"": 100, ""lam"": 1.0, ""mask"": ""ties"", ""merging_type"": ""mean""}",0.971402,"{""c"": 1.0}",0.967214,"{""theta"": 30.0, ""beta"": 1.0, ""lam"": 0.7}",0.958462,"{""force_k"": 1, ""beta"": 1.0, ""lam"": 0.7}",0.943008,"{""k"": 20, ""c"": 1.25}",0.965121,"{""force_k"": 1, ""beta"": 0.25, ""lam"": 0.7}",0.967214,0.971402,0
ag_news-trec,ag_news,trec,0.962776,"{""lam"": 0.7}",0.926798,"{""k"": 20, ""lam"": 1.0}",0.934880,"{""p"": 0.5, ""lam"": 0.7, ""seed"": 0}",0.904094,"{""p"": 0.5, ""k"": 20, ""lam"": 0.7, ""seed"": 0}",0.966092,"{""kmode"": ""lora"", ""r"": 8, ""lam"": 0.7}",0.934546,"{""topK"": 20, ""lam"": 0.7, ""mask"": ""ties"", ""merging_type"": ""mean""}",0.973867,"{""c"": 1.1}",0.962776,"{""theta"": 30.0, ""beta"": 1.0, ""lam"": 0.7}",0.962302,"{""force_k"": 1, ""beta"": 1.0, ""lam"": 0.7}",0.955051,"{""k"": 20, ""c"": 1.25}",0.962232,"{""force_k"": 1, ""beta"": 0.25, ""lam"": 0.7}",0.962776,0.969726,0
ag_news-yelp_polarity,ag_news,yelp_polarity,0.954011,"{""lam"": 0.7}",0.934916,"{""k"": 20, ""lam"": 1.0}",0.939899,"{""p"": 0.5, ""lam"": 0.5, ""seed"": 0}",0.906334,"{""p"": 0.5, ""k"": 20, ""lam"": 0.7, ""seed"": 0}",0.957302,"{""kmode"": ""lora"", ""r"": 8, ""lam"": 0.7}",0.957512,"{""topK"": 100, ""lam"": 1.0, ""mask"": ""ties"", ""merging_type"": ""mean""}",0.953346,"{""c"": 0.9}",0.954011,"{""theta"": 30.0, ""beta"": 1.0, ""lam"": 0.7}",0.951226,"{""force_k"": 1, ""beta"": 1.0, ""lam"": 0.6}",0.938170,"{""k"": 20, ""c"": 1.25}",0.954432,"{""force_k"": 1, ""beta"": 0.25, ""lam"": 0.7}",0.954011,0.957512,0
imdb-trec,imdb,trec,0.956965,"{""lam"": 0.7}",0.939699,"{""k"": 10, ""lam"": 1.5}",0.949580,"{""p"": 0.5, ""lam"": 0.7, ""seed"": 0}",0.927024,"{""p"": 0.5, ""k"": 20, ""lam"": 1.0, ""seed"": 0}",0.959952,"{""kmode"": ""official"", ""r"": 8, ""lam"": 1.0}",0.941962,"{""topK"": 20, ""lam"": 1.0, ""mask"": ""ties"", ""merging_type"": ""mean""}",0.952582,"{""c"": 1.0}",0.956965,"{""theta"": 30.0, ""beta"": 1.0, ""lam"": 0.7}",0.977789,"{""force_k"": 1, ""beta"": 1.0, ""lam"": 0.7}",0.923427,"{""k"": 20, ""c"": 1.5}",0.971552,"{""force_k"": 1, ""beta"": 0.75, ""lam"": 0.7}",0.956965,0.952582,0
imdb-yelp_polarity,imdb,yelp_polarity,0.994689,"{""lam"": 0.5}",0.992560,"{""k"": 20, ""lam"": 1.0}",0.993228,"{""p"": 0.5, ""lam"": 0.5, ""seed"": 0}",0.991696,"{""p"": 0.5, ""k"": 20, ""lam"": 0.7, ""seed"": 0}",0.995042,"{""kmode"": ""lora"", ""r"": 8, ""lam"": 0.5}",0.993357,"{""topK"": 20, ""lam"": 0.7, ""mask"": ""ties"", ""merging_type"": ""mean""}",0.994496,"{""c"": 0.75}",0.994689,"{""theta"": 30.0, ""beta"": 1.0, ""lam"": 0.5}",0.994953,"{""force_k"": 1, ""beta"": 1.0, ""lam"": 0.5}",0.994284,"{""k"": 20, ""c"": 1.0}",0.992678,"{""force_k"": 1, ""beta"": 0.75, ""lam"": 0.7}",0.994689,0.992035,0
trec-yelp_polarity,trec,yelp_polarity,0.981971,"{""lam"": 0.85}",0.971776,"{""k"": 30, ""lam"": 1.0}",0.976788,"{""p"": 0.5, ""lam"": 0.7, ""seed"": 0}",0.954834,"{""p"": 0.5, ""k"": 20, ""lam"": 0.7, ""seed"": 0}",0.984783,"{""kmode"": ""lora"", ""r"": 8, ""lam"": 0.7}",0.983270,"{""topK"": 20, ""lam"": 0.7, ""mask"": ""ties"", ""merging_type"": ""mean""}",0.986879,"{""c"": 1.0}",0.981971,"{""theta"": 30.0, ""beta"": 1.0, ""lam"": 0.85}",0.984624,"{""force_k"": 1, ""beta"": 1.0, ""lam"": 0.85}",0.975912,"{""k"": 20, ""c"": 1.25}",0.985819,"{""force_k"": 1, ""beta"": 0.5, ""lam"": 0.7}",0.987810,0.986879,0
