pair,TA,TA_sel,TA_boundary,PICO_TA,PICO_TA_sel,PICO_TA_boundary,GATE,GATE_sel,GATE_boundary,FORCEGATE,FORCEGATE_sel,FORCEGATE_boundary,GATE_n_fail_layers,TA4_score,PICO_TA_c1_score,sanity_TA_maxdiff_vs_stage2
cola@s0__cola@s1,1.011827223,"{""lam"": 0.5}",False,1.007687109,"{""c"": 0.9}",False,1.004791856,"{""theta"": 30.0, ""beta"": 1.0, ""lam"": 0.6}",False,1.011257552,"{""force_k"": 1, ""beta"": 1.0, ""lam"": 0.6}",False,1,1.011827223,0.9977213165,0
sst2@s0__sst2@s1,0.9932648961,"{""lam"": 0.85}",False,0.9902018509,"{""c"": 1.5}",True,0.9926618755,"{""theta"": 30.0, ""beta"": 1.0, ""lam"": 0.85}",False,0.9969429475,"{""force_k"": 1, ""beta"": 1.0, ""lam"": 1.0}",False,2,0.9920588548,0.975399754,0
mrpc@s0__mrpc@s1,0.9873595506,"{""lam"": 0.85}",False,0.9958105939,"{""c"": 1.1}",False,0.9887640449,"{""theta"": 30.0, ""beta"": 1.0, ""lam"": 0.85}",False,0.9972391653,"{""force_k"": 1, ""beta"": 1.0, ""lam"": 0.85}",False,1,0.9943820225,0.992953451,0
stsb@s0__stsb@s1,0.9921519165,"{""lam"": 0.6}",False,0.9936254742,"{""c"": 1.0}",False,0.9919785347,"{""theta"": 30.0, ""beta"": 1.0, ""lam"": 0.6}",False,0.9902775004,"{""force_k"": 1, ""beta"": 1.0, ""lam"": 0.7}",False,1,0.9954681302,0.9936254742,0
mnli@s0__mnli@s1,0.9237229273,"{""lam"": 0.85}",False,0.9113699828,"{""c"": 1.25}",False,0.9241897638,"{""theta"": 30.0, ""beta"": 1.0, ""lam"": 0.85}",False,0.9318501933,"{""force_k"": 1, ""beta"": 1.0, ""lam"": 1.0}",False,1,0.9229977682,0.8908897722,0
qnli@s0__qnli@s1,0.9806489537,"{""lam"": 0.7}",False,0.9778393229,"{""c"": 1.25}",False,0.9811917496,"{""theta"": 30.0, ""beta"": 1.0, ""lam"": 0.7}",False,0.979697227,"{""force_k"": 1, ""beta"": 1.0, ""lam"": 0.85}",False,1,0.9806489537,0.9735675565,0
rte@s0__rte@s1,0.9744404411,"{""lam"": 0.85}",False,0.9814390217,"{""c"": 1.25}",False,0.9814171853,"{""theta"": 30.0, ""beta"": 1.0, ""lam"": 0.85}",False,0.9836990938,"{""force_k"": 1, ""beta"": 1.0, ""lam"": 1.0}",False,1,0.9462495906,0.9464897915,0
wic@s0__wic@s1,0.9714548134,"{""lam"": 0.7}",False,0.9760108348,"{""c"": 1.1}",False,0.9737483914,"{""theta"": 30.0, ""beta"": 1.0, ""lam"": 0.7}",False,0.964605214,"{""force_k"": 1, ""beta"": 1.0, ""lam"": 0.85}",False,1,0.9714548134,0.9600024908,0
snli@s0__snli@s1,0.8838857295,"{""lam"": 1.3}",True,0.8565184525,"{""c"": 1.5}",True,0.8838857295,"{""theta"": 30.0, ""beta"": 1.0, ""lam"": 1.3}",True,0.8779562261,"{""force_k"": 1, ""beta"": 1.0, ""lam"": 1.3}",True,0,0.8412668054,0.7655718825,0
scitail@s0__scitail@s1,1.000408245,"{""lam"": 0.7}",False,0.9980101633,"{""c"": 1.0}",False,0.9988152335,"{""theta"": 30.0, ""beta"": 1.0, ""lam"": 0.7}",False,0.9988038141,"{""force_k"": 1, ""beta"": 1.0, ""lam"": 0.7}",False,2,1.000408245,0.9980101633,0
ag_news@s0__ag_news@s1,0.9900160651,"{""lam"": 0.7}",False,0.9876807898,"{""c"": 0.75}",False,0.9902283115,"{""theta"": 30.0, ""beta"": 1.0, ""lam"": 0.7}",False,0.9908662924,"{""force_k"": 1, ""beta"": 1.0, ""lam"": 0.85}",False,1,0.9900160651,0.9900167423,0
imdb@s0__imdb@s1,0.9907009348,"{""lam"": 0.6}",False,0.9911182186,"{""c"": 1.0}",False,0.9902776092,"{""theta"": 30.0, ""beta"": 1.0, ""lam"": 0.6}",False,0.9928119684,"{""force_k"": 1, ""beta"": 1.0, ""lam"": 0.7}",False,1,0.9920685194,0.9911182186,0
trec@s0__trec@s1,0.9969325153,"{""lam"": 0.7}",False,0.9989775051,"{""c"": 0.75}",False,0.9959079252,"{""theta"": 30.0, ""beta"": 1.0, ""lam"": 0.7}",False,0.9907933555,"{""force_k"": 1, ""beta"": 1.0, ""lam"": 0.85}",False,1,0.9969325153,0.9969304201,0
yelp_polarity@s0__yelp_polarity@s1,0.9972203791,"{""lam"": 0.6}",False,0.9974260556,"{""c"": 0.9}",False,0.9973232809,"{""theta"": 30.0, ""beta"": 1.0, ""lam"": 0.6}",False,0.9985588658,"{""force_k"": 1, ""beta"": 1.0, ""lam"": 0.85}",False,1,0.9982501603,0.9977352697,0
