experiment,population,pair,D,D_boot_se,D_boot_lo,D_boot_hi
e4a,P,ag_news@s0__cola@s1,0.027530822,0.0059506528,0.016104769,0.039719407
e4a,P,ag_news@s0__imdb@s1,0.012597845,0.0015655138,0.0095141468,0.015604687
e4a,P,ag_news@s0__mnli@s1,0.021899983,0.0019853609,0.018155798,0.025710344
e4a,P,ag_news@s0__mrpc@s1,0.041150556,0.0099763759,0.023009168,0.060771437
e4a,P,ag_news@s0__qnli@s1,0.016953689,0.0020305283,0.01314529,0.020839055
e4a,P,ag_news@s0__scitail@s1,0.019672683,0.0033579038,0.012651454,0.026125867
e4a,P,ag_news@s0__snli@s1,0.014996629,0.0017202614,0.011647295,0.018223037
e4a,P,ag_news@s0__sst2@s1,0.019024477,0.003702506,0.012348962,0.026945852
e4a,P,ag_news@s0__stsb@s1,0.020997526,0.0022171999,0.01684488,0.025199318
e4a,P,ag_news@s0__trec@s1,0.014343429,0.0038088827,0.0068026527,0.021818349
e4a,P,ag_news@s0__wic@s1,0.031781393,0.011013589,0.0099306892,0.053460304
e4a,P,ag_news@s0__yelp_polarity@s1,0.008256198,0.0011498916,0.0059780493,0.010457684
e4a,P,cola@s0__imdb@s1,0.040186038,0.0059051716,0.02878134,0.052161003
e4a,P,cola@s0__mnli@s1,0.043574942,0.0064421441,0.030849221,0.056882371
e4a,P,cola@s0__mrpc@s1,0.021164829,0.0091679743,0.0036138995,0.038921686
e4a,P,cola@s0__qnli@s1,0.030318653,0.0064265373,0.017578905,0.042361642
e4a,P,cola@s0__scitail@s1,0.023168015,0.0053636758,0.012948568,0.033848213
e4a,P,cola@s0__snli@s1,0.040366288,0.005910859,0.029234909,0.052504232
e4a,P,cola@s0__sst2@s1,0.030251142,0.0066499672,0.01703676,0.04343005
e4a,P,cola@s0__stsb@s1,0.036799833,0.0056010465,0.026187219,0.048102434
e4a,P,cola@s0__trec@s1,0.017802559,0.0060907949,0.0064982551,0.029827519
e4a,P,cola@s0__wic@s1,0.080303519,0.013708102,0.053299167,0.10781921
e4a,P,cola@s0__yelp_polarity@s1,0.027998957,0.0049601607,0.018686659,0.038075009
e4a,P,imdb@s0__mnli@s1,0.02536704,0.002094818,0.021345752,0.029391203
e4a,P,imdb@s0__mrpc@s1,0.02414839,0.0074336136,0.009901569,0.03858407
e4a,P,imdb@s0__qnli@s1,0.0094247967,0.0018761133,0.00564664,0.013004316
e4a,P,imdb@s0__scitail@s1,0.012951237,0.0030342959,0.007037092,0.018858411
e4a,P,imdb@s0__snli@s1,0.010821063,0.0017561346,0.0076543947,0.014250578
e4a,P,imdb@s0__sst2@s1,0.011046144,0.0037768335,0.0038450817,0.018359381
e4a,P,imdb@s0__stsb@s1,0.0103457,0.0017912847,0.0068197023,0.013894647
e4a,P,imdb@s0__trec@s1,0.011018983,0.0035192421,0.0041937005,0.018018024
e4a,P,imdb@s0__wic@s1,0.021470331,0.010254698,0.0017077678,0.042232517
e4a,P,imdb@s0__yelp_polarity@s1,0.0035481849,0.0013671358,0.0010141234,0.0063757642
e4a,P,mnli@s0__mrpc@s1,0.081857247,0.012404933,0.057595596,0.1064075
e4a,P,mnli@s0__qnli@s1,0.017660973,0.0023452163,0.013111524,0.022408752
e4a,P,mnli@s0__scitail@s1,0.034861758,0.0043989233,0.026423932,0.043661384
e4a,P,mnli@s0__snli@s1,0.017559726,0.0020324634,0.013756093,0.021791382
e4a,P,mnli@s0__sst2@s1,0.011182846,0.0038002151,0.0034270668,0.018656994
e4a,P,mnli@s0__stsb@s1,0.025559999,0.0027110345,0.020317974,0.030940983
e4a,P,mnli@s0__trec@s1,0.010835511,0.0030724272,0.0047305797,0.016664609
e4a,P,mnli@s0__wic@s1,0.044729819,0.013436106,0.017511273,0.071579938
e4a,P,mnli@s0__yelp_polarity@s1,0.020630719,0.0020076878,0.016870728,0.024609488
e4a,P,mrpc@s0__qnli@s1,0.064829875,0.010718051,0.044430764,0.086006279
e4a,P,mrpc@s0__scitail@s1,0.054270865,0.010493483,0.032781347,0.075742157
e4a,P,mrpc@s0__snli@s1,0.040546863,0.0097528983,0.022161951,0.061186036
e4a,P,mrpc@s0__sst2@s1,0.020729319,0.0099102442,0.0016610919,0.040092575
e4a,P,mrpc@s0__stsb@s1,0.027485153,0.0092031889,0.010136014,0.045831031
e4a,P,mrpc@s0__trec@s1,0.013270597,0.0092007215,-0.0050704804,0.030608198
e4a,P,mrpc@s0__wic@s1,0.057983193,0.015035046,0.029957613,0.088454653
e4a,P,mrpc@s0__yelp_polarity@s1,0.012220554,0.0079610026,-0.0036423678,0.027893586
e4a,P,qnli@s0__scitail@s1,0.024816992,0.0037803728,0.017619043,0.032274697
e4a,P,qnli@s0__snli@s1,0.024266066,0.0022872495,0.019725073,0.028879373
e4a,P,qnli@s0__sst2@s1,0.016839993,0.0032260671,0.010407873,0.023449025
e4a,P,qnli@s0__stsb@s1,0.028335128,0.0027167663,0.022899357,0.033726626
e4a,P,qnli@s0__trec@s1,0.027368121,0.0036261184,0.020500286,0.034709357
e4a,P,qnli@s0__wic@s1,0.10823459,0.01184346,0.084532193,0.13219228
e4a,P,qnli@s0__yelp_polarity@s1,0.014063651,0.0017695342,0.010759666,0.017828495
e4a,P,scitail@s0__snli@s1,0.03517117,0.0040155181,0.027520333,0.043132377
e4a,P,scitail@s0__sst2@s1,0.02449614,0.0054698902,0.014356553,0.035391302
e4a,P,scitail@s0__stsb@s1,0.013494216,0.0034208327,0.006602956,0.020249563
e4a,P,scitail@s0__trec@s1,0.0087352444,0.0040181748,0.0012041524,0.016673554
e4a,P,scitail@s0__wic@s1,0.027250166,0.012215933,0.0028088026,0.051482832
e4a,P,scitail@s0__yelp_polarity@s1,0.010854409,0.0035101783,0.0041613117,0.017800353
e4a,P,snli@s0__sst2@s1,0.015741953,0.0035270645,0.0088338121,0.022620751
e4a,P,snli@s0__stsb@s1,0.031559333,0.0027386031,0.026219594,0.036729453
e4a,P,snli@s0__trec@s1,0.014236803,0.0041863383,0.0063854833,0.022495858
e4a,P,snli@s0__wic@s1,0.036188738,0.01333424,0.0090999706,0.061025766
e4a,P,snli@s0__yelp_polarity@s1,0.013764209,0.0015447654,0.010736243,0.016920626
e4a,P,sst2@s0__stsb@s1,0.019990872,0.0036318311,0.012942124,0.027225406
e4a,P,sst2@s0__trec@s1,0.016543897,0.0046978756,0.0075908679,0.025742985
e4a,P,sst2@s0__wic@s1,0.01789713,0.014494991,-0.012468112,0.045092098
e4a,P,sst2@s0__yelp_polarity@s1,0.0082770265,0.0028624459,0.0026342045,0.013904413
e4a,P,stsb@s0__trec@s1,0.017857725,0.0036304514,0.010971106,0.0246218
e4a,P,stsb@s0__wic@s1,0.017386095,0.011318157,-0.004751044,0.037749267
e4a,P,stsb@s0__yelp_polarity@s1,0.01162442,0.0017119875,0.0083625215,0.015114755
e4a,P,trec@s0__wic@s1,0.048380837,0.012198537,0.023588217,0.071545252
e4a,P,trec@s0__yelp_polarity@s1,0.0030477168,0.002842504,-0.0028892067,0.0084650523
e4a,P,wic@s0__yelp_polarity@s1,0.011512036,0.011275047,-0.01186629,0.032859441
e4a,R0,cola@s0__sst2@s0,0.037497518,0.0064642149,0.024575645,0.050772691
e4a,R0,cola@s0__mrpc@s0,0.032323203,0.010113641,0.013097313,0.052445527
e4a,R0,cola@s0__stsb@s0,0.027284299,0.0052345154,0.016548897,0.037423117
e4a,R0,cola@s0__mnli@s0,0.064616784,0.0070561807,0.051288241,0.07876807
e4a,R0,cola@s0__qnli@s0,0.033274655,0.0060707733,0.022334829,0.045943835
e4a,R0,cola@s0__wic@s0,0.0094637098,0.013060596,-0.016677358,0.033102953
e4a,R0,cola@s0__snli@s0,0.030210664,0.0046326828,0.020669933,0.039105001
e4a,R0,cola@s0__scitail@s0,0.02930812,0.0058556581,0.018326017,0.040337547
e4a,R0,cola@s0__ag_news@s0,0.037224994,0.0060522719,0.025831784,0.049211811
e4a,R0,cola@s0__imdb@s0,0.030470517,0.0052769054,0.020462809,0.040613178
e4a,R0,cola@s0__trec@s0,0.0051369863,0.0052385201,-0.0049710289,0.014997273
e4a,R0,cola@s0__yelp_polarity@s0,0.035886064,0.0055831467,0.024893135,0.047391771
e4a,R0,sst2@s0__mrpc@s0,0.026879592,0.010193664,0.006398004,0.046956523
e4a,R0,sst2@s0__stsb@s0,0.030892406,0.004173165,0.022864613,0.039421562
e4a,R0,sst2@s0__mnli@s0,0.02003204,0.0032160813,0.013746903,0.026079572
e4a,R0,sst2@s0__qnli@s0,0.022996952,0.0035739373,0.016341498,0.029892066
e4a,R0,sst2@s0__wic@s0,0.032887402,0.011775584,0.0083719674,0.055406435
e4a,R0,sst2@s0__snli@s0,0.01715507,0.0031825417,0.010886217,0.023376739
e4a,R0,sst2@s0__scitail@s0,0.014492754,0.0048335981,0.0050526916,0.023507548
e4a,R0,sst2@s0__ag_news@s0,0.016432074,0.0033009541,0.010088635,0.023156015
e4a,R0,sst2@s0__imdb@s0,0.010293953,0.0030597529,0.004666907,0.01613004
e4a,R0,sst2@s0__trec@s0,0.011193287,0.004510591,0.0026844591,0.020550012
e4a,R0,sst2@s0__yelp_polarity@s0,0.013080367,0.0032799381,0.0069536495,0.019583299
e4a,R0,mrpc@s0__stsb@s0,0.028333554,0.0084643448,0.011009749,0.044822894
e4a,R0,mrpc@s0__mnli@s0,0.043207086,0.010940463,0.022223042,0.065350611
e4a,R0,mrpc@s0__qnli@s0,0.048710075,0.0086541603,0.031610261,0.06563805
e4a,R0,mrpc@s0__wic@s0,0.10732405,0.016690585,0.074184515,0.13879591
e4a,R0,mrpc@s0__snli@s0,0.038767774,0.010023575,0.019993947,0.05862297
e4a,R0,mrpc@s0__scitail@s0,0.067027294,0.01104217,0.045249169,0.087862435
e4a,R0,mrpc@s0__ag_news@s0,0.039464013,0.010472997,0.018883132,0.060660008
e4a,R0,mrpc@s0__imdb@s0,0.031775784,0.0085417042,0.015083265,0.048958749
e4a,R0,mrpc@s0__trec@s0,0.011204482,0.008158689,-0.005800676,0.026597888
e4a,R0,mrpc@s0__yelp_polarity@s0,0.019770314,0.0093520554,0.002479745,0.037431585
e4a,R0,stsb@s0__mnli@s0,0.019703158,0.0024890439,0.014917691,0.024384263
e4a,R0,stsb@s0__qnli@s0,0.033193003,0.0029853714,0.027323729,0.039131114
e4a,R0,stsb@s0__wic@s0,0.029488363,0.011689207,0.0077421345,0.052979977
e4a,R0,stsb@s0__snli@s0,0.02872841,0.0027702784,0.023487359,0.034067091
e4a,R0,stsb@s0__scitail@s0,0.0095615674,0.0031872933,0.0028760552,0.015426144
e4a,R0,stsb@s0__ag_news@s0,0.022914674,0.0024455637,0.018479105,0.027996354
e4a,R0,stsb@s0__imdb@s0,0.014239002,0.0018973771,0.010684048,0.017982789
e4a,R0,stsb@s0__trec@s0,0.016664899,0.0032692629,0.010647723,0.023209105
e4a,R0,stsb@s0__yelp_polarity@s0,0.013159102,0.0019275408,0.0097871842,0.016948471
e4a,R0,mnli@s0__qnli@s0,0.022086498,0.0024547986,0.017508142,0.027045247
e4a,R0,mnli@s0__wic@s0,0.078091167,0.013429118,0.051927118,0.10374848
e4a,R0,mnli@s0__snli@s0,0.016949749,0.001958528,0.013150232,0.020769449
e4a,R0,mnli@s0__scitail@s0,0.030749557,0.0040897326,0.022835018,0.038512631
e4a,R0,mnli@s0__ag_news@s0,0.020809544,0.0019084486,0.017308921,0.024465064
e4a,R0,mnli@s0__imdb@s0,0.018009529,0.0019384262,0.014184572,0.02187638
e4a,R0,mnli@s0__trec@s0,0.016278703,0.0040435853,0.0084781509,0.024367232
e4a,R0,mnli@s0__yelp_polarity@s0,0.014710156,0.0017887833,0.011297363,0.01815985
e4a,R0,qnli@s0__wic@s0,0.097858742,0.012281795,0.074126797,0.12135188
e4a,R0,qnli@s0__snli@s0,0.022448977,0.0022484821,0.018130265,0.027159348
e4a,R0,qnli@s0__scitail@s0,0.019470624,0.003491599,0.012619777,0.026373573
e4a,R0,qnli@s0__ag_news@s0,0.020682723,0.0020896297,0.016506765,0.024749953
e4a,R0,qnli@s0__imdb@s0,0.018459403,0.0022348623,0.01414608,0.022914215
e4a,R0,qnli@s0__trec@s0,0.032596966,0.003697144,0.025072257,0.040199058
e4a,R0,qnli@s0__yelp_polarity@s0,0.014949981,0.0018253294,0.011467923,0.018567624
e4a,R0,wic@s0__snli@s0,0.066108514,0.013125446,0.039993315,0.090933684
e4a,R0,wic@s0__scitail@s0,0.044514262,0.013425241,0.018805982,0.070864939
e4a,R0,wic@s0__ag_news@s0,0.031604191,0.011854088,0.0064432064,0.054466643
e4a,R0,wic@s0__imdb@s0,0.017485575,0.010020199,-0.0026348063,0.037805456
e4a,R0,wic@s0__trec@s0,0.049981977,0.012309917,0.027083672,0.073263635
e4a,R0,wic@s0__yelp_polarity@s0,0.025342579,0.0093079444,0.0079407391,0.044102501
e4a,R0,snli@s0__scitail@s0,0.034198138,0.0040571004,0.026318594,0.041997985
e4a,R0,snli@s0__ag_news@s0,0.014980558,0.0017601696,0.011532578,0.018316014
e4a,R0,snli@s0__imdb@s0,0.01259477,0.0016689802,0.0091659013,0.016012421
e4a,R0,snli@s0__trec@s0,0.012395856,0.0032459639,0.0060866702,0.018919892
e4a,R0,snli@s0__yelp_polarity@s0,0.016184275,0.0015644621,0.013320171,0.019456399
e4a,R0,scitail@s0__ag_news@s0,0.019440565,0.0034902251,0.01264309,0.026517543
e4a,R0,scitail@s0__imdb@s0,0.0081397199,0.0025081668,0.0031234802,0.012873961
e4a,R0,scitail@s0__trec@s0,0.012352043,0.003804163,0.0049750431,0.01991302
e4a,R0,scitail@s0__yelp_polarity@s0,0.010034177,0.0032841426,0.003531955,0.016154679
e4a,R0,ag_news@s0__imdb@s0,0.0092508174,0.0015106447,0.0062228493,0.0122514
e4a,R0,ag_news@s0__trec@s0,0.0091540543,0.0027290161,0.0039650627,0.014556061
e4a,R0,ag_news@s0__yelp_polarity@s0,0.0076471039,0.001276295,0.0052335365,0.010041123
e4a,R0,imdb@s0__trec@s0,0.01140061,0.0026317493,0.0067236658,0.017143014
e4a,R0,imdb@s0__yelp_polarity@s0,0.0016566714,0.0013591379,-0.00098119178,0.0044749823
e4a,R0,trec@s0__yelp_polarity@s0,0.005581137,0.0025653438,0.00022921346,0.010682571
e4a,S1,cola@s1__sst2@s1,0.031864936,0.0064932241,0.019062753,0.044490871
e4a,S1,cola@s1__mrpc@s1,0.032716998,0.0098205435,0.01428476,0.051932747
e4a,S1,cola@s1__stsb@s1,0.029624326,0.0065442929,0.017126383,0.042651895
e4a,S1,cola@s1__mnli@s1,0.037920163,0.0060303081,0.025817117,0.049983325
e4a,S1,cola@s1__qnli@s1,0.028831074,0.0068761477,0.015551559,0.04220928
e4a,S1,cola@s1__wic@s1,0.042636917,0.013789227,0.01440462,0.070229595
e4a,S1,cola@s1__snli@s1,0.038801952,0.0062756645,0.026168354,0.051027598
e4a,S1,cola@s1__scitail@s1,0.016306606,0.0054380403,0.0056043715,0.026740655
e4a,S1,cola@s1__ag_news@s1,0.031429348,0.0058929287,0.020104637,0.043288826
e4a,S1,cola@s1__imdb@s1,0.034596354,0.0057559478,0.023145985,0.045919623
e4a,S1,cola@s1__trec@s1,0.022530161,0.0065228799,0.009731775,0.035041428
e4a,S1,cola@s1__yelp_polarity@s1,0.026545209,0.0057308975,0.015428308,0.038122962
e4a,S1,sst2@s1__mrpc@s1,0.04042062,0.009910623,0.021069814,0.060414717
e4a,S1,sst2@s1__stsb@s1,0.022687103,0.0040300669,0.014647435,0.030298002
e4a,S1,sst2@s1__mnli@s1,0.01762481,0.0032781188,0.011381628,0.023955109
e4a,S1,sst2@s1__qnli@s1,0.011776058,0.0036157535,0.0048313801,0.018581994
e4a,S1,sst2@s1__wic@s1,0.020703294,0.011976165,-0.0028045572,0.043380557
e4a,S1,sst2@s1__snli@s1,0.01602299,0.0036861124,0.0085484636,0.0229904
e4a,S1,sst2@s1__scitail@s1,0.0094465883,0.0042923011,0.0014880781,0.017503224
e4a,S1,sst2@s1__ag_news@s1,0.011009586,0.0034947176,0.0040310093,0.017712853
e4a,S1,sst2@s1__imdb@s1,0.013352401,0.0037013074,0.0060967262,0.02023505
e4a,S1,sst2@s1__trec@s1,0.014187496,0.0047188397,0.0050869452,0.02396051
e4a,S1,sst2@s1__yelp_polarity@s1,0.0078110737,0.0033806082,0.00098674622,0.014058992
e4a,S1,mrpc@s1__stsb@s1,0.022322699,0.0089816896,0.0041142762,0.039276974
e4a,S1,mrpc@s1__mnli@s1,0.060064544,0.010713965,0.039621124,0.081099915
e4a,S1,mrpc@s1__qnli@s1,0.052545402,0.010618108,0.030640974,0.073266704
e4a,S1,mrpc@s1__wic@s1,0.059144683,0.016316545,0.029103885,0.092762423
e4a,S1,mrpc@s1__snli@s1,0.047971726,0.010748644,0.027781167,0.069099619
e4a,S1,mrpc@s1__scitail@s1,0.031145194,0.010382007,0.010374686,0.052338331
e4a,S1,mrpc@s1__ag_news@s1,0.027294951,0.0099176749,0.0067059958,0.045918201
e4a,S1,mrpc@s1__imdb@s1,0.025884966,0.0079964668,0.010519345,0.041438197
e4a,S1,mrpc@s1__trec@s1,0.013881535,0.0099566533,-0.0067821799,0.033278557
e4a,S1,mrpc@s1__yelp_polarity@s1,0.031839122,0.0077103806,0.01668916,0.047323497
e4a,S1,stsb@s1__mnli@s1,0.032764574,0.0031691325,0.026673016,0.038761164
e4a,S1,stsb@s1__qnli@s1,0.026891276,0.0026672712,0.0216293,0.031984048
e4a,S1,stsb@s1__wic@s1,0.0019788061,0.011900944,-0.019040515,0.028929252
e4a,S1,stsb@s1__snli@s1,0.031322557,0.0027914723,0.025708909,0.036954281
e4a,S1,stsb@s1__scitail@s1,0.019202562,0.0031180985,0.013099833,0.025406625
e4a,S1,stsb@s1__ag_news@s1,0.019850441,0.0022725877,0.01551185,0.024247139
e4a,S1,stsb@s1__imdb@s1,0.0090554962,0.0017694051,0.0055334336,0.012418013
e4a,S1,stsb@s1__trec@s1,0.014721957,0.0038944461,0.0071030635,0.022748833
e4a,S1,stsb@s1__yelp_polarity@s1,0.010555652,0.0017004766,0.0070888291,0.013901003
e4a,S1,mnli@s1__qnli@s1,0.017794335,0.0024388318,0.013249701,0.022554692
e4a,S1,mnli@s1__wic@s1,0.032467786,0.013981917,0.0044700953,0.060378546
e4a,S1,mnli@s1__snli@s1,0.013613526,0.0019669169,0.0098883388,0.017414952
e4a,S1,mnli@s1__scitail@s1,0.026909506,0.0038893135,0.019923026,0.034620197
e4a,S1,mnli@s1__ag_news@s1,0.020483585,0.0019553721,0.016608732,0.024345476
e4a,S1,trec@s1__yelp_polarity@s1,0.0097400437,0.0028792502,0.0043709544,0.015589122
e4a,S1,mnli@s1__imdb@s1,0.023907136,0.0020905663,0.019629648,0.027823133
e4a,S1,mnli@s1__trec@s1,0.012359541,0.0038880027,0.0046257548,0.019579481
e4a,S1,imdb@s1__yelp_polarity@s1,0.0029058737,0.0013743524,0.0002868265,0.0054518907
e4a,S1,mnli@s1__yelp_polarity@s1,0.039931008,0.0022077794,0.035426529,0.044337928
e4a,S1,qnli@s1__wic@s1,0.087399677,0.011767811,0.065399573,0.11153717
e4a,S1,qnli@s1__snli@s1,0.01418103,0.0021105299,0.010045841,0.018266147
e4a,S1,imdb@s1__trec@s1,0.011676598,0.0031168881,0.0058521414,0.018092335
e4a,S1,qnli@s1__scitail@s1,0.022054766,0.0042086644,0.014045249,0.030602687
e4a,S1,qnli@s1__ag_news@s1,0.016692173,0.002090102,0.012678033,0.020757021
e4a,S1,ag_news@s1__yelp_polarity@s1,0.0077109525,0.0011067108,0.0055484119,0.0099243177
e4a,S1,ag_news@s1__trec@s1,0.018457683,0.0038030694,0.011666016,0.026386235
e4a,S1,qnli@s1__imdb@s1,0.012467123,0.0020273727,0.0086364229,0.01657236
e4a,S1,qnli@s1__trec@s1,0.015681415,0.0035766441,0.0087553418,0.023149281
e4a,S1,ag_news@s1__imdb@s1,0.011188631,0.0014932487,0.0083325368,0.014012006
e4a,S1,qnli@s1__yelp_polarity@s1,0.010363187,0.0017908569,0.0069509237,0.013953923
e4a,S1,scitail@s1__yelp_polarity@s1,0.011696735,0.0030278772,0.0059489369,0.017594313
e4a,S1,scitail@s1__trec@s1,0.0041878257,0.0037889765,-0.0032380376,0.012042809
e4a,S1,wic@s1__snli@s1,0.062544764,0.012984387,0.038006105,0.086868489
e4a,S1,wic@s1__scitail@s1,0.013106544,0.013945642,-0.01464992,0.040677768
e4a,S1,wic@s1__ag_news@s1,0.026177698,0.011089046,0.0037565023,0.047999351
e4a,S1,scitail@s1__imdb@s1,0.0093299681,0.0027269356,0.004347299,0.015079532
e4a,S1,scitail@s1__ag_news@s1,0.025057672,0.0039271832,0.017450903,0.032622345
e4a,S1,wic@s1__imdb@s1,0.019812322,0.010300806,0.00051797395,0.040881002
e4a,S1,wic@s1__trec@s1,0.018565873,0.011831472,-0.0039939943,0.043252944
e4a,S1,snli@s1__yelp_polarity@s1,0.01612194,0.0016305307,0.01287128,0.019151285
e4a,S1,wic@s1__yelp_polarity@s1,0.0063007985,0.011422905,-0.015759993,0.02889582
e4a,S1,snli@s1__trec@s1,0.015324141,0.0039393879,0.007822351,0.023609141
e4a,S1,snli@s1__scitail@s1,0.037882013,0.0041550346,0.030429176,0.046511706
e4a,S1,snli@s1__ag_news@s1,0.025189727,0.0018571787,0.021667929,0.028884212
e4a,S1,snli@s1__imdb@s1,0.015115953,0.0018587213,0.011586308,0.018830891
e4b,P,ag_news@s0__cola@s1,0.0050564975,0.0049568805,-0.0041968117,0.015019736
e4b,P,ag_news@s0__imdb@s1,0.010501847,0.001786147,0.0068094601,0.013689329
e4b,P,ag_news@s0__mnli@s1,0.17889645,0.0044979528,0.1708669,0.18824154
e4b,P,ag_news@s0__mrpc@s1,0.01301685,0.010282604,-0.0065600512,0.032872413
e4b,P,ag_news@s0__qnli@s1,0.1056483,0.0035888462,0.098838646,0.11269914
e4b,P,ag_news@s0__rte@s1,0.061633092,0.016870858,0.029025179,0.09625341
e4b,P,ag_news@s0__scitail@s1,0.022181689,0.0030047088,0.016185009,0.027849752
e4b,P,ag_news@s0__snli@s1,0.04272471,0.0029044354,0.037205829,0.048485971
e4b,P,ag_news@s0__sst2@s1,0.021804723,0.0036138646,0.01487266,0.028974424
e4b,P,ag_news@s0__stsb@s1,0.18890933,0.0086045409,0.17264484,0.20733042
e4b,P,ag_news@s0__trec@s1,0.0051241998,0.0026808928,0.00027900587,0.010475611
e4b,P,ag_news@s0__wic@s1,0.016943823,0.0088487976,0.00020584646,0.034846868
e4b,P,ag_news@s0__yelp_polarity@s1,0.01595446,0.0017797487,0.012560723,0.019459291
e4b,P,cola@s0__imdb@s1,0.010716853,0.0050096786,0.0013894912,0.020695664
e4b,P,cola@s0__mnli@s1,0.041034718,0.0071463516,0.026039014,0.054723778
e4b,P,cola@s0__mrpc@s1,0.040355472,0.011125739,0.019263252,0.061267949
e4b,P,cola@s0__qnli@s1,0.01724599,0.0060140454,0.0055411026,0.028677854
e4b,P,cola@s0__rte@s1,0.044779166,0.016192406,0.014024082,0.076349263
e4b,P,cola@s0__scitail@s1,0.03790318,0.0063631265,0.024826632,0.049855762
e4b,P,cola@s0__snli@s1,0.05184344,0.0058377161,0.039713057,0.062756128
e4b,P,cola@s0__sst2@s1,0.0031881093,0.0069210492,-0.010798543,0.016878162
e4b,P,cola@s0__stsb@s1,0.020607076,0.0050448423,0.010513698,0.029983399
e4b,P,cola@s0__trec@s1,-0.0021068489,0.0057731076,-0.013559779,0.0086307964
e4b,P,cola@s0__wic@s1,0.025369962,0.012713545,0.00038464947,0.049555208
e4b,P,cola@s0__yelp_polarity@s1,-0.00060459404,0.0056970675,-0.012189924,0.0099611105
e4b,P,imdb@s0__mnli@s1,0.057113263,0.0034372979,0.050228462,0.06365936
e4b,P,imdb@s0__mrpc@s1,0.0054945055,0.0052247173,-0.0048656783,0.015628442
e4b,P,imdb@s0__qnli@s1,0.024157353,0.0025367692,0.01926527,0.029272769
e4b,P,imdb@s0__rte@s1,0.063211386,0.016902178,0.03024085,0.096917084
e4b,P,imdb@s0__scitail@s1,0.02091669,0.0035326469,0.013519653,0.027885498
e4b,P,imdb@s0__snli@s1,0.030405931,0.002858296,0.024669914,0.035720586
e4b,P,imdb@s0__sst2@s1,0.0043821423,0.0032640973,-0.0020081802,0.01094803
e4b,P,imdb@s0__stsb@s1,0.022119808,0.0024678378,0.017440257,0.026899695
e4b,P,imdb@s0__trec@s1,0.0036640841,0.001465492,0.0011356239,0.0067414919
e4b,P,imdb@s0__wic@s1,0.0094786435,0.0085637605,-0.0069100117,0.025952436
e4b,P,imdb@s0__yelp_polarity@s1,0.012185169,0.0019131456,0.0084073083,0.015860173
e4b,P,mnli@s0__mrpc@s1,0.09615242,0.013659194,0.069506126,0.12282784
e4b,P,mnli@s0__qnli@s1,0.064485753,0.0035528567,0.057570671,0.071348143
e4b,P,mnli@s0__rte@s1,0.043548608,0.020819043,-0.00031656165,0.081819978
e4b,P,mnli@s0__scitail@s1,0.027000494,0.0038214341,0.019853044,0.034825205
e4b,P,mnli@s0__snli@s1,0.087330798,0.0040936144,0.079287072,0.095514302
e4b,P,mnli@s0__sst2@s1,0.033783809,0.0048307057,0.024779818,0.043519646
e4b,P,mnli@s0__stsb@s1,0.10127131,0.0042249515,0.093456838,0.10974598
e4b,P,mnli@s0__trec@s1,0.064114502,0.0067892337,0.051347241,0.077319619
e4b,P,mnli@s0__wic@s1,0.032759307,0.010975798,0.011262369,0.05363661
e4b,P,mnli@s0__yelp_polarity@s1,0.055645639,0.0032322701,0.049326038,0.062034302
e4b,P,mrpc@s0__qnli@s1,0.1060698,0.012966867,0.080911997,0.13154843
e4b,P,mrpc@s0__rte@s1,0.0094684385,0.015621308,-0.020933396,0.039724
e4b,P,mrpc@s0__scitail@s1,0.042222222,0.010063867,0.022548539,0.062846921
e4b,P,mrpc@s0__snli@s1,0.057535209,0.010942475,0.035497383,0.079235025
e4b,P,mrpc@s0__sst2@s1,0.026909692,0.0095921867,0.0068676048,0.045898498
e4b,P,mrpc@s0__stsb@s1,0.10943975,0.013043803,0.083829576,0.13506677
e4b,P,mrpc@s0__trec@s1,0.0057142857,0.0073043946,-0.0084763871,0.019607843
e4b,P,mrpc@s0__wic@s1,0.062624434,0.014768945,0.03423709,0.090437654
e4b,P,mrpc@s0__yelp_polarity@s1,0.039406697,0.010585167,0.019435771,0.06053342
e4b,P,qnli@s0__rte@s1,0.028628185,0.013717834,0.0041840154,0.05537307
e4b,P,qnli@s0__scitail@s1,0.044991105,0.0035422262,0.038076603,0.05181446
e4b,P,qnli@s0__snli@s1,0.02096959,0.0027731854,0.015316095,0.026270494
e4b,P,qnli@s0__sst2@s1,0.010356674,0.0035315769,0.0037415353,0.017618343
e4b,P,qnli@s0__stsb@s1,0.046728381,0.003138213,0.040754934,0.053251582
e4b,P,qnli@s0__trec@s1,0.01114219,0.0025430762,0.0063028943,0.016642766
e4b,P,qnli@s0__wic@s1,0.014948375,0.010535565,-0.0056272167,0.034528499
e4b,P,qnli@s0__yelp_polarity@s1,0.016259452,0.0023570534,0.011639853,0.020795554
e4b,P,rte@s0__scitail@s1,0.032338475,0.01702539,-0.0019777867,0.06516317
e4b,P,rte@s0__snli@s1,0.15271922,0.020583207,0.10947776,0.19042272
e4b,P,rte@s0__sst2@s1,0.020695019,0.01460145,-0.0083665404,0.047935052
e4b,P,rte@s0__stsb@s1,0.20280855,0.021429742,0.15772098,0.24234761
e4b,P,rte@s0__trec@s1,0.014084507,0.013339509,-0.012990582,0.039659167
e4b,P,rte@s0__wic@s1,0.057835702,0.018372889,0.021148588,0.093255123
e4b,P,rte@s0__yelp_polarity@s1,0.09515086,0.019182842,0.056110381,0.13119284
e4b,P,scitail@s0__snli@s1,0.057029606,0.0044659533,0.048607925,0.065519017
e4b,P,scitail@s0__sst2@s1,0.019393499,0.0046591343,0.0099071984,0.028769604
e4b,P,scitail@s0__stsb@s1,0.048180151,0.0053318072,0.037602073,0.058331055
e4b,P,scitail@s0__trec@s1,0.0042199369,0.0038402058,-0.0028325082,0.011743613
e4b,P,scitail@s0__wic@s1,0.012646896,0.0091917509,-0.0045779008,0.031379624
e4b,P,scitail@s0__yelp_polarity@s1,0.0074596836,0.0020932535,0.0035562418,0.011414569
e4b,P,snli@s0__sst2@s1,0.018240291,0.0036237275,0.010906893,0.025265112
e4b,P,snli@s0__stsb@s1,0.17594732,0.0041350964,0.16775644,0.18400422
e4b,P,snli@s0__trec@s1,0.0045512554,0.0035190254,-0.0022759475,0.011217407
e4b,P,snli@s0__wic@s1,0.044025634,0.011184893,0.02257861,0.064412941
e4b,P,snli@s0__yelp_polarity@s1,0.017768138,0.0023013453,0.013132158,0.022132749
e4b,P,sst2@s0__stsb@s1,0.017318517,0.0045255805,0.008419756,0.026234757
e4b,P,sst2@s0__trec@s1,0.00060746006,0.0028788428,-0.004725167,0.0063153443
e4b,P,sst2@s0__wic@s1,0.014068614,0.0098260303,-0.0052761133,0.033068828
e4b,P,sst2@s0__yelp_polarity@s1,9.6193594e-06,0.0037065112,-0.006847425,0.0073887824
e4b,P,stsb@s0__trec@s1,0.037974535,0.0061505789,0.026705784,0.050989254
e4b,P,stsb@s0__wic@s1,0.054173184,0.010306246,0.033441413,0.074256896
e4b,P,stsb@s0__yelp_polarity@s1,0.033141169,0.003099598,0.027219416,0.039279578
e4b,P,trec@s0__wic@s1,0.02230454,0.010546362,0.0018693374,0.042939535
e4b,P,trec@s0__yelp_polarity@s1,0.0019551348,0.0016503464,-0.0012793475,0.0054270233
e4b,P,wic@s0__yelp_polarity@s1,0.033212274,0.0099242558,0.013512297,0.051851668
e4b,R0,cola@s0__sst2@s0,0.0062157205,0.0067082735,-0.0067716411,0.019034999
e4b,R0,cola@s0__mrpc@s0,0.011077783,0.010377842,-0.0098046244,0.031936692
e4b,R0,cola@s0__stsb@s0,0.032964717,0.0060725568,0.021453623,0.045044816
e4b,R0,cola@s0__mnli@s0,0.059450651,0.0065035472,0.046919634,0.072059421
e4b,R0,cola@s0__qnli@s0,-0.00034502922,0.0062057187,-0.012828142,0.012097597
e4b,R0,cola@s0__rte@s0,0.094464772,0.019480829,0.05715835,0.13243758
e4b,R0,cola@s0__wic@s0,0.027048168,0.01299371,0.0011410859,0.051435648
e4b,R0,cola@s0__snli@s0,0.046306319,0.0068315503,0.033525182,0.059345299
e4b,R0,cola@s0__scitail@s0,0.019520327,0.0075439072,0.0041303302,0.03388431
e4b,R0,cola@s0__ag_news@s0,0.00012104229,0.0058313611,-0.011708456,0.011146085
e4b,R0,cola@s0__imdb@s0,0.010290228,0.0058931009,-0.0010331475,0.021428517
e4b,R0,cola@s0__trec@s0,0.0029655991,0.0061317153,-0.0095652915,0.014811542
e4b,R0,cola@s0__yelp_polarity@s0,0.0082457822,0.0065957158,-0.0046095794,0.020794316
e4b,R0,sst2@s0__mrpc@s0,0.039404323,0.011260522,0.017171624,0.05980648
e4b,R0,sst2@s0__stsb@s0,0.022196882,0.0041266886,0.014092456,0.03024868
e4b,R0,sst2@s0__mnli@s0,0.035717029,0.0042540909,0.027263867,0.043753324
e4b,R0,sst2@s0__qnli@s0,0.015583814,0.0038416217,0.0085043435,0.023639984
e4b,R0,sst2@s0__rte@s0,0.024591584,0.012765139,0.00080264246,0.049870298
e4b,R0,sst2@s0__wic@s0,-0.0030242504,0.011981406,-0.027226134,0.019799188
e4b,R0,sst2@s0__snli@s0,0.065958674,0.0042620412,0.057450435,0.073923961
e4b,R0,sst2@s0__scitail@s0,0.0047961631,0.0032129842,-0.0017173484,0.011250168
e4b,R0,sst2@s0__ag_news@s0,0.016511524,0.0039600071,0.0093960304,0.024582241
e4b,R0,sst2@s0__imdb@s0,0.0012382003,0.0036899943,-0.0059081088,0.0084112169
e4b,R0,sst2@s0__trec@s0,0.0034833545,0.0040074279,-0.0039717783,0.011809096
e4b,R0,sst2@s0__yelp_polarity@s0,0.00073190291,0.0030495507,-0.0054060829,0.006948691
e4b,R0,mrpc@s0__stsb@s0,0.12274334,0.014078771,0.094851159,0.1499342
e4b,R0,mrpc@s0__mnli@s0,0.17086159,0.012456208,0.14593653,0.19436574
e4b,R0,mrpc@s0__qnli@s0,0.037764651,0.01048823,0.016907674,0.058586045
e4b,R0,mrpc@s0__rte@s0,0.0977666,0.022948465,0.050786784,0.14151671
e4b,R0,mrpc@s0__wic@s0,0.066015727,0.016515853,0.03352724,0.097489014
e4b,R0,mrpc@s0__snli@s0,0.055559353,0.010659929,0.03504882,0.075974998
e4b,R0,mrpc@s0__scitail@s0,0.027815462,0.0096175295,0.0085060125,0.046770357
e4b,R0,mrpc@s0__ag_news@s0,0.062365076,0.012858032,0.036439452,0.086330766
e4b,R0,mrpc@s0__imdb@s0,0.016394759,0.0085025564,0.00077858724,0.033813665
e4b,R0,mrpc@s0__trec@s0,0.018788056,0.0094138148,-0.00017771625,0.037104738
e4b,R0,mrpc@s0__yelp_polarity@s0,0.046152036,0.011896234,0.023264868,0.068904823
e4b,R0,stsb@s0__mnli@s0,0.041525458,0.0036009774,0.034329596,0.048553967
e4b,R0,stsb@s0__qnli@s0,0.04391708,0.0033268877,0.037621899,0.050273872
e4b,R0,stsb@s0__rte@s0,0.057372781,0.019531577,0.017970137,0.096006557
e4b,R0,stsb@s0__wic@s0,0.052721318,0.011008252,0.031710188,0.07447361
e4b,R0,stsb@s0__snli@s0,0.067578087,0.0037980711,0.060446521,0.075393564
e4b,R0,stsb@s0__scitail@s0,0.18432871,0.010735902,0.16431202,0.20539103
e4b,R0,stsb@s0__ag_news@s0,0.12750067,0.0056082633,0.11756326,0.13937737
e4b,R0,stsb@s0__imdb@s0,0.016950784,0.0021042453,0.01258995,0.021028909
e4b,R0,stsb@s0__trec@s0,0.036637329,0.0049296942,0.027478085,0.046504979
e4b,R0,stsb@s0__yelp_polarity@s0,0.035289951,0.0032046728,0.029443124,0.04230215
e4b,R0,mnli@s0__qnli@s0,0.050943229,0.0035812791,0.043845147,0.057828144
e4b,R0,mnli@s0__rte@s0,0.042988784,0.018581326,0.0063417107,0.07663562
e4b,R0,mnli@s0__wic@s0,0.099354144,0.012454593,0.072898083,0.12269937
e4b,R0,mnli@s0__snli@s0,0.039883443,0.0037037099,0.032451508,0.046825411
e4b,R0,mnli@s0__scitail@s0,0.095355156,0.0046883995,0.086097427,0.10453175
e4b,R0,mnli@s0__ag_news@s0,0.051332671,0.0034516866,0.044981929,0.057785628
e4b,R0,mnli@s0__imdb@s0,0.040383729,0.0029818625,0.034632014,0.046000582
e4b,R0,mnli@s0__trec@s0,0.040924203,0.0051607914,0.030386652,0.051245816
e4b,R0,mnli@s0__yelp_polarity@s0,0.066176275,0.0035387712,0.059646222,0.073282828
e4b,R0,qnli@s0__rte@s0,0.034650339,0.015412384,0.0042129142,0.065277612
e4b,R0,qnli@s0__wic@s0,0.015083457,0.013945089,-0.013287768,0.041615763
e4b,R0,qnli@s0__snli@s0,0.046931975,0.0035240238,0.03996937,0.053756087
e4b,R0,qnli@s0__scitail@s0,0.075146412,0.0048736933,0.065533304,0.084827105
e4b,R0,qnli@s0__ag_news@s0,0.072950299,0.0032682767,0.06614088,0.079311813
e4b,R0,qnli@s0__imdb@s0,0.011654243,0.002000079,0.0079043374,0.015800286
e4b,R0,qnli@s0__trec@s0,0.029841997,0.0032642861,0.023782715,0.036566678
e4b,R0,qnli@s0__yelp_polarity@s0,0.025175881,0.0024639728,0.020290804,0.030055108
e4b,R0,rte@s0__wic@s0,0.050227204,0.019047147,0.011728416,0.086223522
e4b,R0,rte@s0__snli@s0,0.024858882,0.014238006,-0.0044455502,0.050789789
e4b,R0,rte@s0__scitail@s0,0.11742156,0.019536319,0.079929931,0.15686439
e4b,R0,rte@s0__ag_news@s0,0.073478814,0.020907033,0.030169656,0.11385461
e4b,R0,rte@s0__imdb@s0,0.030259466,0.015264156,0.00091103444,0.059893529
e4b,R0,rte@s0__trec@s0,0.023175941,0.014559911,-0.0044143095,0.051767192
e4b,R0,rte@s0__yelp_polarity@s0,0.051190725,0.015565942,0.021057034,0.080819942
e4b,R0,wic@s0__snli@s0,0.041239462,0.010842677,0.019131627,0.060517201
e4b,R0,wic@s0__scitail@s0,0.064343021,0.017836008,0.027767643,0.098046244
e4b,R0,wic@s0__ag_news@s0,-0.0021452674,0.011734005,-0.025778576,0.020184171
e4b,R0,wic@s0__imdb@s0,-0.010998705,0.010645044,-0.032050087,0.0099606047
e4b,R0,wic@s0__trec@s0,0.005733945,0.010818532,-0.015866564,0.026613501
e4b,R0,wic@s0__yelp_polarity@s0,0.011027689,0.012925192,-0.016558445,0.03463459
e4b,R0,snli@s0__scitail@s0,0.10071587,0.0042338486,0.092218608,0.10846017
e4b,R0,snli@s0__ag_news@s0,0.13765448,0.0042307561,0.12916027,0.14579958
e4b,R0,snli@s0__imdb@s0,0.048541876,0.0031836835,0.042598644,0.054790437
e4b,R0,snli@s0__trec@s0,0.009340135,0.002886658,0.0037817346,0.01509907
e4b,R0,snli@s0__yelp_polarity@s0,0.07178556,0.003523731,0.064821825,0.078407953
e4b,R0,scitail@s0__ag_news@s0,0.045590455,0.0043201548,0.037227426,0.054214984
e4b,R0,scitail@s0__imdb@s0,0.02161956,0.0032451647,0.015320286,0.027953619
e4b,R0,scitail@s0__trec@s0,0.012840547,0.0028337383,0.007611875,0.018591089
e4b,R0,scitail@s0__yelp_polarity@s0,0.01096742,0.0026491991,0.0063133274,0.016138275
e4b,R0,ag_news@s0__imdb@s0,0.014089897,0.0018165026,0.010697801,0.017726817
e4b,R0,ag_news@s0__trec@s0,0.0091949841,0.0023347753,0.0052629669,0.014222365
e4b,R0,ag_news@s0__yelp_polarity@s0,0.019357059,0.0019352119,0.015571804,0.023064297
e4b,R0,imdb@s0__trec@s0,0.0033812342,0.0017312354,6.2762061e-05,0.0067245396
e4b,R0,imdb@s0__yelp_polarity@s0,0.0039828376,0.0014993699,0.00095081981,0.0069029482
e4b,R0,trec@s0__yelp_polarity@s0,0.0035885975,0.001952805,0.00051173367,0.0079809058
e4b,S1,cola@s1__sst2@s1,0.02275444,0.0075683256,0.0082381262,0.03726062
e4b,S1,cola@s1__mrpc@s1,0.039325843,0.012465406,0.015017405,0.064654247
e4b,S1,cola@s1__stsb@s1,0.026864517,0.0056487558,0.016250469,0.038070966
e4b,S1,cola@s1__mnli@s1,0.0313959,0.0056910439,0.020274799,0.042433584
e4b,S1,cola@s1__qnli@s1,0.019076523,0.0053226687,0.0089504028,0.029128737
e4b,S1,cola@s1__rte@s1,0.13139535,0.020688256,0.088871937,0.17072594
e4b,S1,cola@s1__wic@s1,0.043978217,0.012871051,0.020145027,0.068059296
e4b,S1,cola@s1__snli@s1,0.030993085,0.005613593,0.020340082,0.041674302
e4b,S1,cola@s1__scitail@s1,0.0063215209,0.0054175616,-0.0039513047,0.017296922
e4b,S1,cola@s1__ag_news@s1,0.010197655,0.004952461,0.00044186245,0.019878865
e4b,S1,cola@s1__imdb@s1,0.0043433508,0.0046134024,-0.0040522408,0.013383269
e4b,S1,cola@s1__trec@s1,0.0096031293,0.0061425503,-0.0027721941,0.02162177
e4b,S1,cola@s1__yelp_polarity@s1,0.012888454,0.0055053226,0.002570365,0.022603211
e4b,S1,sst2@s1__mrpc@s1,0.06306539,0.011493838,0.040930189,0.084698187
e4b,S1,sst2@s1__stsb@s1,0.023682232,0.0037698509,0.016493794,0.031269746
e4b,S1,sst2@s1__mnli@s1,0.034739187,0.0050720031,0.025034897,0.044848997
e4b,S1,sst2@s1__qnli@s1,0.017945894,0.003576236,0.011058774,0.024938184
e4b,S1,sst2@s1__rte@s1,0.03438518,0.013800319,0.005939626,0.061488609
e4b,S1,sst2@s1__wic@s1,0.029844412,0.011312252,0.0063675005,0.050699205
e4b,S1,sst2@s1__snli@s1,0.035851373,0.0048237913,0.026089062,0.044984222
e4b,S1,sst2@s1__scitail@s1,0.03136564,0.0059162739,0.019549658,0.042276101
e4b,S1,sst2@s1__ag_news@s1,0.016593026,0.003055686,0.010673621,0.022555904
e4b,S1,sst2@s1__imdb@s1,0.007175318,0.0031442185,0.0010834895,0.013469854
e4b,S1,sst2@s1__trec@s1,0.010789127,0.0045746595,0.0020322192,0.019701436
e4b,S1,sst2@s1__yelp_polarity@s1,0.0076504566,0.0032560435,0.0014457225,0.014086335
e4b,S1,mrpc@s1__stsb@s1,0.27886241,0.016454043,0.24597543,0.30940541
e4b,S1,mrpc@s1__mnli@s1,0.14147816,0.01402481,0.11463346,0.16984419
e4b,S1,mrpc@s1__qnli@s1,0.094418376,0.012535464,0.069352094,0.1187232
e4b,S1,mrpc@s1__rte@s1,0.071792527,0.019606848,0.034515394,0.11059254
e4b,S1,mrpc@s1__wic@s1,0.085674157,0.016190428,0.053617049,0.11660092
e4b,S1,mrpc@s1__snli@s1,0.038812049,0.0085496485,0.021672753,0.05551447
e4b,S1,mrpc@s1__scitail@s1,0.032392545,0.010061935,0.011894252,0.051508803
e4b,S1,mrpc@s1__ag_news@s1,0.084604066,0.012466098,0.061562284,0.10913833
e4b,S1,mrpc@s1__imdb@s1,0.0065150455,0.0063670478,-0.0061140154,0.019135093
e4b,S1,mrpc@s1__trec@s1,0.0058764734,0.0074842426,-0.0085237566,0.020181049
e4b,S1,mrpc@s1__yelp_polarity@s1,0.042346127,0.0098763264,0.02242285,0.062280769
e4b,S1,stsb@s1__mnli@s1,0.034857731,0.003787844,0.027412183,0.041931477
e4b,S1,stsb@s1__qnli@s1,0.025339108,0.0025953699,0.020614873,0.030587786
e4b,S1,stsb@s1__rte@s1,0.059940867,0.017458646,0.024001708,0.09620944
e4b,S1,stsb@s1__wic@s1,0.10594214,0.011804196,0.085167809,0.13025195
e4b,S1,stsb@s1__snli@s1,0.057140944,0.0037445123,0.04988829,0.064734168
e4b,S1,stsb@s1__scitail@s1,0.17554711,0.010330041,0.15522299,0.1954416
e4b,S1,stsb@s1__ag_news@s1,0.13003579,0.0044881639,0.12169027,0.13898447
e4b,S1,stsb@s1__imdb@s1,0.012352644,0.0018388761,0.0085327529,0.016000997
e4b,S1,stsb@s1__trec@s1,0.052626851,0.0063468305,0.04053519,0.065238231
e4b,S1,stsb@s1__yelp_polarity@s1,0.027417569,0.0027165986,0.022146806,0.032964128
e4b,S1,mnli@s1__qnli@s1,0.048759107,0.0036588672,0.041120231,0.055446808
e4b,S1,mnli@s1__rte@s1,0.044799435,0.016197119,0.01268927,0.077378194
e4b,S1,mnli@s1__wic@s1,0.063612976,0.013060906,0.038978806,0.089230849
e4b,S1,mnli@s1__snli@s1,0.012167191,0.0028759603,0.0067266001,0.017993753
e4b,S1,mnli@s1__scitail@s1,0.11832136,0.0051485033,0.10767298,0.12851398
e4b,S1,mnli@s1__ag_news@s1,0.096323005,0.0041413467,0.088249571,0.10433472
e4b,S1,mnli@s1__imdb@s1,0.04357505,0.0029827291,0.037695095,0.049413069
e4b,S1,mnli@s1__trec@s1,0.096364322,0.0087041324,0.078650367,0.11380737
e4b,S1,mnli@s1__yelp_polarity@s1,0.035728902,0.0028989591,0.030006417,0.041541691
e4b,S1,qnli@s1__rte@s1,0.024959795,0.016832065,-0.0081286584,0.05741167
e4b,S1,qnli@s1__wic@s1,0.020552776,0.011138516,-0.0023791586,0.042089608
e4b,S1,qnli@s1__snli@s1,0.02026754,0.0026074422,0.015290587,0.025370279
e4b,S1,qnli@s1__scitail@s1,0.033038876,0.0034831321,0.02594543,0.039584678
e4b,S1,qnli@s1__ag_news@s1,0.088599249,0.0035487743,0.081743172,0.095589198
e4b,S1,qnli@s1__imdb@s1,0.015039399,0.0022414579,0.010308958,0.019438206
e4b,S1,qnli@s1__trec@s1,0.023694042,0.0035112254,0.016715858,0.030841433
e4b,S1,qnli@s1__yelp_polarity@s1,0.014408933,0.0019634794,0.010661367,0.018081323
e4b,S1,rte@s1__wic@s1,0.16938861,0.022764235,0.12334762,0.21320234
e4b,S1,rte@s1__snli@s1,0.0094318437,0.01579836,-0.021946211,0.041048117
e4b,S1,rte@s1__scitail@s1,0.12858066,0.020046488,0.089459904,0.16454896
e4b,S1,rte@s1__ag_news@s1,0.058989875,0.017908649,0.02224744,0.094273694
e4b,S1,rte@s1__imdb@s1,0.044189987,0.016861114,0.0091835921,0.075776463
e4b,S1,rte@s1__trec@s1,0.058139535,0.013919191,0.030090278,0.085654522
e4b,S1,rte@s1__yelp_polarity@s1,0.053735336,0.016948716,0.018849737,0.085418107
e4b,S1,wic@s1__snli@s1,0.087864656,0.010387444,0.067880413,0.10812326
e4b,S1,wic@s1__scitail@s1,0.086098542,0.015587517,0.054945654,0.11704812
e4b,S1,wic@s1__ag_news@s1,0.0129143,0.0093256788,-0.0047453377,0.031438603
e4b,S1,wic@s1__imdb@s1,0.012822908,0.0086854482,-0.0045193164,0.029473211
e4b,S1,wic@s1__trec@s1,0.02649696,0.010531792,0.0064416841,0.046829659
e4b,S1,wic@s1__yelp_polarity@s1,0.012239731,0.010964704,-0.0088816269,0.033792972
e4b,S1,snli@s1__scitail@s1,0.066491379,0.0043886812,0.058704596,0.075203354
e4b,S1,snli@s1__ag_news@s1,0.019170367,0.0023830612,0.014660798,0.02399365
e4b,S1,snli@s1__imdb@s1,0.021111433,0.0025698078,0.016046302,0.025987659
e4b,S1,snli@s1__trec@s1,0.013184972,0.0031957651,0.007512302,0.019724364
e4b,S1,snli@s1__yelp_polarity@s1,0.015522717,0.0021063986,0.011564806,0.019698127
e4b,S1,scitail@s1__ag_news@s1,0.046669501,0.0045461858,0.037591331,0.055296953
e4b,S1,scitail@s1__imdb@s1,0.017884875,0.0035432063,0.011097542,0.024906365
e4b,S1,scitail@s1__trec@s1,0.016574155,0.0039008508,0.0093033367,0.0244507
e4b,S1,scitail@s1__yelp_polarity@s1,0.031556153,0.0041635204,0.023175738,0.039094518
e4b,S1,ag_news@s1__imdb@s1,0.0074303467,0.0014585993,0.0047455909,0.0103672
e4b,S1,ag_news@s1__trec@s1,0.0090602959,0.002829376,0.0036780849,0.01453593
e4b,S1,ag_news@s1__yelp_polarity@s1,0.018064128,0.0019951053,0.014230526,0.022142075
e4b,S1,imdb@s1__trec@s1,0.0016941974,0.0017695796,-0.0017480152,0.0051218531
e4b,S1,imdb@s1__yelp_polarity@s1,0.0027172447,0.0014684665,-0.0002235259,0.0054073965
e4b,S1,trec@s1__yelp_polarity@s1,0.0049197176,0.0020186904,0.0014432915,0.0092188369
