pair,t1,t2,t1_task,t2_task,t1_seed,t2_seed,O_A,tv_cosine,mean_theta_min_A_deg,min_theta_min_A_deg,n_layers_theta_min_lt30_A,null_z_O_A,sign_conflict_top20,sign_conflict_all,norm_ratio,tvnorm_t1,tvnorm_t2,same_type,n_layers,D,lam_selected,D_ext,lam_selected_ext,TA_eval_D_lam1.3,TA_eval_D_lam1.5,TA_eval_D_lam2.0,sanity
ag_news@s0__cola@s1,ag_news@s0,cola@s1,ag_news,cola,0,1,0.047655068,0.0010193916,69.979171,24.637073,1,58.663745,0.49915425,0.49964384,1.3447298,14.88609,20.017768,False,168,0.0050564975,0.7,0.0050564975,0.7,0.054163107,0.10068646,0.24467213,0
ag_news@s0__imdb@s1,ag_news@s0,imdb@s1,ag_news,imdb,0,1,0.044695617,0.0002868552,70.134227,22.638156,1,51.858565,0.49969404,0.49988637,1.1048903,14.88609,13.472911,False,168,0.010501847,0.7,0.010501847,0.7,0.039422829,0.076185904,0.21931921,0
ag_news@s0__mnli@s1,ag_news@s0,mnli@s1,ag_news,mnli,0,1,0.048791306,0.0009602423,69.179149,27.422732,1,61.276494,0.49907596,0.49970197,1.0072221,14.88609,14.779352,False,168,0.17889645,0.7,0.17889645,0.7,0.32244878,0.33371666,0.33598925,
ag_news@s0__mrpc@s1,ag_news@s0,mrpc@s1,ag_news,mrpc,0,1,0.04591892,0.00024356243,70.775581,22.977325,1,54.671519,0.49982389,0.49996266,1.4873242,14.88609,10.008638,False,168,0.01301685,0.7,0.01301685,0.7,0.026458419,0.04970729,0.13420333,
ag_news@s0__qnli@s1,ag_news@s0,qnli@s1,ag_news,qnli,0,1,0.048292422,0.0016242205,69.248358,24.815041,1,60.129324,0.49847137,0.49958157,1.0697532,14.88609,13.915443,False,168,0.1056483,0.5,0.1056483,0.5,0.41283198,0.44400624,0.50910625,
ag_news@s0__rte@s1,ag_news@s0,rte@s1,ag_news,rte,0,1,0.047202843,9.835604e-06,70.687836,26.501664,1,57.623865,0.49989641,0.49998561,1.8481576,14.88609,8.0545564,False,168,0.061633092,1,0.061633092,1,0.077179276,0.091143135,0.14531007,
ag_news@s0__scitail@s1,ag_news@s0,scitail@s1,ag_news,scitail,0,1,0.05119024,0.00042384102,68.983152,24.342221,1,66.792781,0.49964283,0.49990518,1.1965967,14.88609,12.440357,False,168,0.022181689,0.7,0.022181689,0.7,0.042435037,0.060302039,0.13275541,
ag_news@s0__snli@s1,ag_news@s0,snli@s1,ag_news,snli,0,1,0.048721125,0.00060831526,69.286864,34.494579,0,61.115115,0.4992764,0.4998488,1.1517966,14.88609,12.924235,False,168,0.04272471,1,0.04272471,1,0.063250313,0.086098539,0.15161172,
ag_news@s0__sst2@s1,ag_news@s0,sst2@s1,ag_news,sst2,0,1,0.048599738,0.0014473746,69.242733,26.674428,1,60.835988,0.49867505,0.49965148,1.1820087,14.88609,12.593892,False,168,0.021804723,1,0.021804723,1,0.034421867,0.056002073,0.15642889,
ag_news@s0__stsb@s1,ag_news@s0,stsb@s1,ag_news,stsb,0,1,0.049474537,0.0015202532,68.860255,23.036363,1,62.847566,0.49859155,0.4994706,1.3214984,14.88609,11.264554,False,168,0.18890933,0.3,0.18890933,0.3,0.37199711,0.37818439,0.40730216,
ag_news@s0__trec@s1,ag_news@s0,trec@s1,ag_news,trec,0,1,0.0450219,0.00026434119,71.182436,25.350102,1,52.608844,0.49978255,0.49988483,1.0604451,14.88609,14.037586,False,168,0.0051241998,1,0.0051241998,1,0.0075663319,0.013713027,0.032790189,
ag_news@s0__wic@s1,ag_news@s0,wic@s1,ag_news,wic,0,1,0.048241757,4.8744738e-05,69.79056,27.417171,1,60.012821,0.49992697,0.49986903,1.0645676,14.88609,15.847249,False,168,0.016943823,1,0.016943823,1,0.043080353,0.064161099,0.11704674,
ag_news@s0__yelp_polarity@s1,ag_news@s0,yelp_polarity@s1,ag_news,yelp_polarity,0,1,0.047270413,0.00053088364,69.79238,26.903613,1,57.779242,0.49959938,0.49987237,1.1933104,14.88609,12.474616,False,168,0.01595446,0.7,0.01595446,0.7,0.033882433,0.047236136,0.10269002,
cola@s0__imdb@s1,cola@s0,imdb@s1,cola,imdb,0,1,0.040852868,-1.5512479e-05,71.7193,31.819163,0,43.022266,0.49986106,0.49997905,1.4559704,19.61616,13.472911,False,168,0.010716853,0.7,0.010716853,0.7,0.099335887,0.15953039,0.28689024,
cola@s0__mnli@s1,cola@s0,mnli@s1,cola,mnli,0,1,0.050979817,0.00029006386,69.593047,28.047365,1,66.308919,0.49970771,0.49976067,1.327268,19.61616,14.779352,False,168,0.041034718,1,0.041034718,1,0.061909272,0.084683187,0.1707929,
cola@s0__mrpc@s1,cola@s0,mrpc@s1,cola,mrpc,0,1,0.045115732,0.00020133414,70.802563,27.409427,1,52.82461,0.49961847,0.49995987,1.9599231,19.61616,10.008638,False,168,0.040355472,0.7,0.040355472,0.7,0.13309042,0.1897117,0.31912511,
cola@s0__qnli@s1,cola@s0,qnli@s1,cola,qnli,0,1,0.046839849,0.00021303754,70.304433,30.234031,0,56.789171,0.49968751,0.49989612,1.4096684,19.61616,13.915443,False,168,0.01724599,0.7,0.01724599,0.7,0.045890604,0.075625154,0.22175339,
cola@s0__rte@s1,cola@s0,rte@s1,cola,rte,0,1,0.045031957,7.4623126e-05,71.36496,27.771903,1,52.631971,0.50004512,0.49994353,2.4354116,19.61616,8.0545564,False,168,0.044779166,0.7,0.044779166,0.7,0.11515628,0.14858893,0.23927281,
cola@s0__scitail@s1,cola@s0,scitail@s1,cola,scitail,0,1,0.048822343,0.00023594744,69.653181,23.764563,1,61.347865,0.49987689,0.49992943,1.5768165,19.61616,12.440357,False,168,0.03790318,1,0.03790318,1,0.053738067,0.073545444,0.18170508,
cola@s0__snli@s1,cola@s0,snli@s1,cola,snli,0,1,0.049749747,0.00029051109,69.572775,28.495878,1,63.480405,0.49974465,0.49978649,1.5177811,19.61616,12.924235,False,168,0.05184344,1,0.05184344,1,0.061960841,0.077352919,0.15322217,
cola@s0__sst2@s1,cola@s0,sst2@s1,cola,sst2,0,1,0.050301298,2.8160825e-05,69.726787,28.942013,1,64.748683,0.50017108,0.49996081,1.5575932,19.61616,12.593892,False,168,0.0031881093,0.7,0.0031881093,0.7,0.04795818,0.073573587,0.16939458,
cola@s0__stsb@s1,cola@s0,stsb@s1,cola,stsb,0,1,0.050486939,0.0005777444,69.325903,21.948499,2,65.175558,0.49948025,0.49970695,1.7414059,19.61616,11.264554,False,168,0.020607076,1,0.020607076,1,0.044108981,0.072949132,0.18892654,
cola@s0__trec@s1,cola@s0,trec@s1,cola,trec,0,1,0.047941867,8.3284877e-05,70.958322,25.504464,1,59.323233,0.50006152,0.49995562,1.3974027,19.61616,14.037586,False,168,-0.0021068489,0.7,-0.0021068489,0.7,0.041514748,0.077815136,0.23995153,
cola@s0__wic@s1,cola@s0,wic@s1,cola,wic,0,1,0.050234265,0.00054464776,69.624959,28.492493,1,64.594541,0.49950858,0.49969794,1.2378275,19.61616,15.847249,False,168,0.025369962,0.7,0.025369962,0.7,0.099497861,0.14903276,0.28691835,
cola@s0__yelp_polarity@s1,cola@s0,yelp_polarity@s1,cola,yelp_polarity,0,1,0.044463033,0.00019580505,71.20716,33.578275,0,51.323744,0.4997451,0.4999722,1.572486,19.61616,12.474616,False,168,-0.00060459404,0.7,-0.00060459404,0.7,0.034602358,0.06700667,0.16537582,
imdb@s0__mnli@s1,imdb@s0,mnli@s1,imdb,mnli,0,1,0.050177445,0.00090954,67.777306,28.079017,1,64.463884,0.49915577,0.49957151,1.09735,13.468221,14.779352,False,168,0.057113263,1,0.057113263,1,0.067102781,0.086367034,0.17624432,
imdb@s0__mrpc@s1,imdb@s0,mrpc@s1,imdb,mrpc,0,1,0.042767378,-8.1329036e-05,71.210141,24.888267,1,47.424631,0.50003722,0.50004557,1.3456597,13.468221,10.008638,False,168,0.0054945055,0.7,0.0054945055,0.7,0.043715036,0.092761927,0.23638483,
imdb@s0__qnli@s1,imdb@s0,qnli@s1,imdb,qnli,0,1,0.052385774,0.0014238695,67.997379,29.413424,1,69.54188,0.49892857,0.49949292,1.0332057,13.468221,13.915443,False,168,0.024157353,1,0.024157353,1,0.030184185,0.041038832,0.10692351,
imdb@s0__rte@s1,imdb@s0,rte@s1,imdb,rte,0,1,0.044791933,5.8679074e-05,70.641384,28.121795,1,52.080042,0.49997239,0.50001057,1.6721245,13.468221,8.0545564,False,168,0.063211386,0.7,0.063211386,0.7,0.13360986,0.15939669,0.28590251,
imdb@s0__scitail@s1,imdb@s0,scitail@s1,imdb,scitail,0,1,0.050385143,-8.1361855e-05,68.453634,21.479395,1,64.941481,0.50021008,0.50001943,1.0826234,13.468221,12.440357,False,168,0.02091669,1,0.02091669,1,0.03062365,0.043951348,0.12546962,
imdb@s0__snli@s1,imdb@s0,snli@s1,imdb,snli,0,1,0.050110306,0.00076369816,67.996723,27.719141,1,64.309502,0.49944438,0.49958395,1.0420904,13.468221,12.924235,False,168,0.030405931,1,0.030405931,1,0.033616604,0.043867014,0.094153808,
imdb@s0__sst2@s1,imdb@s0,sst2@s1,imdb,sst2,0,1,0.054679858,0.0018022212,66.786756,32.311058,0,74.817066,0.49823609,0.49961844,1.0694248,13.468221,12.593892,True,168,0.0043821423,0.7,0.0043821423,0.7,0.018489322,0.039439666,0.10968136,
imdb@s0__stsb@s1,imdb@s0,stsb@s1,imdb,stsb,0,1,0.051595548,0.0010282678,67.474905,31.082777,0,67.724777,0.49931242,0.49958205,1.1956284,13.468221,11.264554,False,168,0.022119808,1,0.022119808,1,0.023352124,0.0344281,0.097703069,
imdb@s0__trec@s1,imdb@s0,trec@s1,imdb,trec,0,1,0.041797328,0.00011335506,71.903302,24.02191,1,45.194027,0.49979261,0.49993265,1.0422747,13.468221,14.037586,False,168,0.0036640841,1,0.0036640841,1,0.0089505036,0.019874474,0.087708756,
imdb@s0__wic@s1,imdb@s0,wic@s1,imdb,wic,0,1,0.047160537,0.00024367764,69.414151,31.443861,0,57.526585,0.49976869,0.49992078,1.1766401,13.468221,15.847249,False,168,0.0094786435,0.7,0.0094786435,0.7,0.049220576,0.086314703,0.20864204,
imdb@s0__yelp_polarity@s1,imdb@s0,yelp_polarity@s1,imdb,yelp_polarity,0,1,0.064465048,0.0071905148,63.534704,23.79255,1,97.317853,0.49344528,0.49862436,1.0796501,13.468221,12.474616,True,168,0.012185169,0.7,0.012185169,0.7,0.030114943,0.046959029,0.11608879,
mnli@s0__mrpc@s1,mnli@s0,mrpc@s1,mnli,mrpc,0,1,0.051196506,0.0012021118,69.355494,30.384794,0,66.807189,0.49874376,0.49969912,1.558843,15.601895,10.008638,False,168,0.09615242,0.7,0.09615242,0.7,0.13905885,0.1489767,0.17107059,
mnli@s0__qnli@s1,mnli@s0,qnli@s1,mnli,qnli,0,1,0.053593378,0.0020968572,67.620643,33.149739,0,72.318733,0.4976227,0.49931964,1.1211928,15.601895,13.915443,True,168,0.064485753,1,0.064485753,1,0.071624965,0.083171558,0.13877319,
mnli@s0__rte@s1,mnli@s0,rte@s1,mnli,rte,0,1,0.053077727,0.0014003771,69.156476,26.713711,1,71.133007,0.49855763,0.49989189,1.9370272,15.601895,8.0545564,True,168,0.043548608,1,0.043548608,1,0.057485105,0.077895741,0.1237217,
mnli@s0__scitail@s1,mnli@s0,scitail@s1,mnli,scitail,0,1,0.058618376,0.0030276792,66.313674,28.75819,2,83.873583,0.49688112,0.49933414,1.2541357,15.601895,12.440357,True,168,0.027000494,0.7,0.027000494,0.7,0.063243662,0.084414573,0.12747766,
mnli@s0__snli@s1,mnli@s0,snli@s1,mnli,snli,0,1,0.059016567,0.0060971407,65.671407,28.270308,2,84.789215,0.49424914,0.49904642,1.2071813,15.601895,12.924235,True,168,0.087330798,1,0.087330798,1,0.10321712,0.12054647,0.18636537,
mnli@s0__sst2@s1,mnli@s0,sst2@s1,mnli,sst2,0,1,0.053639515,0.0014218575,67.972241,30.794621,0,72.424824,0.49863697,0.49963379,1.2388462,15.601895,12.593892,False,168,0.033783809,1,0.033783809,1,0.049380466,0.070593882,0.1247266,
mnli@s0__stsb@s1,mnli@s0,stsb@s1,mnli,stsb,0,1,0.057407553,0.0031733411,66.559677,31.810532,0,81.08933,0.49670543,0.49896434,1.3850433,15.601895,11.264554,False,168,0.10127131,1,0.10127131,1,0.10404172,0.11696598,0.16944594,
mnli@s0__trec@s1,mnli@s0,trec@s1,mnli,trec,0,1,0.043800531,0.00019307576,71.451198,27.470168,1,49.800339,0.49975813,0.49992632,1.1114372,15.601895,14.037586,False,168,0.064114502,0.7,0.064114502,0.7,0.1160369,0.13985889,0.22473512,
mnli@s0__wic@s1,mnli@s0,wic@s1,mnli,wic,0,1,0.054839331,0.0012829932,67.524228,31.819702,0,75.18377,0.49884533,0.49952611,1.0157259,15.601895,15.847249,False,168,0.032759307,0.7,0.032759307,0.7,0.098962038,0.12875185,0.19943175,
mnli@s0__yelp_polarity@s1,mnli@s0,yelp_polarity@s1,mnli,yelp_polarity,0,1,0.049408367,0.00080260621,69.072291,22.538314,1,62.695409,0.49912649,0.49980591,1.2506913,15.601895,12.474616,False,168,0.055645639,1,0.055645639,1,0.066181545,0.083110751,0.12970091,
mrpc@s0__qnli@s1,mrpc@s0,qnli@s1,mrpc,qnli,0,1,0.049208248,0.00045399867,69.40048,33.145263,0,62.235241,0.49964395,0.49992181,1.3289975,10.470632,13.915443,False,168,0.1060698,0.7,0.1060698,0.7,0.11300672,0.12113592,0.16039237,
mrpc@s0__rte@s1,mrpc@s0,rte@s1,mrpc,rte,0,1,0.048468199,0.00047655489,70.350426,30.018754,0,60.533519,0.49949688,0.49990746,1.2999638,10.470632,8.0545564,False,168,0.0094684385,0.7,0.0094684385,0.7,0.055614618,0.088139535,0.16106312,
mrpc@s0__scitail@s1,mrpc@s0,scitail@s1,mrpc,scitail,0,1,0.048846486,0.00057306629,70.021258,27.036664,1,61.403381,0.49933508,0.49989606,1.188119,10.470632,12.440357,False,168,0.042222222,1,0.042222222,1,0.054206349,0.069206349,0.084285714,
mrpc@s0__snli@s1,mrpc@s0,snli@s1,mrpc,snli,0,1,0.047366273,0.00028008994,69.816727,28.936375,1,57.999669,0.49970869,0.49989749,1.2343319,10.470632,12.924235,False,168,0.057535209,1,0.057535209,1,0.054128838,0.061957589,0.10435212,
mrpc@s0__sst2@s1,mrpc@s0,sst2@s1,mrpc,sst2,0,1,0.044700128,0.00010726135,70.945955,30.846879,0,51.868938,0.49989639,0.50002742,1.2027824,10.470632,12.593892,False,168,0.026909692,1,0.026909692,1,0.040353228,0.052390813,0.092067165,
mrpc@s0__stsb@s1,mrpc@s0,stsb@s1,mrpc,stsb,0,1,0.049378921,0.0014107712,69.236647,28.226937,1,62.6277,0.49837021,0.49962534,1.0758237,10.470632,11.264554,False,168,0.10943975,0.7,0.10943975,0.7,0.11531653,0.1206931,0.13996573,
mrpc@s0__trec@s1,mrpc@s0,trec@s1,mrpc,trec,0,1,0.041899638,0.00021608481,72.043397,24.303559,1,45.429286,0.49972855,0.49996566,1.3406627,10.470632,14.037586,False,168,0.0057142857,1,0.0057142857,1,0.011232837,0.016134969,0.074735612,
mrpc@s0__wic@s1,mrpc@s0,wic@s1,mrpc,wic,0,1,0.04741613,0.00039805197,69.943855,30.168693,0,58.114314,0.49963778,0.49999813,1.5134951,10.470632,15.847249,False,168,0.062624434,0.7,0.062624434,0.7,0.074111183,0.089172592,0.11697479,
mrpc@s0__yelp_polarity@s1,mrpc@s0,yelp_polarity@s1,mrpc,yelp_polarity,0,1,0.043340982,-0.00023402591,71.192127,21.116318,1,48.743618,0.50037819,0.50004145,1.191391,10.470632,12.474616,False,168,0.039406697,0.7,0.039406697,0.7,0.039739511,0.048129245,0.076978802,
qnli@s0__rte@s1,qnli@s0,rte@s1,qnli,rte,0,1,0.051167361,6.9822049e-05,69.157812,25.650722,1,66.740171,0.49985269,0.50016813,1.8462002,14.870324,8.0545564,True,168,0.028628185,1,0.028628185,1,0.036394463,0.044011438,0.12299011,
qnli@s0__scitail@s1,qnli@s0,scitail@s1,qnli,scitail,0,1,0.058030694,0.0017182205,65.947731,30.057597,0,82.522226,0.49840869,0.49959711,1.1953294,14.870324,12.440357,True,168,0.044991105,1,0.044991105,1,0.044939721,0.054054182,0.09152374,
qnli@s0__snli@s1,qnli@s0,snli@s1,qnli,snli,0,1,0.054872437,0.0015848016,66.721985,28.574436,1,75.259895,0.49854927,0.4995092,1.1505767,14.870324,12.924235,True,168,0.02096959,1,0.02096959,1,0.02789996,0.041467979,0.093532548,
qnli@s0__sst2@s1,qnli@s0,sst2@s1,qnli,sst2,0,1,0.050220149,0.0013630207,68.305475,29.727419,1,64.562082,0.49886452,0.49960327,1.1807568,14.870324,12.593892,False,168,0.010356674,1,0.010356674,1,0.021278491,0.039292564,0.10784746,
qnli@s0__stsb@s1,qnli@s0,stsb@s1,qnli,stsb,0,1,0.057936281,0.0033410303,65.97715,24.708421,1,82.305125,0.49723689,0.4985497,1.3200988,14.870324,11.264554,False,168,0.046728381,1,0.046728381,1,0.045798173,0.053485908,0.094567931,
qnli@s0__trec@s1,qnli@s0,trec@s1,qnli,trec,0,1,0.045933152,0.00025015866,70.838277,24.58476,1,54.704245,0.49962204,0.49988299,1.059322,14.870324,14.037586,False,168,0.01114219,1,0.01114219,1,0.023502028,0.031597429,0.069569929,
qnli@s0__wic@s1,qnli@s0,wic@s1,qnli,wic,0,1,0.052999333,0.00073612758,67.718025,31.756871,0,70.952743,0.49936847,0.49949735,1.0656963,14.870324,15.847249,False,168,0.014948375,0.7,0.014948375,0.7,0.04345984,0.069049331,0.1538496,
qnli@s0__yelp_polarity@s1,qnli@s0,yelp_polarity@s1,qnli,yelp_polarity,0,1,0.049627469,0.0011051814,68.648332,27.218628,1,63.199229,0.49916504,0.49979723,1.1920466,14.870324,12.474616,False,168,0.016259452,1,0.016259452,1,0.016899392,0.025065229,0.05776293,
rte@s0__scitail@s1,rte@s0,scitail@s1,rte,scitail,0,1,0.055472078,0.0019773656,67.596763,27.314202,2,76.638755,0.49803841,0.49949083,1.5725344,7.9110233,12.440357,True,168,0.032338475,1,0.032338475,1,0.066163649,0.080812654,0.12221104,
rte@s0__snli@s1,rte@s0,snli@s1,rte,snli,0,1,0.052804038,0.00099322099,68.02532,23.17862,1,70.503667,0.49902747,0.49989536,1.6336995,7.9110233,12.924235,True,168,0.15271922,1,0.15271922,1,0.16018267,0.18505697,0.24187945,
rte@s0__sst2@s1,rte@s0,sst2@s1,rte,sst2,0,1,0.047942853,0.00025584702,70.235798,34.932011,0,59.3255,0.49977611,0.49991935,1.5919422,7.9110233,12.593892,False,168,0.020695019,1,0.020695019,1,0.047823277,0.074431159,0.17652239,
rte@s0__stsb@s1,rte@s0,stsb@s1,rte,stsb,0,1,0.054268457,0.00071125983,67.595512,27.073337,2,73.871059,0.4991888,0.4997761,1.423906,7.9110233,11.264554,False,168,0.20280855,0.7,0.20280855,0.7,0.21477105,0.22330143,0.25059082,
rte@s0__trec@s1,rte@s0,trec@s1,rte,trec,0,1,0.044708664,-3.9592935e-05,71.406189,27.725043,1,51.888568,0.49998011,0.49999291,1.7744336,7.9110233,14.037586,False,168,0.014084507,1,0.014084507,1,0.01745442,0.05808059,0.1314986,
rte@s0__wic@s1,rte@s0,wic@s1,rte,wic,0,1,0.051060251,0.00061993894,69.316446,30.352801,0,66.493873,0.49934834,0.49982659,2.0031857,7.9110233,15.847249,False,168,0.057835702,0.7,0.057835702,0.7,0.11479511,0.16411743,0.2175982,
rte@s0__yelp_polarity@s1,rte@s0,yelp_polarity@s1,rte,yelp_polarity,0,1,0.046663177,0.00015591802,70.313953,21.55494,1,56.382918,0.49993574,0.50000968,1.5768651,7.9110233,12.474616,False,168,0.09515086,1,0.09515086,1,0.12998917,0.14736653,0.19072637,
scitail@s0__snli@s1,scitail@s0,snli@s1,scitail,snli,0,1,0.056066888,0.0011739025,66.727508,30.143562,0,78.006506,0.49867083,0.49957899,1.0783159,13.936408,12.924235,True,168,0.057029606,1,0.061645361,1.3,0.061645361,0.07503667,0.11748957,
scitail@s0__sst2@s1,scitail@s0,sst2@s1,scitail,sst2,0,1,0.048382448,0.00054385385,68.93991,31.950215,0,60.336338,0.49963801,0.49987629,1.1066006,13.936408,12.593892,False,168,0.019393499,1,0.019393499,1,0.033058571,0.04206087,0.085930281,
scitail@s0__stsb@s1,scitail@s0,stsb@s1,scitail,stsb,0,1,0.056260565,0.0021884888,66.23961,26.722854,1,78.451861,0.49807224,0.49939671,1.2371913,13.936408,11.264554,False,168,0.048180151,0.7,0.048180151,0.7,0.056157859,0.071733118,0.11805328,
scitail@s0__trec@s1,scitail@s0,trec@s1,scitail,trec,0,1,0.043573657,-1.3815053e-05,71.573934,30.775797,0,49.278649,0.49997444,0.50001088,1.00726,13.936408,14.037586,False,168,0.0042199369,1,0.0042199369,1,0.015104481,0.029549367,0.11318798,
scitail@s0__wic@s1,scitail@s0,wic@s1,scitail,wic,0,1,0.053177052,3.420797e-05,68.107797,23.800182,1,71.361402,0.49993892,0.49989688,1.1371114,13.936408,15.847249,False,168,0.012646896,0.7,0.012646896,0.7,0.022910179,0.048339609,0.14940808,
scitail@s0__yelp_polarity@s1,scitail@s0,yelp_polarity@s1,scitail,yelp_polarity,0,1,0.048403982,2.6499334e-05,68.881589,22.087656,1,60.385853,0.50012132,0.49998095,1.1171813,13.936408,12.474616,False,168,0.0074596836,0.7,0.0074596836,0.7,0.01974687,0.030301094,0.085042318,
snli@s0__sst2@s1,snli@s0,sst2@s1,snli,sst2,0,1,0.051240094,0.0009420416,68.353982,26.269216,1,66.907419,0.49899653,0.49973748,1.0258288,12.276796,12.593892,False,168,0.018240291,1,0.018240291,1,0.030591788,0.046027759,0.10587439,
snli@s0__stsb@s1,snli@s0,stsb@s1,snli,stsb,0,1,0.062595825,0.003862907,65.220151,30.08085,0,93.019625,0.49630286,0.49877171,1.0898609,12.276796,11.264554,False,168,0.17594732,0.7,0.14273833,2,0.16872898,0.15696987,0.14273833,
snli@s0__trec@s1,snli@s0,trec@s1,snli,trec,0,1,0.044723676,7.554112e-05,71.363673,27.921864,1,51.923087,0.49990671,0.49997926,1.1434242,12.276796,14.037586,False,168,0.0045512554,0.7,0.0045512554,0.7,0.033092352,0.069124289,0.20551099,
snli@s0__wic@s1,snli@s0,wic@s1,snli,wic,0,1,0.051482447,0.00045794909,68.724455,27.08904,1,67.464703,0.49954816,0.49987825,1.2908293,12.276796,15.847249,False,168,0.044025634,0.7,0.044025634,0.7,0.093369479,0.12290908,0.17901629,
snli@s0__yelp_polarity@s1,snli@s0,yelp_polarity@s1,snli,yelp_polarity,0,1,0.048804796,0.00094106694,68.926352,29.23365,1,61.307515,0.49923668,0.49983756,1.0161133,12.276796,12.474616,False,168,0.017768138,1,0.017768138,1,0.020744836,0.028146148,0.063917722,
sst2@s0__stsb@s1,sst2@s0,stsb@s1,sst2,stsb,0,1,0.050996742,0.0007073155,68.163383,25.390859,1,66.347838,0.49932761,0.49968066,1.1990456,13.506714,11.264554,False,168,0.017318517,1,0.017318517,1,0.024689178,0.033682928,0.075253657,
sst2@s0__trec@s1,sst2@s0,trec@s1,sst2,trec,0,1,0.046455612,0.0001467873,70.870421,23.449878,1,55.905629,0.49981181,0.49994099,1.0393043,13.506714,14.037586,False,168,0.00060746006,0.7,0.00060746006,0.7,0.0081799591,0.02516243,0.10332481,
sst2@s0__wic@s1,sst2@s0,wic@s1,sst2,wic,0,1,0.051582117,0.00023642583,68.664996,30.120538,0,67.693891,0.49981701,0.4998397,1.1732868,13.506714,15.847249,False,168,0.014068614,0.7,0.014068614,0.7,0.033771073,0.05809721,0.12925286,
sst2@s0__yelp_polarity@s1,sst2@s0,yelp_polarity@s1,sst2,yelp_polarity,0,1,0.051923562,0.0014453777,67.981644,27.670417,1,68.479035,0.49841757,0.49957116,1.0827358,13.506714,12.474616,True,168,9.6193594e-06,1,9.6193594e-06,1,0.0086341345,0.020230779,0.063250452,
stsb@s0__trec@s1,stsb@s0,trec@s1,stsb,trec,0,1,0.0450159,0.00017945837,71.188689,23.531253,1,52.595048,0.49973474,0.49998931,1.18551,11.840968,14.037586,False,168,0.037974535,0.7,0.037974535,0.7,0.19739394,0.28131653,0.43407172,
stsb@s0__wic@s1,stsb@s0,wic@s1,stsb,wic,0,1,0.054101604,0.00063057681,68.099454,27.779487,1,73.487386,0.49940267,0.49972186,1.3383407,11.840968,15.847249,False,168,0.054173184,1,0.054173184,1,0.090540139,0.09775725,0.16966383,
stsb@s0__yelp_polarity@s1,stsb@s0,yelp_polarity@s1,stsb,yelp_polarity,0,1,0.048641845,0.00081475055,69.093099,27.595723,1,60.932812,0.49915913,0.49960107,1.0535133,11.840968,12.474616,False,168,0.033141169,1,0.033141169,1,0.055121016,0.092992338,0.27059239,
trec@s0__wic@s1,trec@s0,wic@s1,trec,wic,0,1,0.048094338,9.083895e-05,70.267702,27.425976,2,59.673836,0.49975583,0.50001952,1.1442262,13.849752,15.847249,False,168,0.02230454,0.7,0.02230454,0.7,0.035452674,0.04601847,0.1177166,
trec@s0__yelp_polarity@s1,trec@s0,yelp_polarity@s1,trec,yelp_polarity,0,1,0.042424199,0.0001099309,71.632098,28.983248,1,46.6355,0.49990133,0.50001019,1.1102347,13.849752,12.474616,False,168,0.0019551348,1,0.0019551348,1,0.010053382,0.012719974,0.04676825,
wic@s0__yelp_polarity@s1,wic@s0,yelp_polarity@s1,wic,yelp_polarity,0,1,0.045022768,0.00011871589,70.541452,21.446105,1,52.610841,0.49982085,0.49992832,1.1636572,14.516177,12.474616,False,168,0.033212274,1,0.033212274,1,0.037960627,0.056043972,0.099707627,
