pair,t1,t2,t1_task,t2_task,t1_seed,t2_seed,O_A,tv_cosine,mean_theta_min_A_deg,min_theta_min_A_deg,n_layers_theta_min_lt30_A,null_z_O_A,sign_conflict_top20,sign_conflict_all,norm_ratio,tvnorm_t1,tvnorm_t2,same_type,n_layers,D,lam_selected,D_ext,lam_selected_ext,TA_eval_D_lam1.3,TA_eval_D_lam1.5,TA_eval_D_lam2.0
cola@s1__sst2@s1,cola@s1,sst2@s1,cola,sst2,1,1,0.065441511,0.016155182,65.682924,23.575948,2,99.563203,0.48521201,0.49168936,1.5894823,20.017768,12.593892,False,168,0.02275444,0.7,0.02275444,0.7,0.12017605,0.21640583,0.4251997
cola@s1__mrpc@s1,cola@s1,mrpc@s1,cola,mrpc,1,1,0.054053815,0.00567919,68.985722,26.161443,2,73.377496,0.49419543,0.49620613,2.0000492,20.017768,10.008638,False,168,0.039325843,0.7,0.039325843,0.7,0.13092501,0.21200679,0.43894042
cola@s1__stsb@s1,cola@s1,stsb@s1,cola,stsb,1,1,0.060760343,0.012013804,66.293495,25.636121,1,88.79898,0.48964187,0.49346068,1.7770582,20.017768,11.264554,False,168,0.026864517,0.7,0.026864517,0.7,0.13014275,0.22650576,0.48606658
cola@s1__mnli@s1,cola@s1,mnli@s1,cola,mnli,1,1,0.064333264,0.012917807,65.364559,23.357344,2,97.014819,0.48900305,0.49184197,1.3544415,20.017768,14.779352,False,168,0.0313959,1,0.0313959,1,0.05824434,0.10891289,0.28956633
cola@s1__qnli@s1,cola@s1,qnli@s1,cola,qnli,1,1,0.061684229,0.013153182,66.562014,28.33714,2,90.923433,0.48904437,0.49135584,1.438529,20.017768,13.915443,False,168,0.019076523,1,0.019076523,1,0.0818952,0.17741872,0.4651827
cola@s1__rte@s1,cola@s1,rte@s1,cola,rte,1,1,0.054085091,0.0050710396,68.836566,29.998244,1,73.449415,0.49534257,0.49610424,2.4852726,20.017768,8.0545564,False,168,0.13139535,1,0.13139535,1,0.16686047,0.21802326,0.27848837
cola@s1__wic@s1,cola@s1,wic@s1,cola,wic,1,1,0.072151324,0.017220154,64.127356,23.349841,3,114.99224,0.48582834,0.48238203,1.2631699,20.017768,15.847249,False,168,0.043978217,0.7,0.043978217,0.7,0.1917605,0.26102283,0.38040619
cola@s1__snli@s1,cola@s1,snli@s1,cola,snli,1,1,0.064832253,0.012034622,65.638436,26.156103,1,98.16223,0.48990595,0.4927387,1.5488552,20.017768,12.924235,False,168,0.030993085,1,0.030993085,1,0.045877224,0.073399825,0.17162744
cola@s1__scitail@s1,cola@s1,scitail@s1,cola,scitail,1,1,0.063455071,0.012375901,66.156831,21.387797,2,94.995438,0.48953605,0.49165558,1.6090992,20.017768,12.440357,False,168,0.0063215209,0.7,0.0063215209,0.7,0.12183463,0.19162052,0.38258583
cola@s1__ag_news@s1,cola@s1,ag_news@s1,cola,ag_news,1,1,0.049640232,0.0043247677,69.845275,23.816714,1,63.228579,0.49639849,0.49802631,1.4892906,20.017768,13.441143,False,168,0.010197655,0.7,0.010197655,0.7,0.05581692,0.10534478,0.33857281
cola@s1__imdb@s1,cola@s1,imdb@s1,cola,imdb,1,1,0.054979586,0.0079986852,67.955298,29.670599,1,75.506282,0.49316132,0.49363052,1.4857789,20.017768,13.472911,False,168,0.0043433508,0.7,0.0043433508,0.7,0.15775785,0.2781749,0.45984826
cola@s1__trec@s1,cola@s1,trec@s1,cola,trec,1,1,0.04808601,0.0018132211,70.507496,24.553464,1,59.654685,0.49826042,0.49920033,1.4260122,20.017768,14.037586,False,168,0.0096031293,0.7,0.0096031293,0.7,0.036728968,0.083943263,0.28452941
cola@s1__yelp_polarity@s1,cola@s1,yelp_polarity@s1,cola,yelp_polarity,1,1,0.057934834,0.0086987011,67.300602,25.288585,2,82.301797,0.49261033,0.49491861,1.60468,20.017768,12.474616,False,168,0.012888454,0.5,0.012888454,0.5,0.12801502,0.19324449,0.38638094
sst2@s1__mrpc@s1,sst2@s1,mrpc@s1,sst2,mrpc,1,1,0.056622515,0.0089704573,68.363632,25.905353,2,79.284155,0.49124047,0.4953689,1.2583023,12.593892,10.008638,False,168,0.06306539,0.5,0.06306539,0.5,0.15390932,0.20246958,0.35269916
sst2@s1__stsb@s1,sst2@s1,stsb@s1,sst2,stsb,1,1,0.061767743,0.019008899,65.466836,27.936073,1,91.11547,0.48282141,0.49213634,1.1180107,12.593892,11.264554,False,168,0.023682232,1,0.023682232,1,0.032537655,0.050913969,0.11552117
sst2@s1__mnli@s1,sst2@s1,mnli@s1,sst2,mnli,1,1,0.069224336,0.020659794,64.488668,27.73676,1,108.26171,0.48078495,0.49104183,1.1735333,12.593892,14.779352,False,168,0.034739187,1,0.034739187,1,0.054932546,0.075167652,0.15601216
sst2@s1__qnli@s1,sst2@s1,qnli@s1,sst2,qnli,1,1,0.063081918,0.018754125,66.162961,26.850281,2,94.137383,0.48366486,0.49170084,1.1049359,12.593892,13.915443,False,168,0.017945894,0.7,0.017945894,0.7,0.043195196,0.060991378,0.13175271
sst2@s1__rte@s1,sst2@s1,rte@s1,sst2,rte,1,1,0.056737809,0.0084793409,67.645836,27.613763,1,79.549269,0.49102799,0.49693588,1.5635736,12.593892,8.0545564,False,168,0.03438518,1,0.03438518,1,0.045514546,0.069489845,0.13720647
sst2@s1__wic@s1,sst2@s1,wic@s1,sst2,wic,1,1,0.06874519,0.012726351,65.158278,26.559817,1,107.15993,0.48898149,0.49152955,1.2583282,12.593892,15.847249,False,168,0.029844412,0.5,0.029844412,0.5,0.10466763,0.13938002,0.25997156
sst2@s1__snli@s1,sst2@s1,snli@s1,sst2,snli,1,1,0.066415756,0.021344904,64.87523,30.870909,0,101.80346,0.48019203,0.4907608,1.0262304,12.593892,12.924235,False,168,0.035851373,0.7,0.024820749,1.3,0.024820749,0.03388155,0.070695884
sst2@s1__scitail@s1,sst2@s1,scitail@s1,sst2,scitail,1,1,0.065480576,0.017729913,65.644919,26.041845,2,99.653034,0.48449756,0.49043057,1.0123417,12.593892,12.440357,False,168,0.03136564,0.7,0.03136564,0.7,0.10107157,0.13386743,0.25600942
sst2@s1__ag_news@s1,sst2@s1,ag_news@s1,sst2,ag_news,1,1,0.05538973,0.01075531,68.142069,29.543469,1,76.449398,0.48956528,0.49627753,1.0672748,12.593892,13.441143,False,168,0.016593026,0.7,0.016593026,0.7,0.049537751,0.073832647,0.15306019
sst2@s1__imdb@s1,sst2@s1,imdb@s1,sst2,imdb,1,1,0.0714682,0.039218209,63.492334,28.051168,1,113.42142,0.46293821,0.48388193,1.0697973,12.593892,13.472911,True,168,0.007175318,0.7,0.007175318,0.7,0.035344574,0.06740535,0.17851779
sst2@s1__trec@s1,sst2@s1,trec@s1,sst2,trec,1,1,0.052226672,0.00233225,69.62012,27.034453,1,69.176029,0.49740643,0.49913449,1.1146345,12.593892,14.037586,False,168,0.010789127,0.7,0.010789127,0.7,0.04107291,0.082123402,0.19387674
sst2@s1__yelp_polarity@s1,sst2@s1,yelp_polarity@s1,sst2,yelp_polarity,1,1,0.07410751,0.042535153,62.567314,30.434955,0,119.49044,0.45987278,0.48413176,1.0095614,12.593892,12.474616,True,168,0.0076504566,0.7,0.0076504566,0.7,0.023740994,0.03607455,0.085158849
mrpc@s1__stsb@s1,mrpc@s1,stsb@s1,mrpc,stsb,1,1,0.058418054,0.0183555,67.251821,24.9867,1,83.41295,0.48071684,0.49454147,1.1254832,10.008638,11.264554,False,168,0.27886241,0.3,0.27886241,0.3,0.33419232,0.34215749,0.37084914
mrpc@s1__mnli@s1,mrpc@s1,mnli@s1,mrpc,mnli,1,1,0.060022185,0.010307639,67.007613,28.393904,1,87.101606,0.48904397,0.49646943,1.4766597,10.008638,14.779352,False,168,0.14147816,0.5,0.14147816,0.5,0.3318631,0.35560758,0.41527461
mrpc@s1__qnli@s1,mrpc@s1,qnli@s1,mrpc,qnli,1,1,0.063193456,0.01314478,66.687118,23.342234,1,94.39386,0.48690669,0.49455249,1.3903434,10.008638,13.915443,False,168,0.094418376,0.3,0.094418376,0.3,0.26840792,0.30430184,0.3580663
mrpc@s1__rte@s1,mrpc@s1,rte@s1,mrpc,rte,1,1,0.06302293,0.010686268,66.531603,25.758672,1,94.00174,0.48861031,0.49563415,1.2426057,10.008638,8.0545564,False,168,0.071792527,0.5,0.071792527,0.5,0.14814476,0.18737915,0.26036713
mrpc@s1__wic@s1,mrpc@s1,wic@s1,mrpc,wic,1,1,0.06346077,0.012236705,66.550871,23.176726,1,95.008541,0.4880966,0.49219223,1.5833572,10.008638,15.847249,False,168,0.085674157,0.7,0.085674157,0.7,0.088012863,0.1142661,0.14114215
mrpc@s1__snli@s1,mrpc@s1,snli@s1,mrpc,snli,1,1,0.057690657,0.0083955135,67.801382,29.159134,1,81.740319,0.49119321,0.49712293,1.2913081,10.008638,12.924235,False,168,0.038812049,0.5,0.038812049,0.5,0.20249857,0.27142351,0.37202385
mrpc@s1__scitail@s1,mrpc@s1,scitail@s1,mrpc,scitail,1,1,0.063952475,0.019622207,66.468326,25.617703,2,96.139206,0.48078498,0.4908267,1.242962,10.008638,12.440357,False,168,0.032392545,0.7,0.032392545,0.7,0.055167648,0.06734885,0.1094168
mrpc@s1__ag_news@s1,mrpc@s1,ag_news@s1,mrpc,ag_news,1,1,0.048222274,0.0031868115,70.062355,26.193191,1,59.96802,0.49713627,0.49872215,1.3429543,10.008638,13.441143,False,168,0.084604066,0.5,0.084604066,0.5,0.086578241,0.1061277,0.15388171
mrpc@s1__imdb@s1,mrpc@s1,imdb@s1,mrpc,imdb,1,1,0.054311556,0.005453993,68.813272,29.041565,1,73.970165,0.49479107,0.49736072,1.3461284,10.008638,13.472911,False,168,0.0065150455,0.7,0.0065150455,0.7,0.10439242,0.18181569,0.38057336
mrpc@s1__trec@s1,mrpc@s1,trec@s1,mrpc,trec,1,1,0.046207218,0.0013170974,70.877531,24.030903,1,55.334452,0.49891169,0.4996636,1.4025471,10.008638,14.037586,False,168,0.0058764734,1,0.0058764734,1,0.0076629673,0.016988925,0.071270191
mrpc@s1__yelp_polarity@s1,mrpc@s1,yelp_polarity@s1,mrpc,yelp_polarity,1,1,0.053772459,0.0060100247,69.211908,26.253149,1,72.730525,0.49446478,0.49856337,1.246385,10.008638,12.474616,False,168,0.042346127,0.5,0.042346127,0.5,0.20374592,0.25921636,0.32190641
stsb@s1__mnli@s1,stsb@s1,mnli@s1,stsb,mnli,1,1,0.073283489,0.034102172,62.326159,24.400481,1,117.59563,0.46747778,0.48602586,1.3120228,11.264554,14.779352,False,168,0.034857731,0.7,0.034857731,0.7,0.086656676,0.10793884,0.15845735
stsb@s1__qnli@s1,stsb@s1,qnli@s1,stsb,qnli,1,1,0.067838046,0.028572768,64.110301,28.006399,2,105.07397,0.47315899,0.4885041,1.2353302,11.264554,13.915443,False,168,0.025339108,0.7,0.025339108,0.7,0.059989175,0.080350712,0.15737939
stsb@s1__rte@s1,stsb@s1,rte@s1,stsb,rte,1,1,0.061287747,0.018476471,66.60443,30.788611,0,90.011734,0.48063843,0.49387064,1.3985319,11.264554,8.0545564,False,168,0.059940867,0.5,0.059940867,0.5,0.085378879,0.093097924,0.14059664
stsb@s1__wic@s1,stsb@s1,wic@s1,stsb,wic,1,1,0.065648168,0.014292202,65.046006,26.58813,1,100.03841,0.48724981,0.49169038,1.4068244,11.264554,15.847249,False,168,0.10594214,0.7,0.10594214,0.7,0.18792953,0.22252317,0.32818746
stsb@s1__snli@s1,stsb@s1,snli@s1,stsb,snli,1,1,0.076574624,0.038173935,61.536816,30.597513,0,125.16351,0.46428483,0.48618048,1.1473366,11.264554,12.924235,False,168,0.057140944,0.5,0.057140944,0.5,0.085953845,0.10419871,0.1541375
stsb@s1__scitail@s1,stsb@s1,scitail@s1,stsb,scitail,1,1,0.068458293,0.023809622,64.084758,26.562429,1,106.50022,0.47758025,0.49090128,1.1043808,11.264554,12.440357,False,168,0.17554711,1,0.099547537,1.3,0.099547537,0.073215213,0.069080906
stsb@s1__ag_news@s1,stsb@s1,ag_news@s1,stsb,ag_news,1,1,0.05526584,0.011025567,67.796747,27.194032,1,76.164515,0.48949494,0.49523391,1.1932247,11.264554,13.441143,False,168,0.13003579,0.5,0.13003579,0.5,0.27942898,0.3065008,0.37636944
stsb@s1__imdb@s1,stsb@s1,imdb@s1,stsb,imdb,1,1,0.055790838,0.0136385,67.431338,31.621932,0,77.371735,0.48785968,0.49367564,1.1960448,11.264554,13.472911,False,168,0.012352644,1,0.012352644,1,0.046870251,0.10088089,0.26382994
stsb@s1__trec@s1,stsb@s1,trec@s1,stsb,trec,1,1,0.048235333,0.0023497451,70.168131,21.629044,1,59.99805,0.49746172,0.49905064,1.2461733,11.264554,14.037586,False,168,0.052626851,0.7,0.052626851,0.7,0.14275131,0.1801509,0.2467042
stsb@s1__yelp_polarity@s1,stsb@s1,yelp_polarity@s1,stsb,yelp_polarity,1,1,0.058778777,0.015763444,66.086777,32.992713,0,84.242423,0.48616872,0.49325383,1.1074222,11.264554,12.474616,False,168,0.027417569,0.7,0.027417569,0.7,0.04041371,0.061382607,0.17259188
mnli@s1__qnli@s1,mnli@s1,qnli@s1,mnli,qnli,1,1,0.070900825,0.02718295,63.734778,26.213559,3,112.11675,0.47499374,0.48844726,1.0620827,14.779352,13.915443,True,168,0.048759107,0.7,0.048759107,0.7,0.10470585,0.13243886,0.21015332
mnli@s1__rte@s1,mnli@s1,rte@s1,mnli,rte,1,1,0.066112483,0.022523522,65.047729,26.414216,1,101.10609,0.47699877,0.49264363,1.8349057,14.779352,8.0545564,True,168,0.044799435,0.7,0.044799435,0.7,0.056942544,0.078697432,0.1262858
mnli@s1__wic@s1,mnli@s1,wic@s1,mnli,wic,1,1,0.072378191,0.015361676,63.708434,25.476032,1,115.51392,0.48618486,0.48931069,1.072256,14.779352,15.847249,False,168,0.063612976,1,0.063612976,1,0.10390819,0.15532404,0.28869873
mnli@s1__snli@s1,mnli@s1,snli@s1,mnli,snli,1,1,0.10403319,0.080245654,56.748178,16.483639,14,188.30376,0.42797696,0.45969905,1.1435378,14.779352,12.924235,True,168,0.012167191,0.5,0.012167191,0.5,0.088299692,0.11605077,0.19547737
mnli@s1__scitail@s1,mnli@s1,scitail@s1,mnli,scitail,1,1,0.074440839,0.026358848,63.31974,28.129453,1,120.25692,0.47454572,0.49014305,1.1880167,14.779352,12.440357,True,168,0.11832136,0.7,0.11832136,0.7,0.16762899,0.18158188,0.22202193
mnli@s1__ag_news@s1,mnli@s1,ag_news@s1,mnli,ag_news,1,1,0.059656755,0.010828658,67.576236,26.813489,2,86.261311,0.49044311,0.49468242,1.0995606,14.779352,13.441143,False,168,0.096323005,0.5,0.096323005,0.5,0.31619543,0.33670847,0.3811099
mnli@s1__imdb@s1,mnli@s1,imdb@s1,mnli,imdb,1,1,0.060946931,0.014989521,66.139395,29.805175,2,89.228035,0.48627661,0.49250458,1.0969679,14.779352,13.472911,False,168,0.04357505,1,0.04357505,1,0.051529509,0.079505215,0.22073029
mnli@s1__trec@s1,mnli@s1,trec@s1,mnli,trec,1,1,0.051313479,0.0024739404,69.26251,29.457001,1,67.076165,0.49793317,0.49864617,1.0528414,14.779352,14.037586,False,168,0.096364322,0.7,0.096364322,0.7,0.13046899,0.16983019,0.23997829
mnli@s1__yelp_polarity@s1,mnli@s1,yelp_polarity@s1,mnli,yelp_polarity,1,1,0.062679474,0.015963555,65.808379,30.709497,0,93.211974,0.48560262,0.49305622,1.184754,14.779352,12.474616,False,168,0.035728902,0.7,0.035728902,0.7,0.065813898,0.081229744,0.14286013
qnli@s1__rte@s1,qnli@s1,rte@s1,qnli,rte,1,1,0.063782629,0.015635869,66.075528,26.297515,1,95.748648,0.48481833,0.49235069,1.7276486,13.915443,8.0545564,True,168,0.024959795,0.7,0.024959795,0.7,0.087109735,0.09285437,0.14320752
qnli@s1__wic@s1,qnli@s1,wic@s1,qnli,wic,1,1,0.070435385,0.015411786,64.36897,30.001745,0,111.04649,0.48734778,0.48485047,1.1388246,13.915443,15.847249,False,168,0.020552776,0.7,0.020552776,0.7,0.042522215,0.066448793,0.16486337
qnli@s1__snli@s1,qnli@s1,snli@s1,qnli,snli,1,1,0.068446539,0.021754698,64.390578,26.81931,2,106.47319,0.48003254,0.49104164,1.0766937,13.915443,12.924235,True,168,0.02026754,0.7,0.02026754,0.7,0.048034074,0.068696226,0.14986501
qnli@s1__scitail@s1,qnli@s1,scitail@s1,qnli,scitail,1,1,0.07470908,0.030137261,63.392984,24.149552,5,120.87373,0.4726301,0.48501966,1.1185727,13.915443,12.440357,True,168,0.033038876,1,0.033038876,1,0.04577402,0.058266493,0.10177337
qnli@s1__ag_news@s1,qnli@s1,ag_news@s1,qnli,ag_news,1,1,0.054011,0.010621804,68.401711,28.262123,1,73.279044,0.49050268,0.49606273,1.0352872,13.915443,13.441143,False,168,0.088599249,0.3,0.088599249,0.3,0.27128237,0.3138118,0.40500191
qnli@s1__imdb@s1,qnli@s1,imdb@s1,qnli,imdb,1,1,0.061421417,0.016305904,66.796884,29.046892,1,90.319105,0.48601704,0.48929155,1.032846,13.915443,13.472911,False,168,0.015039399,1,0.015039399,1,0.028597178,0.044448648,0.13579878
qnli@s1__trec@s1,qnli@s1,trec@s1,qnli,trec,1,1,0.05012291,0.0044646045,69.690554,28.491837,1,64.338484,0.49498092,0.49857637,1.0087775,13.915443,14.037586,False,168,0.023694042,1,0.023694042,1,0.034720938,0.047792825,0.12285344
qnli@s1__yelp_polarity@s1,qnli@s1,yelp_polarity@s1,qnli,yelp_polarity,1,1,0.063847732,0.018023891,66.075498,25.015746,3,95.898352,0.48435503,0.49132758,1.1155007,13.915443,12.474616,False,168,0.014408933,0.7,0.014408933,0.7,0.029579358,0.040127454,0.088337531
rte@s1__wic@s1,rte@s1,wic@s1,rte,wic,1,1,0.065010464,0.0080876246,65.857871,28.887878,1,98.572022,0.49201688,0.49337835,1.9674888,8.0545564,15.847249,False,168,0.16938861,1,0.16938861,1,0.18774071,0.20735031,0.24725876
rte@s1__snli@s1,rte@s1,snli@s1,rte,snli,1,1,0.061596443,0.018673063,66.37876,24.965737,1,90.721571,0.48008528,0.49440891,1.6045868,8.0545564,12.924235,True,168,0.0094318437,1,0.0094318437,1,0.030796066,0.048711869,0.085763452
rte@s1__scitail@s1,rte@s1,scitail@s1,rte,scitail,1,1,0.067868833,0.011886044,65.53826,26.752303,1,105.14477,0.48782714,0.49523431,1.5445117,8.0545564,12.440357,True,168,0.12858066,0.5,0.12858066,0.5,0.20339609,0.22488926,0.28891657
rte@s1__ag_news@s1,rte@s1,ag_news@s1,rte,ag_news,1,1,0.053675273,0.0044318108,68.666704,25.87895,1,72.50705,0.49546289,0.49825598,1.6687627,8.0545564,13.441143,False,168,0.058989875,0.7,0.058989875,0.7,0.078763744,0.089128995,0.1106164
rte@s1__imdb@s1,rte@s1,imdb@s1,rte,imdb,1,1,0.055946896,0.0056892785,67.900627,30.434371,0,77.730586,0.49439076,0.49586199,1.6727068,8.0545564,13.472911,False,168,0.044189987,1,0.044189987,1,0.084587729,0.12552673,0.25199117
rte@s1__trec@s1,rte@s1,trec@s1,rte,trec,1,1,0.047050101,0.0013191431,70.731553,27.722472,1,57.272641,0.49863363,0.49960857,1.742813,8.0545564,14.037586,False,168,0.058139535,1,0.058139535,1,0.065858182,0.080272982,0.12566224
rte@s1__yelp_polarity@s1,rte@s1,yelp_polarity@s1,rte,yelp_polarity,1,1,0.055223283,0.0066677938,68.421667,26.443234,1,76.066658,0.49288553,0.49720721,1.5487652,8.0545564,12.474616,False,168,0.053735336,0.7,0.053735336,0.7,0.1182342,0.12210331,0.15888043
wic@s1__snli@s1,wic@s1,snli@s1,wic,snli,1,1,0.07104147,0.013946075,64.094576,31.667941,0,112.44016,0.48788981,0.49159711,1.2261653,15.847249,12.924235,False,168,0.087864656,0.7,0.087864656,0.7,0.10655407,0.13399325,0.21424775
wic@s1__scitail@s1,wic@s1,scitail@s1,wic,scitail,1,1,0.075706365,0.017071212,63.297317,21.418475,3,123.16697,0.48548232,0.48645775,1.2738581,15.847249,12.440357,False,168,0.086098542,0.5,0.086098542,0.5,0.15782877,0.1708055,0.21785535
wic@s1__ag_news@s1,wic@s1,ag_news@s1,wic,ag_news,1,1,0.054625658,0.0051549084,68.378724,30.607513,0,74.692434,0.49533966,0.49757574,1.1790105,15.847249,13.441143,False,168,0.0129143,0.7,0.0129143,0.7,0.047929268,0.061511624,0.095540139
wic@s1__imdb@s1,wic@s1,imdb@s1,wic,imdb,1,1,0.058860041,0.0060196968,67.177846,27.489301,2,84.429286,0.49528354,0.49237154,1.1762305,15.847249,13.472911,False,168,0.012822908,0.7,0.012822908,0.7,0.062141492,0.072652607,0.13700192
wic@s1__trec@s1,wic@s1,trec@s1,wic,trec,1,1,0.048906548,0.0016297404,70.0596,32.035746,0,61.541491,0.49860235,0.49881145,1.1289156,15.847249,14.037586,False,168,0.02649696,1,0.02649696,1,0.03974544,0.056322812,0.1435171
wic@s1__yelp_polarity@s1,wic@s1,yelp_polarity@s1,wic,yelp_polarity,1,1,0.060729919,0.0097402028,66.682189,28.191536,1,88.729021,0.49176335,0.4927717,1.2703596,15.847249,12.474616,False,168,0.012239731,0.7,0.012239731,0.7,0.043610821,0.057910683,0.11665436
snli@s1__scitail@s1,snli@s1,scitail@s1,snli,scitail,1,1,0.072156831,0.023439099,63.70012,29.006839,3,115.00491,0.478405,0.4913302,1.0388959,12.924235,12.440357,True,168,0.066491379,0.5,0.066491379,0.5,0.12019639,0.13543135,0.17576326
snli@s1__ag_news@s1,snli@s1,ag_news@s1,snli,ag_news,1,1,0.059154632,0.010772457,67.647043,29.260994,1,85.106691,0.49022592,0.49557804,1.0399953,12.924235,13.441143,False,168,0.019170367,0.7,0.019170367,0.7,0.065563602,0.099497983,0.22520207
snli@s1__imdb@s1,snli@s1,imdb@s1,snli,imdb,1,1,0.059075319,0.013933554,66.709647,25.542709,1,84.924312,0.48795088,0.4925847,1.0424533,12.924235,13.472911,False,168,0.021111433,1,0.021111433,1,0.027938016,0.03733148,0.10128191
snli@s1__trec@s1,snli@s1,trec@s1,snli,trec,1,1,0.051461942,0.0026558877,69.270061,26.187191,1,67.417551,0.497561,0.49859203,1.0861444,12.924235,14.037586,False,168,0.013184972,0.7,0.013184972,0.7,0.021677902,0.027865454,0.072528022
snli@s1__yelp_polarity@s1,snli@s1,yelp_polarity@s1,snli,yelp_polarity,1,1,0.063026722,0.01727566,65.652644,26.039372,2,94.01046,0.48538406,0.49240295,1.0360427,12.924235,12.474616,False,168,0.015522717,1,0.015522717,1,0.022231602,0.02838815,0.049467866
scitail@s1__ag_news@s1,scitail@s1,ag_news@s1,scitail,ag_news,1,1,0.055074013,0.0092535276,68.387611,24.1317,1,75.723414,0.491538,0.49663223,1.0804468,12.440357,13.441143,False,168,0.046669501,0.7,0.046669501,0.7,0.081887755,0.11520692,0.1868339
scitail@s1__imdb@s1,scitail@s1,imdb@s1,scitail,imdb,1,1,0.059642932,0.014515141,67.236376,28.668976,1,86.229524,0.48728578,0.49293288,1.0830004,12.440357,13.472911,False,168,0.017884875,0.7,0.017884875,0.7,0.050413969,0.074182146,0.20211926
scitail@s1__trec@s1,scitail@s1,trec@s1,scitail,trec,1,1,0.046826376,0.0017073089,70.467685,25.619866,1,56.758191,0.4986931,0.49926056,1.1283909,12.440357,14.037586,False,168,0.016574155,0.7,0.016574155,0.7,0.073712143,0.123067,0.22800419
scitail@s1__yelp_polarity@s1,scitail@s1,yelp_polarity@s1,scitail,yelp_polarity,1,1,0.06227483,0.016691614,66.349904,28.231715,1,92.281504,0.4854314,0.49283791,1.0027539,12.440357,12.474616,False,168,0.031556153,0.5,0.031556153,0.5,0.068287534,0.086102046,0.16356034
ag_news@s1__imdb@s1,ag_news@s1,imdb@s1,ag_news,imdb,1,1,0.051894052,0.0096150007,69.111289,26.960412,1,68.411178,0.48998744,0.49651574,1.0023635,13.441143,13.472911,False,168,0.0074303467,1,0.0074303467,1,0.016969121,0.029794454,0.080471404
ag_news@s1__trec@s1,ag_news@s1,trec@s1,ag_news,trec,1,1,0.050909736,0.0024026433,70.239716,28.92809,1,66.147769,0.49768516,0.49908324,1.0443744,13.441143,14.037586,False,168,0.0090602959,0.7,0.0090602959,0.7,0.015924315,0.022590746,0.061156671
ag_news@s1__yelp_polarity@s1,ag_news@s1,yelp_polarity@s1,ag_news,yelp_polarity,1,1,0.053579615,0.010671145,68.757593,27.550819,1,72.287085,0.48932678,0.49662881,1.0774795,13.441143,12.474616,False,168,0.018064128,0.7,0.018064128,0.7,0.049941711,0.063818561,0.10558032
imdb@s1__trec@s1,imdb@s1,trec@s1,imdb,trec,1,1,0.042451508,-0.00010084668,71.28207,28.235162,1,46.698297,0.5006536,0.49969146,1.0419118,13.472911,14.037586,False,168,0.0016941974,1,0.0016941974,1,0.014394182,0.032636686,0.15057634
imdb@s1__yelp_polarity@s1,imdb@s1,yelp_polarity@s1,imdb,yelp_polarity,1,1,0.088050795,0.080188568,59.77315,22.361562,6,151.55266,0.42794224,0.46828559,1.0800261,13.472911,12.474616,True,168,0.0027172447,0.5,0.0027172447,0.5,0.043669777,0.073589323,0.17167127
trec@s1__yelp_polarity@s1,trec@s1,yelp_polarity@s1,trec,yelp_polarity,1,1,0.045415439,0.0010676056,70.909774,33.998216,0,53.513777,0.49915554,0.49928498,1.125292,14.037586,12.474616,False,168,0.0049197176,1,0.0049197176,1,0.01401927,0.030077006,0.14033327
