pair,t1,t2,sel_acc_cola_lam0.3,val_acc_cola_lam0.3,sel_acc_sst2_lam0.3,val_acc_sst2_lam0.3,sel_norm_mean_lam0.3,val_D_lam0.3,sel_acc_cola_lam0.5,val_acc_cola_lam0.5,sel_acc_sst2_lam0.5,val_acc_sst2_lam0.5,sel_norm_mean_lam0.5,val_D_lam0.5,sel_acc_cola_lam0.7,val_acc_cola_lam0.7,sel_acc_sst2_lam0.7,val_acc_sst2_lam0.7,sel_norm_mean_lam0.7,val_D_lam0.7,sel_acc_cola_lam1.0,val_acc_cola_lam1.0,sel_acc_sst2_lam1.0,val_acc_sst2_lam1.0,sel_norm_mean_lam1.0,val_D_lam1.0,lam_selected,single_val_cola,single_val_sst2,merged_val_t1,merged_val_t2,norm_t1,norm_t2,D,secs,sel_acc_mrpc_lam0.3,val_acc_mrpc_lam0.3,sel_acc_mrpc_lam0.5,val_acc_mrpc_lam0.5,sel_acc_mrpc_lam0.7,val_acc_mrpc_lam0.7,sel_acc_mrpc_lam1.0,val_acc_mrpc_lam1.0,single_val_mrpc,sel_acc_qqp_lam0.3,val_acc_qqp_lam0.3,sel_acc_qqp_lam0.5,val_acc_qqp_lam0.5,sel_acc_qqp_lam0.7,val_acc_qqp_lam0.7,sel_acc_qqp_lam1.0,val_acc_qqp_lam1.0,single_val_qqp,sel_acc_mnli_lam0.3,val_acc_mnli_lam0.3,sel_acc_mnli_lam0.5,val_acc_mnli_lam0.5,sel_acc_mnli_lam0.7,val_acc_mnli_lam0.7,sel_acc_mnli_lam1.0,val_acc_mnli_lam1.0,single_val_mnli,sel_acc_qnli_lam0.3,val_acc_qnli_lam0.3,sel_acc_qnli_lam0.5,val_acc_qnli_lam0.5,sel_acc_qnli_lam0.7,val_acc_qnli_lam0.7,sel_acc_qnli_lam1.0,val_acc_qnli_lam1.0,single_val_qnli,sel_acc_rte_lam0.3,val_acc_rte_lam0.3,sel_acc_rte_lam0.5,val_acc_rte_lam0.5,sel_acc_rte_lam0.7,val_acc_rte_lam0.7,sel_acc_rte_lam1.0,val_acc_rte_lam1.0,single_val_rte
cola-sst2,cola,sst2,0.742,0.711409396,0.918,0.8532110092,0.8415052154,0.1098345865,0.788,0.7344199425,0.936,0.870412844,0.8738416623,0.08672180451,0.836,0.7603068073,0.952,0.880733945,0.9061657905,0.06565413534,0.91,0.7833173538,0.962,0.8864678899,0.9485234562,0.04880701754,1,0.8389261745,0.9151376147,0.7833173538,0.8864678899,0.9337142857,0.9686716792,0.04880701754,2.815670967,,,,,,,,,,,,,,,,,,,,,,,,,,,,,,,,,,,,,,,,,,,,,
cola-mrpc,cola,mrpc,0.8,0.7535953979,,,0.7713997986,0.1249312169,0.923,0.8024928092,,,0.8710976838,0.07869434269,0.929,0.7861936721,,,0.9249748238,0.06276760277,0.783,0.6816874401,,,0.8771399799,0.1008367928,0.7,0.8389261745,,0.7861936721,0.806372549,0.9371428571,0.9373219373,0.06276760277,4.200595617,0.732,0.7328431373,0.807,0.762254902,0.908,0.806372549,0.959,0.8480392157,0.8602941176,,,,,,,,,,,,,,,,,,,,,,,,,,,,,,,,,,,,
cola-qqp,cola,qqp,0.752,0.723873442,,,0.7741001747,0.1604095744,0.801,0.7420901246,,,0.8529440646,0.09012937588,0.842,0.7497603068,,,0.9071747083,0.0632794873,0.783,0.6788111218,,,0.8834255825,0.1021079607,0.7,0.8389261745,,0.7497603068,0.8761563196,0.8937142857,0.9797267397,0.0632794873,49.74829769,,,,,,,,,,0.73,0.7300272075,0.83,0.836309671,0.892,0.8761563196,0.903,0.8823398466,0.894286421,,,,,,,,,,,,,,,,,,,,,,,,,,,
cola-mnli,cola,mnli,0.74,0.7162032598,,,0.7223649488,0.2247459877,0.754,0.7229146692,,,0.8322123477,0.1169211959,0.787,0.7305848514,,,0.8841084673,0.07403873481,0.798,0.7219558965,,,0.8896472387,0.07823486133,1,0.8389261745,,0.7219558965,0.7933774834,0.8605714286,0.9829588488,0.07823486133,17.98086214,,,,,,,,,,,,,,,,,,,0.575,0.5624044829,0.744,0.7300050942,0.802,0.7918492104,0.802,0.7933774834,0.8071319409,,,,,,,,,,,,,,,,,,
cola-qnli,cola,qnli,0.76,0.7267497603,,,0.7227640391,0.2148111844,0.83,0.7679769895,,,0.8635544762,0.07826636335,0.909,0.7900287632,,,0.9353158678,0.0407332623,0.958,0.7881112176,,,0.9690504104,0.03865096323,1,0.8389261745,,0.7881112176,0.8929159802,0.9394285714,0.9832695021,0.03865096323,14.35195613,,,,,,,,,,,,,,,,,,,,,,,,,,,,0.638,0.6393922753,0.836,0.8427603881,0.896,0.8870583928,0.913,0.8929159802,0.9081090976,,,,,,,,,
cola-rte,cola,rte,0.759,0.7248322148,,,0.803731349,0.08564705882,0.848,0.7785234899,,,0.8542848408,0.06541176471,0.952,0.8101629914,,,0.9092024272,0.04655462185,0.992,0.8350910834,,,0.9401852508,0.0405210084,1,0.8389261745,,0.8350910834,0.5667870036,0.9954285714,0.9235294118,0.0405210084,5.034757137,,,,,,,,,,,,,,,,,,,,,,,,,,,,,,,,,,,,,0.661,0.5920577617,0.67,0.5776173285,0.674,0.5776173285,0.691,0.5667870036,0.6137184116
sst2-mrpc,sst2,mrpc,,,0.915,0.8990825688,0.859110101,0.08711950817,,,0.95,0.9082568807,0.9172310147,0.05219244693,,,0.966,0.9059633028,0.9550939143,0.04347406979,,,0.957,0.8864678899,0.954031431,0.03703168177,0.7,,0.9151376147,0.9059633028,0.7941176471,0.9899749373,0.9230769231,0.04347406979,4.9782722,0.78,0.7254901961,0.86,0.7769607843,0.919,0.7941176471,0.926,0.8235294118,0.8602941176,,,,,,,,,,,,,,,,,,,,,,,,,,,,,,,,,,,,
sst2-qqp,sst2,qqp,,,0.917,0.8532110092,0.8476619144,0.1390729978,,,0.947,0.8830275229,0.9203738861,0.05760636656,,,0.954,0.8933486239,0.9607780771,0.02630071278,,,0.949,0.875,0.9625633516,0.02841560839,1,,0.9151376147,0.875,0.8826861242,0.9561403509,0.9870284323,0.02841560839,51.86013365,,,,,,,,,,0.702,0.7060598565,0.808,0.8226317091,0.876,0.8685382142,0.884,0.8826861242,0.894286421,,,,,,,,,,,,,,,,,,,,,,,,,,,
sst2-mnli,sst2,mnli,,,0.929,0.9025229358,0.8299441208,0.1518682467,,,0.94,0.8944954128,0.9207087956,0.06113934166,,,0.939,0.8990825688,0.9524375544,0.02587619642,,,0.91,0.879587156,0.9419146261,0.03633847937,0.7,,0.9151376147,0.8990825688,0.7795211411,0.9824561404,0.9657914668,0.02587619642,18.74225736,,,,,,,,,,,,,,,,,,,0.586,0.5731023943,0.726,0.7266428935,0.779,0.7795211411,0.786,0.7798267957,0.8071319409,,,,,,,,,,,,,,,,,,
sst2-qnli,sst2,qnli,,,0.916,0.8899082569,0.8501328004,0.119912258,,,0.944,0.9059633028,0.9448943574,0.02779019712,,,0.959,0.9105504587,0.9754607261,0.01318959564,,,0.962,0.9025229358,0.9812541704,0.01273782622,1,,0.9151376147,0.9025229358,0.8974922204,0.9862155388,0.9883088087,0.01273782622,15.03537703,,,,,,,,,,,,,,,,,,,,,,,,,,,,0.719,0.715357862,0.87,0.8667398865,0.913,0.8887058393,0.921,0.8974922204,0.9081090976,,,,,,,,,
sst2-rte,sst2,rte,,,0.919,0.8864678899,0.8893179596,0.03919357217,,,0.956,0.9105504587,0.9355997368,0.02603567743,,,0.97,0.9139908257,0.9420975577,0.0123912723,,,0.981,0.9139908257,0.9419642857,0.02415597818,0.7,,0.9151376147,0.9139908257,0.5992779783,0.9987468672,0.9764705882,0.0123912723,5.617156506,,,,,,,,,,,,,,,,,,,,,,,,,,,,,,,,,,,,,0.66,0.5848375451,0.703,0.5848375451,0.702,0.5992779783,0.693,0.5848375451,0.6137184116
mrpc-qqp,mrpc,qqp,,,,,0.8113468167,0.1405075868,,,,,0.8799363693,0.07411319704,,,,,0.7747929984,0.1787392335,,,,,0.6824117686,0.2968480365,0.5,,,0.7818627451,0.8432599555,0.9088319088,0.9429416971,0.07411319704,53.61926889,0.798,0.75,0.846,0.7818627451,0.592,0.5759803922,0.401,0.3799019608,0.8602941176,0.756,0.7576304724,0.838,0.8432599555,0.88,0.8701459312,0.887,0.8627256987,0.894286421,,,,,,,,,,,,,,,,,,,,,,,,,,,
mrpc-mnli,mrpc,mnli,,,,,0.7623051139,0.1875922006,,,,,0.8819326527,0.06537584037,,,,,0.8846560963,0.05028173553,,,,,0.8630890687,0.09043929739,0.7,,,0.7843137255,0.7972491085,0.9116809117,0.9877556173,0.05028173553,20.30984521,0.771,0.7475490196,0.831,0.7965686275,0.805,0.7843137255,0.767,0.7401960784,0.8602941176,,,,,,,,,,0.615,0.6100866021,0.762,0.7613856342,0.788,0.7972491085,0.784,0.7738155884,0.8071319409,,,,,,,,,,,,,,,,,,
mrpc-qnli,mrpc,qnli,,,,,0.7879699474,0.1423269594,,,,,0.858990009,0.08114891596,,,,,0.9091030604,0.04439442466,,,,,0.9086601949,0.0552793269,0.7,,,0.7965686275,0.8947464763,0.9259259259,0.9852852248,0.04439442466,16.58879066,0.718,0.7107843137,0.786,0.7475490196,0.858,0.7965686275,0.873,0.7965686275,0.8602941176,,,,,,,,,,,,,,,,,,,0.8,0.807431814,0.869,0.8797364086,0.895,0.8947464763,0.88,0.8749771188,0.9081090976,,,,,,,,,
mrpc-rte,mrpc,rte,,,,,0.8026915449,0.1108848668,,,,,0.8590850237,0.09397519692,,,,,0.888827661,0.07564102564,,,,,0.8676153996,0.1,0.7,,,0.8161764706,0.5523465704,0.9487179487,0.9,0.07564102564,7.158582687,0.781,0.7352941176,0.855,0.7745098039,0.947,0.8161764706,0.991,0.8602941176,0.8602941176,,,,,,,,,,,,,,,,,,,,,,,,,,,,0.642,0.5667870036,0.672,0.559566787,0.646,0.5523465704,0.578,0.4909747292,0.6137184116
qqp-mnli,qqp,mnli,,,,,0.7881458694,0.1940386401,,,,,0.8904667948,0.077220537,,,,,0.9184565563,0.06402416927,,,,,0.8883480558,0.09529493628,0.7,,,0.8101409844,0.7797249109,0.9059077332,0.9660439283,0.06402416927,67.34723783,,,,,,,,,,0.752,0.7550581252,0.814,0.8152114766,0.823,0.8101409844,0.791,0.7872866683,0.894286421,0.626,0.6195618951,0.739,0.7538461538,0.777,0.7797249109,0.756,0.7498726439,0.8071319409,,,,,,,,,,,,,,,,,,
qqp-qnli,qqp,qnli,,,,,0.7940010904,0.1801124526,,,,,0.8272014406,0.1567492539,,,,,0.7932075807,0.1887091339,,,,,0.7262992421,0.2487326414,0.5,,,0.8453870888,0.6730734029,0.9453202788,0.7411812135,0.1567492539,63.72919631,,,,,,,,,,0.772,0.7713331684,0.851,0.8453870888,0.865,0.8608706406,0.833,0.830126144,0.894286421,,,,,,,,,,0.705,0.7058392824,0.687,0.6730734029,0.609,0.5993044115,0.516,0.5215083288,0.9081090976,,,,,,,,,
qqp-rte,qqp,rte,,,,,0.8100249851,0.1480662228,,,,,0.8681187399,0.06674996583,,,,,0.8835941473,0.04115255462,,,,,0.8611345269,0.04978312932,0.7,,,0.873287163,0.5776173285,0.9765184202,0.9411764706,0.04115255462,54.33226705,,,,,,,,,,0.723,0.7294088548,0.822,0.8275043285,0.88,0.873287163,0.908,0.8894138016,0.894286421,,,,,,,,,,,,,,,,,,,0.656,0.5451263538,0.663,0.5776173285,0.638,0.5776173285,0.579,0.5559566787,0.6137184116
mnli-qnli,mnli,qnli,,,,,0.7597764566,0.2311391896,,,,,0.8291065527,0.1453951272,,,,,0.808736557,0.1659504982,,,,,0.7713479007,0.2114658563,0.5,,,0.7565970453,0.7008969431,0.9373895481,0.7718201975,0.1453951272,30.38645744,,,,,,,,,,,,,,,,,,,0.626,0.6115129903,0.754,0.7565970453,0.795,0.7917473255,0.794,0.7831889964,0.8071319409,0.711,0.7084019769,0.695,0.7008969431,0.61,0.6240161084,0.541,0.5509793154,0.9081090976,,,,,,,,,
mnli-rte,mnli,rte,,,,,0.7876291027,0.1789447109,,,,,0.9119634168,-0.007788437263,,,,,0.9356860445,-0.04298157031,,,,,0.9455658176,-0.04779096188,1,,,0.8035659705,0.6750902527,0.9955819238,1.1,-0.04779096188,20.94475532,,,,,,,,,,,,,,,,,,,0.584,0.5752419766,0.758,0.7532348446,0.797,0.8052980132,0.808,0.8035659705,0.8071319409,,,,,,,,,,0.678,0.5703971119,0.707,0.6642599278,0.707,0.6678700361,0.712,0.6750902527,0.6137184116
qnli-rte,qnli,rte,,,,,0.8325940451,0.0945557703,,,,,0.8917910448,0.03883052516,,,,,0.8935520104,0.02816557383,,,,,0.8945514773,0.0589059369,1,,,0.9026176094,0.5451263538,0.9939528321,0.8882352941,0.0589059369,17.23210907,,,,,,,,,,,,,,,,,,,,,,,,,,,,0.74,0.7417170053,0.869,0.8749771188,0.907,0.8996888157,0.934,0.9026176094,0.9081090976,0.687,0.6101083032,0.672,0.5884476534,0.643,0.5848375451,0.622,0.5451263538,0.6137184116
