pair,t1,t2,O_A,O_B,mean_theta_min_A_deg,min_theta_min_A_deg,n_layers_theta_min_lt30_A,mean_theta_min_B_deg,n_layers_theta_min_lt30_B,null_z_O_A,tv_cosine,sign_conflict_top20,sign_conflict_all,norm_ratio,tvnorm_t1,tvnorm_t2,n_layers
cola-sst2,cola,sst2,0.02145499892,0.02145499892,75.55661681,57.96765447,0,75.55661681,0,63.41152645,0.00102892518,0.4984808862,0.4997763932,1.277058813,32.44862366,41.43880081,73
cola-mrpc,cola,mrpc,0.02567204953,0.02567204953,74.16598553,55.38627699,0,74.16598553,0,85.10421956,0.001229051617,0.4984276295,0.4997937083,1.547205273,32.44862366,20.9724102,73
cola-qqp,cola,qqp,0.01667459438,0.01667459438,77.301628,62.49242643,0,77.301628,0,38.82091601,0.0003662965028,0.499273777,0.4998042285,3.026243879,32.44862366,98.19744873,73
cola-mnli,cola,mnli,0.01284435369,0.01284435369,78.52461168,65.04834438,0,78.52461168,0,19.11799009,0.0001200061597,0.5001071095,0.4998806417,4.84394981,32.44862366,157.1795044,73
cola-qnli,cola,qnli,0.01941580194,0.01941580194,76.43512331,54.05869948,0,76.43512331,0,52.92180783,0.0007809098461,0.4990766644,0.4996694326,1.670513973,32.44862366,54.20587921,73
cola-rte,cola,rte,0.02221481122,0.02221481122,75.46806003,44.33842455,0,75.46806003,0,67.32003423,0.0008476393414,0.4988864362,0.4995718598,2.87484107,32.44862366,11.28710175,73
sst2-mrpc,sst2,mrpc,0.02047821761,0.02047821761,75.81909529,57.70512715,0,75.81909529,0,58.38692057,0.0005022885744,0.499155134,0.4997088909,1.97587213,41.43880081,20.9724102,73
sst2-qqp,sst2,qqp,0.01634066328,0.01634066328,77.52552742,68.12226979,0,77.52552742,0,37.10315983,0.00105192652,0.4986601472,0.4997296631,2.369698128,41.43880081,98.19744873,73
sst2-mnli,sst2,mnli,0.01412561229,0.01412561229,78.02845452,65.84419968,0,78.02845452,0,25.70884048,0.001529149595,0.4976066351,0.4995317459,3.793051471,41.43880081,157.1795044,73
sst2-qnli,sst2,qnli,0.01783248826,0.01783248826,76.83502673,58.19426867,0,76.83502673,0,44.77717286,0.0009405620513,0.4984960854,0.4998072982,1.308094784,41.43880081,54.20587921,73
sst2-rte,sst2,rte,0.0184779406,0.0184779406,76.6741989,54.80730308,0,76.6741989,0,48.09740798,0.0007582239341,0.4988538325,0.4997764528,3.671341124,41.43880081,11.28710175,73
mrpc-qqp,mrpc,qqp,0.02014507939,0.02014507939,75.97872125,65.79564361,0,75.97872125,0,56.67324296,0.001627762918,0.4974046946,0.4994309545,4.682220488,20.9724102,98.19744873,73
mrpc-mnli,mrpc,mnli,0.01382835788,0.01382835788,78.28209591,69.55668267,0,78.28209591,0,24.17975074,0.000670150097,0.4990484715,0.4997138977,7.494584689,20.9724102,157.1795044,73
mrpc-qnli,mrpc,qnli,0.0236867411,0.0236867411,74.78503633,61.04528731,0,74.78503633,0,74.89170601,0.001540641882,0.4974819124,0.4996422529,2.584628027,20.9724102,54.20587921,73
mrpc-rte,mrpc,rte,0.03179717518,0.03179717518,72.00502847,52.97718679,0,72.00502847,0,116.6121343,0.00324672088,0.4957705438,0.4990912676,1.858086396,20.9724102,11.28710175,73
qqp-mnli,qqp,mnli,0.01572286058,0.01572286058,77.03580084,59.69289463,0,77.03580084,0,33.92515565,0.002845439827,0.4960475564,0.4990775585,1.600647536,98.19744873,157.1795044,73
qqp-qnli,qqp,qnli,0.02097757904,0.02097757904,75.34561167,54.71743957,0,75.34561167,0,60.95565765,0.002874370199,0.4959461391,0.4991670549,1.811564542,98.19744873,54.20587921,73
qqp-rte,qqp,rte,0.01933250024,0.01933250024,76.41677526,64.51119953,0,76.41677526,0,52.49330025,0.0008879418601,0.498788476,0.4997998774,8.699970191,98.19744873,11.28710175,73
mnli-qnli,mnli,qnli,0.015707054,0.015707054,77.32879073,66.50200307,0,77.32879073,0,33.84384593,0.001994565129,0.4972569346,0.4995080829,2.899676321,157.1795044,54.20587921,73
mnli-rte,mnli,rte,0.01327470982,0.01327470982,78.45962121,69.86180861,0,78.45962121,0,21.33176087,0.0006228743005,0.4990794063,0.4998298585,13.92558585,157.1795044,11.28710175,73
qnli-rte,qnli,rte,0.02338430214,0.02338430214,74.67962235,53.67906689,0,74.67962235,0,73.33594674,0.001891196705,0.4971956909,0.4995287061,4.802462176,54.20587921,11.28710175,73
