pair,t1,t2,t1_task,t2_task,t1_seed,t2_seed,O_A,O_B,tv_cosine,mean_theta_min_A_deg,min_theta_min_A_deg,n_layers_theta_min_lt30_A,mean_theta_min_B_deg,null_z_O_A,sign_conflict_top20,sign_conflict_all,norm_ratio,tvnorm_t1,tvnorm_t2,same_type,n_layers
cola@s0__sst2@s0,cola@s0,sst2@s0,cola,sst2,0,0,0.01711932498,0.01711932498,0.001211556383,77.02733397,60.55158562,0,77.02733397,41.10862972,0.4981104298,0.4995736308,1.483668944,72.68933838,107.8469139,False,73
cola@s0__mrpc@s0,cola@s0,mrpc@s0,cola,mrpc,0,0,0.01797916719,0.01797916719,0.001504954266,76.91556894,56.40309727,0,76.91556894,45.53169572,0.497853169,0.4994013117,1.605236992,72.68933838,45.28262102,False,73
cola@s0__stsb@s0,cola@s0,stsb@s0,cola,stsb,0,0,0.01750892911,0.01750892911,0.0004039541808,76.9141782,60.81437965,0,76.9141782,43.11277041,0.4995569339,0.4996387642,1.299912648,72.68933838,55.91863308,False,73
cola@s0__mnli@s0,cola@s0,mnli@s0,cola,mnli,0,0,0.01294775021,0.01294775021,0.0005275837244,78.68967753,60.33227289,0,78.68967753,19.6498663,0.4991848589,0.499739975,2.385414771,72.68933838,173.3942214,False,73
cola@s0__qnli@s0,cola@s0,qnli@s0,cola,qnli,0,0,0.0157221817,0.0157221817,0.000714018438,77.50268321,59.23189628,0,77.50268321,33.92166347,0.4987921234,0.499570468,1.472966376,72.68933838,107.0689514,False,73
cola@s0__rte@s0,cola@s0,rte@s0,cola,rte,0,0,0.01927391877,0.01927391877,0.001419430253,76.66204352,51.91676881,0,76.66204352,52.19195458,0.4978153647,0.4993431646,2.249316791,72.68933838,32.31618538,False,73
cola@s0__wic@s0,cola@s0,wic@s0,cola,wic,0,0,0.01797664822,0.01797664822,0.0008813448519,77.0405202,55.46735415,0,77.0405202,45.51873801,0.4984896816,0.4996785482,1.18282322,72.68933838,61.45410164,False,73
cola@s0__snli@s0,cola@s0,snli@s0,cola,snli,0,0,0.01504520669,0.01504520669,0.0007174628492,77.90899846,63.22119461,0,77.90899846,30.43927437,0.4991888254,0.4997870025,1.438708798,72.68933838,104.5787906,False,73
cola@s0__scitail@s0,cola@s0,scitail@s0,cola,scitail,0,0,0.01661178502,0.01661178502,0.0004728627754,77.63331507,62.89461575,0,77.63331507,38.4978219,0.4992489405,0.4997775081,1.09909989,72.68933838,66.13533405,False,73
cola@s0__ag_news@s0,cola@s0,ag_news@s0,cola,ag_news,0,0,0.01600335707,0.01600335707,0.0005866150932,77.54646943,50.96866004,0,77.54646943,35.3680419,0.4987597387,0.4998430274,1.521177651,72.68933838,110.573397,False,73
cola@s0__imdb@s0,cola@s0,imdb@s0,cola,imdb,0,0,0.0174254519,0.0174254519,0.0007598704926,76.79087212,57.24158834,0,76.79087212,42.68336003,0.4990899855,0.4996591034,1.140284539,72.68933838,63.74666662,False,73
cola@s0__trec@s0,cola@s0,trec@s0,cola,trec,0,0,0.01858611275,0.01858611275,0.001195145178,76.67276265,60.32515516,0,76.67276265,48.65385029,0.4984579867,0.4997296447,1.441456286,72.68933838,50.42770916,False,73
cola@s0__yelp_polarity@s0,cola@s0,yelp_polarity@s0,cola,yelp_polarity,0,0,0.01621106457,0.01621106457,0.0007833038009,77.27095667,58.48309702,0,77.27095667,36.43649835,0.4986440023,0.4996104741,1.374575354,72.68933838,99.91697303,False,73
sst2@s0__mrpc@s0,sst2@s0,mrpc@s0,sst2,mrpc,0,0,0.01586210825,0.01586210825,0.0009494489809,77.59234549,61.78046872,0,77.59234549,34.64145175,0.498427227,0.4996324152,2.381640274,107.8469139,45.28262102,False,73
sst2@s0__stsb@s0,sst2@s0,stsb@s0,sst2,stsb,0,0,0.01593962822,0.01593962822,0.001367524979,77.51069499,64.68965964,0,77.51069499,35.04021789,0.498162095,0.499727312,1.928640026,107.8469139,55.91863308,False,73
sst2@s0__mnli@s0,sst2@s0,mnli@s0,sst2,mnli,0,0,0.01383671936,0.01383671936,0.0007998696455,78.20811253,64.58661641,0,78.20811253,24.22276259,0.4988161419,0.4997269612,1.607781021,107.8469139,173.3942214,False,73
sst2@s0__qnli@s0,sst2@s0,qnli@s0,sst2,qnli,0,0,0.01485736511,0.01485736511,0.0007113794769,77.908331,60.56692695,0,77.908331,29.47300901,0.4989871708,0.4998055469,1.007265996,107.8469139,107.0689514,False,73
sst2@s0__rte@s0,sst2@s0,rte@s0,sst2,rte,0,0,0.01595033956,0.01595033956,0.001415837177,77.78640345,62.75800035,0,77.78640345,35.09531749,0.4981004162,0.4994018613,3.337241468,107.8469139,32.31618538,False,73
sst2@s0__wic@s0,sst2@s0,wic@s0,sst2,wic,0,0,0.01446644992,0.01446644992,0.0006307458872,78.16099389,62.12214253,0,78.16099389,27.46212414,0.499091912,0.4996910241,1.754918078,107.8469139,61.45410164,False,73
sst2@s0__snli@s0,sst2@s0,snli@s0,sst2,snli,0,0,0.0149980966,0.0149980966,0.001090960525,77.71456902,59.3209421,0,77.71456902,30.196938,0.4984592051,0.4997167653,1.031250345,107.8469139,104.5787906,False,73
sst2@s0__scitail@s0,sst2@s0,scitail@s0,sst2,scitail,0,0,0.01545044603,0.01545044603,0.001196363991,77.88460349,59.42909796,0,77.88460349,32.52384327,0.4985264976,0.499701448,1.630700374,107.8469139,66.13533405,False,73
sst2@s0__ag_news@s0,sst2@s0,ag_news@s0,sst2,ag_news,0,0,0.01528940775,0.01528940775,0.0005347706503,77.909436,57.7768732,0,77.909436,31.69545527,0.4994881458,0.4998644248,1.025281048,107.8469139,110.573397,False,73
sst2@s0__imdb@s0,sst2@s0,imdb@s0,sst2,imdb,0,0,0.02231601085,0.02231601085,0.007074820459,75.01057048,51.06675261,0,75.01057048,67.84060954,0.4909040694,0.4973727989,1.691804759,107.8469139,63.74666662,True,73
sst2@s0__trec@s0,sst2@s0,trec@s0,sst2,trec,0,0,0.01661306223,0.01661306223,0.0007146963782,77.33736459,55.82212816,0,77.33736459,38.50439194,0.498616468,0.4998727382,2.138643927,107.8469139,50.42770916,False,73
sst2@s0__yelp_polarity@s0,sst2@s0,yelp_polarity@s0,sst2,yelp_polarity,0,0,0.02186218777,0.02186218777,0.005815261634,75.14085165,49.98133003,0,75.14085165,65.50612372,0.4925337389,0.4976342796,1.079365304,107.8469139,99.91697303,True,73
mrpc@s0__stsb@s0,mrpc@s0,stsb@s0,mrpc,stsb,0,0,0.02466934252,0.02466934252,0.006357422502,74.43411613,54.35939997,0,74.43411613,79.94625077,0.4904510004,0.4980448171,1.234880663,45.28262102,55.91863308,False,73
mrpc@s0__mnli@s0,mrpc@s0,mnli@s0,mrpc,mnli,0,0,0.01379341245,0.01379341245,0.001014671257,78.23450217,65.2383113,0,78.23450217,23.99998992,0.4985933397,0.4996587761,3.829156032,45.28262102,173.3942214,False,73
mrpc@s0__qnli@s0,mrpc@s0,qnli@s0,mrpc,qnli,0,0,0.01887241013,0.01887241013,0.001569825816,76.44756687,63.12701722,0,76.44756687,50.12657654,0.4976264057,0.4995204531,2.364460116,45.28262102,107.0689514,False,73
mrpc@s0__rte@s0,mrpc@s0,rte@s0,mrpc,rte,0,0,0.02549808465,0.02549808465,0.005463222375,74.72123063,54.07253438,0,74.72123063,84.2093366,0.4920525603,0.4985142616,1.401236578,45.28262102,32.31618538,False,73
mrpc@s0__wic@s0,mrpc@s0,wic@s0,mrpc,wic,0,0,0.02166112146,0.02166112146,0.002073586286,75.48304688,53.37364687,0,75.48304688,64.4718298,0.4970468641,0.4989713296,1.357123335,45.28262102,61.45410164,False,73
mrpc@s0__snli@s0,mrpc@s0,snli@s0,mrpc,snli,0,0,0.01667848777,0.01667848777,0.001268987939,77.20626974,61.64526142,0,77.20626974,38.84094377,0.4982546681,0.4995697372,2.309468584,45.28262102,104.5787906,False,73
mrpc@s0__scitail@s0,mrpc@s0,scitail@s0,mrpc,scitail,0,0,0.02366445755,0.02366445755,0.005651665419,74.8962717,45.05978704,0,74.8962717,74.77707845,0.4920526807,0.497866868,1.460501459,45.28262102,66.13533405,False,73
mrpc@s0__ag_news@s0,mrpc@s0,ag_news@s0,mrpc,ag_news,0,0,0.01677815592,0.01677815592,6.014883915e-05,77.44147158,59.32753356,0,77.44147158,39.35364111,0.5000274673,0.4999944753,2.441850637,45.28262102,110.573397,False,73
mrpc@s0__imdb@s0,mrpc@s0,imdb@s0,mrpc,imdb,0,0,0.01813867036,0.01813867036,0.001281416401,76.64642525,53.74705045,0,76.64642525,46.35218703,0.4982133834,0.4995318475,1.407751256,45.28262102,63.74666662,False,73
mrpc@s0__trec@s0,mrpc@s0,trec@s0,mrpc,trec,0,0,0.01719416381,0.01719416381,0.0003099632744,76.96945396,56.69589638,0,76.96945396,41.49360394,0.4991342311,0.4999955393,1.113621695,45.28262102,50.42770916,False,73
mrpc@s0__yelp_polarity@s0,mrpc@s0,yelp_polarity@s0,mrpc,yelp_polarity,0,0,0.01679161838,0.01679161838,0.000919193914,77.311671,65.16722663,0,77.311671,39.42289261,0.498792211,0.4996361217,2.206519207,45.28262102,99.91697303,False,73
stsb@s0__mnli@s0,stsb@s0,mnli@s0,stsb,mnli,0,0,0.01471934143,0.01471934143,0.001612149642,77.89231992,56.50236017,0,77.89231992,28.76300917,0.4979272632,0.4994304905,3.10083083,55.91863308,173.3942214,False,73
stsb@s0__qnli@s0,stsb@s0,qnli@s0,stsb,qnli,0,0,0.02056565222,0.02056565222,0.002979121832,75.8531345,56.91628486,0,75.8531345,58.83668806,0.4960185853,0.4987952221,1.914727622,55.91863308,107.0689514,False,73
stsb@s0__rte@s0,stsb@s0,rte@s0,stsb,rte,0,0,0.0248240182,0.0248240182,0.004812389606,74.80706619,49.71237706,0,74.80706619,80.74190923,0.4927034027,0.4986342507,1.730359955,55.91863308,32.31618538,False,73
stsb@s0__wic@s0,stsb@s0,wic@s0,stsb,wic,0,0,0.02168990764,0.02168990764,0.002231553766,75.49417083,53.73445711,0,75.49417083,64.61990717,0.4967487668,0.4992926996,1.098991486,55.91863308,61.45410164,False,73
stsb@s0__snli@s0,stsb@s0,snli@s0,stsb,snli,0,0,0.01987302061,0.01987302061,0.00346864025,75.80358853,55.04231687,0,75.80358853,55.27376071,0.4948304354,0.4990843089,1.870195763,55.91863308,104.5787906,False,73
stsb@s0__scitail@s0,stsb@s0,scitail@s0,stsb,scitail,0,0,0.02286487517,0.02286487517,0.005127527413,74.87895605,56.19391877,0,74.87895605,70.66399166,0.4923228226,0.4984159623,1.182706558,55.91863308,66.13533405,False,73
stsb@s0__ag_news@s0,stsb@s0,ag_news@s0,stsb,ag_news,0,0,0.01615707749,0.01615707749,0.0008441820412,77.67756437,66.28972041,0,77.67756437,36.15878646,0.498703427,0.4995306314,1.977398067,55.91863308,110.573397,False,73
stsb@s0__imdb@s0,stsb@s0,imdb@s0,stsb,imdb,0,0,0.01670074871,0.01670074871,0.0005610765188,77.36920411,64.73559714,0,77.36920411,38.95545505,0.4992774707,0.4997706095,1.139989715,55.91863308,63.74666662,False,73
stsb@s0__trec@s0,stsb@s0,trec@s0,stsb,trec,0,0,0.01791616283,0.01791616283,0.0007138976763,76.62940259,62.85830244,0,76.62940259,45.20759855,0.498682088,0.4999218762,1.108887039,55.91863308,50.42770916,False,73
stsb@s0__yelp_polarity@s0,stsb@s0,yelp_polarity@s0,stsb,yelp_polarity,0,0,0.01489399676,0.01489399676,0.0005090911761,77.97795754,65.69965727,0,77.97795754,29.66144382,0.4991782834,0.4997563563,1.786827888,55.91863308,99.91697303,False,73
mnli@s0__qnli@s0,mnli@s0,qnli@s0,mnli,qnli,0,0,0.01680430084,0.01680430084,0.003647957183,76.42848945,54.09516405,0,76.42848945,39.48813174,0.4949958978,0.4988784497,1.619463152,173.3942214,107.0689514,True,73
mnli@s0__rte@s0,mnli@s0,rte@s0,mnli,rte,0,0,0.01410434054,0.01410434054,0.001955011554,78.26112865,63.12238551,0,78.26112865,25.59941767,0.49660953,0.4995384012,5.365553496,173.3942214,32.31618538,True,73
mnli@s0__wic@s0,mnli@s0,wic@s0,mnli,wic,0,0,0.01385878678,0.01385878678,0.000517623157,78.42777206,49.69900826,0,78.42777206,24.33627836,0.4990106423,0.4998944922,2.82152398,173.3942214,61.45410164,False,73
mnli@s0__snli@s0,mnli@s0,snli@s0,mnli,snli,0,0,0.01742926075,0.01742926075,0.004589615125,76.29867537,56.43128597,0,76.29867537,42.70295291,0.4930857793,0.4987125674,1.658024733,173.3942214,104.5787906,True,73
mnli@s0__scitail@s0,mnli@s0,scitail@s0,mnli,scitail,0,0,0.01423255533,0.01423255533,0.001603765262,78.05446101,66.20512475,0,78.05446101,26.25896015,0.4973331083,0.4995775011,2.621809112,173.3942214,66.13533405,True,73
mnli@s0__ag_news@s0,mnli@s0,ag_news@s0,mnli,ag_news,0,0,0.01229066147,0.01229066147,0.0005852356357,78.98095702,60.62907484,0,78.98095702,16.26977306,0.4992709008,0.4998141058,1.568136877,173.3942214,110.573397,False,73
mnli@s0__imdb@s0,mnli@s0,imdb@s0,mnli,imdb,0,0,0.01367291608,0.01367291608,0.0004858043529,78.26607353,65.19762708,0,78.26607353,23.38015131,0.4993274046,0.4999240978,2.720051583,173.3942214,63.74666662,False,73
mnli@s0__trec@s0,mnli@s0,trec@s0,mnli,trec,0,0,0.01225268024,0.01225268024,0.0007146302042,79.13021772,70.35810188,0,79.13021772,16.07439593,0.4987583366,0.4997577945,3.438471117,173.3942214,50.42770916,False,73
mnli@s0__yelp_polarity@s0,mnli@s0,yelp_polarity@s0,mnli,yelp_polarity,0,0,0.0135899693,0.0135899693,0.001292855813,78.19522775,59.38152775,0,78.19522775,22.95346944,0.4980309305,0.4996691532,1.73538305,173.3942214,99.91697303,False,73
qnli@s0__rte@s0,qnli@s0,rte@s0,qnli,rte,0,0,0.0206043639,0.0206043639,0.004158415417,75.95844611,53.2094593,0,75.95844611,59.03582264,0.4939142924,0.4985593247,3.313168003,107.0689514,32.31618538,True,73
qnli@s0__wic@s0,qnli@s0,wic@s0,qnli,wic,0,0,0.01867682473,0.01867682473,0.0008560427876,76.55136854,55.45350537,0,76.55136854,49.12047668,0.4984936882,0.4996749644,1.742258832,107.0689514,61.45410164,False,73
qnli@s0__snli@s0,qnli@s0,snli@s0,qnli,snli,0,0,0.01711287006,0.01711287006,0.002103873281,76.60677135,56.46511129,0,76.60677135,41.07542533,0.4970393565,0.4992760201,1.023811336,107.0689514,104.5787906,True,73
qnli@s0__scitail@s0,qnli@s0,scitail@s0,qnli,scitail,0,0,0.01923328213,0.01923328213,0.002582538899,76.31124312,60.17432831,0,76.31124312,51.98291791,0.496091171,0.4992595219,1.618937182,107.0689514,66.13533405,True,73
qnli@s0__ag_news@s0,qnli@s0,ag_news@s0,qnli,ag_news,0,0,0.01409628724,0.01409628724,0.0007951228789,78.27197669,63.67169893,0,78.27197669,25.55799111,0.4989943223,0.4997389812,1.032730736,107.0689514,110.573397,False,73
qnli@s0__imdb@s0,qnli@s0,imdb@s0,qnli,imdb,0,0,0.0158187157,0.0158187157,0.0009206029506,77.68213155,60.21537143,0,77.68213155,34.41823858,0.4985510154,0.4997201094,1.679600786,107.0689514,63.74666662,False,73
qnli@s0__trec@s0,qnli@s0,trec@s0,qnli,trec,0,0,0.01545643084,0.01545643084,0.001524959205,77.70840739,69.05074269,0,77.70840739,32.55462938,0.4972467354,0.4996332454,2.123216643,107.0689514,50.42770916,False,73
qnli@s0__yelp_polarity@s0,qnli@s0,yelp_polarity@s0,qnli,yelp_polarity,0,0,0.0146087174,0.0146087174,0.0004784712287,77.98045614,61.02283306,0,77.98045614,28.1939543,0.4992532314,0.4998404141,1.071579213,107.0689514,99.91697303,False,73
rte@s0__wic@s0,rte@s0,wic@s0,rte,wic,0,0,0.02338332921,0.02338332921,0.002870348002,75.21871765,53.1428722,0,75.21871765,73.33094195,0.4963373558,0.4990563813,1.901650858,32.31618538,61.45410164,False,73
rte@s0__snli@s0,rte@s0,snli@s0,rte,snli,0,0,0.01811307861,0.01811307861,0.002907777617,77.02806506,61.1476432,0,77.02806506,46.22054192,0.4959435888,0.4992029066,3.236111856,32.31618538,104.5787906,True,73
rte@s0__scitail@s0,rte@s0,scitail@s0,rte,scitail,0,0,0.02324511211,0.02324511211,0.004622164918,75.20345457,55.67122345,0,75.20345457,72.61994713,0.4930268098,0.4985341974,2.046508066,32.31618538,66.13533405,True,73
rte@s0__ag_news@s0,rte@s0,ag_news@s0,rte,ag_news,0,0,0.01851180623,0.01851180623,0.000564158758,76.91431896,51.34422373,0,76.91431896,48.27161425,0.4994073603,0.4998679033,3.421610431,32.31618538,110.573397,False,73
rte@s0__imdb@s0,rte@s0,imdb@s0,rte,imdb,0,0,0.01926607071,0.01926607071,0.002359923417,76.65446374,52.33691344,0,76.65446374,52.1515838,0.4971993465,0.4990840926,1.972592553,32.31618538,63.74666662,False,73
rte@s0__trec@s0,rte@s0,trec@s0,rte,trec,0,0,0.01876968494,0.01876968494,0.0007065702758,76.63289642,57.08491088,0,76.63289642,49.59815365,0.4987726411,0.4997746318,1.560447453,32.31618538,50.42770916,False,73
rte@s0__yelp_polarity@s0,rte@s0,yelp_polarity@s0,rte,yelp_polarity,0,0,0.01691988552,0.01691988552,0.0006901288665,77.28571462,61.91466857,0,77.28571462,40.08270438,0.4983683527,0.5000744874,3.091855423,32.31618538,99.91697303,False,73
wic@s0__snli@s0,wic@s0,snli@s0,wic,snli,0,0,0.01664272635,0.01664272635,0.00137862745,77.37730175,64.84793901,0,77.37730175,38.65698549,0.4977192574,0.4995911404,1.701738173,61.45410164,104.5787906,False,73
wic@s0__scitail@s0,wic@s0,scitail@s0,wic,scitail,0,0,0.0204192579,0.0204192579,0.001391054248,76.32151106,59.26392384,0,76.32151106,58.08362923,0.4978331015,0.4993536763,1.07617445,61.45410164,66.13533405,False,73
wic@s0__ag_news@s0,wic@s0,ag_news@s0,wic,ag_news,0,0,0.01641771814,0.01641771814,7.008750858e-05,77.5659427,52.14880618,0,77.5659427,37.49953337,0.4997837957,0.5000185795,1.799284247,61.45410164,110.573397,False,73
wic@s0__imdb@s0,wic@s0,imdb@s0,wic,imdb,0,0,0.01645015155,0.01645015155,0.0004063732784,77.62308091,57.65515875,0,77.62308091,37.66637226,0.4991696211,0.500002245,1.037305321,61.45410164,63.74666662,False,73
wic@s0__trec@s0,wic@s0,trec@s0,wic,trec,0,0,0.01819255201,0.01819255201,0.001100754429,76.69128778,62.74102952,0,76.69128778,46.62935658,0.4980143714,0.4997592385,1.218657414,61.45410164,50.42770916,False,73
wic@s0__yelp_polarity@s0,wic@s0,yelp_polarity@s0,wic,yelp_polarity,0,0,0.01504431334,0.01504431334,0.000803416051,77.99156307,61.19545819,0,77.99156307,30.4346789,0.4988403894,0.4996263058,1.625879646,61.45410164,99.91697303,False,73
snli@s0__scitail@s0,snli@s0,scitail@s0,snli,scitail,0,0,0.01813277263,0.01813277263,0.001999611529,77.02227887,61.15466424,0,77.02227887,46.32184883,0.4971426976,0.4994321275,1.581284681,104.5787906,66.13533405,True,73
snli@s0__ag_news@s0,snli@s0,ag_news@s0,snli,ag_news,0,0,0.01511416585,0.01511416585,0.0009382084005,77.97359702,57.08812308,0,77.97359702,30.79400331,0.4986336394,0.4996250722,1.057321435,104.5787906,110.573397,False,73
snli@s0__imdb@s0,snli@s0,imdb@s0,snli,imdb,0,0,0.01478967738,0.01478967738,0.001025924259,78.07917945,59.45168522,0,78.07917945,29.1248204,0.4986501479,0.4996455225,1.640537399,104.5787906,63.74666662,False,73
snli@s0__trec@s0,snli@s0,trec@s0,snli,trec,0,0,0.01579039982,0.01579039982,0.000414350554,77.66362416,54.16868089,0,77.66362416,34.27258048,0.4992912144,0.4997815538,2.073835841,104.5787906,50.42770916,False,73
snli@s0__yelp_polarity@s0,snli@s0,yelp_polarity@s0,snli,yelp_polarity,0,0,0.01503433543,0.01503433543,0.001380185377,77.65986493,62.88544993,0,77.65986493,30.38335211,0.4975873825,0.4996997292,1.046656914,104.5787906,99.91697303,False,73
scitail@s0__ag_news@s0,scitail@s0,ag_news@s0,scitail,ag_news,0,0,0.01609752217,0.01609752217,0.0004459986573,77.61748228,58.98784134,0,77.61748228,35.85243129,0.4994819963,0.4998291542,1.671926188,66.13533405,110.573397,False,73
scitail@s0__imdb@s0,scitail@s0,imdb@s0,scitail,imdb,0,0,0.01675537131,0.01675537131,0.000998930299,77.24358979,54.59834278,0,77.24358979,39.2364361,0.4986577137,0.4997469087,1.037471252,66.13533405,63.74666662,False,73
scitail@s0__trec@s0,scitail@s0,trec@s0,scitail,trec,0,0,0.01742348504,0.01742348504,0.0003002790903,76.97800901,53.72134262,0,76.97800901,42.67324241,0.4992886788,0.499622535,1.311487973,66.13533405,50.42770916,False,73
scitail@s0__yelp_polarity@s0,scitail@s0,yelp_polarity@s0,scitail,yelp_polarity,0,0,0.01525544967,0.01525544967,0.0009181216577,77.83088977,61.71034493,0,77.83088977,31.52077345,0.4982352072,0.4996500943,1.51079562,66.13533405,99.91697303,False,73
ag_news@s0__imdb@s0,ag_news@s0,imdb@s0,ag_news,imdb,0,0,0.0167123451,0.0167123451,0.0008339093837,77.45761222,56.95937403,0,77.45761222,39.01510739,0.4983109392,0.4998839981,1.734575357,110.573397,63.74666662,False,73
ag_news@s0__trec@s0,ag_news@s0,trec@s0,ag_news,trec,0,0,0.01807104299,0.01807104299,0.0007505750452,77.06780456,46.04754607,0,77.06780456,46.00430888,0.4990121326,0.4998268449,2.192711087,110.573397,50.42770916,False,73
ag_news@s0__yelp_polarity@s0,ag_news@s0,yelp_polarity@s0,ag_news,yelp_polarity,0,0,0.01550149697,0.01550149697,0.0003997005641,77.80988156,64.60324301,0,77.80988156,32.78645155,0.4992926227,0.4997197878,1.10665279,110.573397,99.91697303,False,73
imdb@s0__trec@s0,imdb@s0,trec@s0,imdb,trec,0,0,0.01694492675,0.01694492675,0.0005566471474,77.47521752,54.54671254,0,77.47521752,40.21151758,0.4992530112,0.4997981046,1.26411982,63.74666662,50.42770916,False,73
imdb@s0__yelp_polarity@s0,imdb@s0,yelp_polarity@s0,imdb,yelp_polarity,0,0,0.02766628001,0.02766628001,0.0135481349,73.44334962,51.91443379,0,73.44334962,95.36262855,0.4827675112,0.4953229998,1.567407024,63.74666662,99.91697303,True,73
trec@s0__yelp_polarity@s0,trec@s0,yelp_polarity@s0,trec,yelp_polarity,0,0,0.0153117798,0.0153117798,0.001038401607,77.74255294,62.76039911,0,77.74255294,31.8105381,0.4982930527,0.4996910358,1.981390285,50.42770916,99.91697303,False,73
