pop,pair,task1,task2,lam_sel,D,lam_W1_lam1.0,lam_fixed_lam0.7,lam_W2_lam0.5,lam_U1_agree,lam_Lcal_labeled_ref,lam_evalopt_test,regret_W1_lam1.0,regret_fixed_lam0.7,regret_W2_lam0.5,regret_U1_agree,regret_Lcal_labeled_ref,regret_evalopt_test,M3_Dhat_U
R0,cola@s0__sst2@s0,cola,sst2,0.7,0.01111171322513338,1.0,0.7,0.5,0.5,1.0,1.0,-0.5513675092458259,0.0,1.0408779987563177,1.0408779987563177,-0.5513675092458259,-0.5513675092458259,0.0675
R0,cola@s0__mrpc@s0,cola,mrpc,0.7,0.029636759081022923,1.0,0.7,0.5,0.7,0.7,0.7,1.869211869211851,0.0,1.1982611982611857,0.0,0.0,0.0,0.06999999999999995
R0,cola@s0__stsb@s0,cola,stsb,0.7,0.009979293014726887,1.0,0.7,0.5,0.7,0.7,0.7,1.1166159789041785,0.0,2.067822524539653,0.0,0.0,0.0,0.03416335408385207
R0,cola@s0__mnli@s0,cola,mnli,1.0,0.04142910583520809,1.0,0.7,0.5,1.3,1.3,1.3,0.7589653513310424,3.1878489088668194,6.4775281269155105,0.0,0.0,0.0,0.11499999999999999
R0,cola@s0__qnli@s0,cola,qnli,0.7,0.03242006861916358,1.0,0.7,0.5,1.0,1.0,1.3,-1.00030471289273,0.0,2.018707524869501,-1.00030471289273,-1.00030471289273,-1.1518916822613967,0.06499999999999995
R0,cola@s0__rte@s0,cola,rte,1.0,0.05813689264755273,1.0,0.7,0.5,1.0,1.0,1.0,0.0,2.3426573426573283,8.531468531468533,0.0,0.0,0.0,0.13956521739130434
R0,cola@s0__wic@s0,cola,wic,0.7,0.025248477859327823,1.0,0.7,0.5,0.7,0.7,0.7,0.8599213286713203,0.0,1.9656905594405583,0.0,0.0,0.0,0.11499999999999999
R0,cola@s0__snli@s0,cola,snli,1.0,0.015302133556315933,1.0,0.7,0.5,1.0,1.0,1.0,0.0,1.4978282191396963,3.44126956831875,0.0,0.0,0.0,0.05499999999999994
R0,cola@s0__scitail@s0,cola,scitail,0.7,-0.002383107088989478,1.0,0.7,0.5,0.7,0.7,0.7,0.9781784480579758,0.0,1.139944392956449,0.0,0.0,0.0,0.025000000000000022
R0,cola@s0__ag_news@s0,cola,ag_news,1.0,0.0027676191656852422,1.0,0.7,0.5,0.7,0.7,1.0,0.0,0.26875536743959927,1.7275487670224576,0.26875536743959927,0.26875536743959927,0.0,0.030000000000000027
R0,cola@s0__imdb@s0,cola,imdb,0.7,-0.00010097227640626372,1.0,0.7,0.5,0.7,1.0,0.7,0.32998251748251883,0.0,1.4532342657342712,0.0,0.32998251748251883,0.0,0.03500000000000003
R0,cola@s0__trec@s0,cola,trec,1.0,-0.0015923049049031412,1.0,0.7,0.5,1.0,1.0,1.0,0.0,0.7692307692307665,2.829756450446097,0.0,0.0,0.0,0.03499999999999992
R0,cola@s0__yelp_polarity@s0,cola,yelp_polarity,1.0,0.0034853670623433697,1.0,0.7,0.5,1.0,1.0,0.7,0.0,-0.004728633141604099,1.958041958041945,0.0,0.0,-0.004728633141604099,0.040000000000000036
R0,sst2@s0__mrpc@s0,sst2,mrpc,1.0,0.09378701161213487,1.0,0.7,0.5,0.7,0.7,0.5,0.0,-1.1590842012058733,-1.2008264114348188,-1.1590842012058733,-1.1590842012058733,-1.2008264114348188,0.13250000000000006
R0,sst2@s0__stsb@s0,sst2,stsb,0.7,0.028132619793738045,1.0,0.7,0.5,1.0,1.3,1.0,-0.9993458103785713,0.0,2.1531531778549273,-0.9993458103785713,-0.5839245886442135,-0.9993458103785713,0.03020475511887799
R0,sst2@s0__mnli@s0,sst2,mnli,0.7,0.023703216443669795,1.0,0.7,0.5,1.0,1.0,0.7,0.3798516690903253,0.0,0.26527309914262664,0.3798516690903253,0.3798516690903253,0.0,0.07000000000000006
R0,sst2@s0__qnli@s0,sst2,qnli,0.7,0.011728909045813585,1.0,0.7,0.5,0.7,1.0,0.7,0.1269095658192554,0.0,0.6822183098591617,0.0,0.1269095658192554,0.0,0.03750000000000009
R0,sst2@s0__rte@s0,sst2,rte,1.0,0.01570744972936222,1.0,0.7,0.5,1.0,1.3,1.0,0.0,0.2985392142958343,1.7401786980570044,0.0,2.7407459934761014,0.0,0.03561594202898555
R0,sst2@s0__wic@s0,sst2,wic,1.0,0.01055340722442799,1.0,0.7,0.5,1.3,1.0,0.7,0.0,-0.390259360374412,0.23449687987519008,0.15527496099844162,0.0,-0.390259360374412,0.09499999999999997
R0,sst2@s0__snli@s0,sst2,snli,0.7,0.009283529925731782,1.0,0.7,0.5,0.7,1.0,0.7,0.7349201071868094,0.0,0.26816236583890873,0.0,0.7349201071868094,0.0,0.020000000000000018
R0,sst2@s0__scitail@s0,sst2,scitail,1.0,0.015172008923329816,1.0,0.7,0.5,1.3,1.3,1.0,0.0,0.6927746989397576,2.914743095747918,0.4533434349422105,0.4533434349422105,0.0,0.020000000000000018
R0,sst2@s0__ag_news@s0,sst2,ag_news,1.0,0.005374077976817659,1.0,0.7,0.5,0.7,0.7,0.7,0.0,-0.02442729288119061,0.5068834332320749,-0.02442729288119061,-0.02442729288119061,-0.02442729288119061,0.012499999999999956
R0,sst2@s0__imdb@s0,sst2,imdb,0.7,0.0019012949557146719,1.0,0.7,0.5,1.0,0.7,0.7,0.33234852121356573,0.0,0.07648601398601018,0.33234852121356573,0.0,0.0,0.012499999999999956
R0,sst2@s0__trec@s0,sst2,trec,0.7,0.004876489321152366,1.0,0.7,0.5,0.7,0.7,1.0,-0.25041691322825743,0.0,0.46801872074881956,0.0,0.0,-0.25041691322825743,0.01750000000000007
R0,sst2@s0__yelp_polarity@s0,sst2,yelp_polarity,0.5,-0.0017810847087811332,1.0,0.7,0.5,0.5,0.5,0.5,0.2766714764153688,0.04600653309407843,0.0,0.0,0.0,0.0,0.012499999999999956
R0,mrpc@s0__stsb@s0,mrpc,stsb,1.0,0.33417893394184994,1.0,0.7,0.5,1.0,1.0,1.0,0.0,1.1495184295862049,4.205742218418251,0.0,0.0,0.0,0.3779597614940373
R0,mrpc@s0__mnli@s0,mrpc,mnli,0.7,0.10083091920436982,1.0,0.7,0.5,0.5,0.5,0.5,0.5176783758310544,0.0,-1.4081565071197621,-1.4081565071197621,-1.4081565071197621,-1.4081565071197621,0.17500000000000004
R0,mrpc@s0__qnli@s0,mrpc,qnli,0.7,0.01962365089224416,1.0,0.7,0.5,0.7,0.7,0.7,0.3424771602588472,0.0,3.103647221164829,0.0,0.0,0.0,0.057499999999999996
R0,mrpc@s0__rte@s0,mrpc,rte,0.5,0.04161740934642566,1.0,0.7,0.5,0.7,0.7,0.7,3.4152334152334207,-0.2825552825552857,0.0,-0.2825552825552857,-0.2825552825552857,-0.2825552825552857,0.07148550724637681
R0,mrpc@s0__wic@s0,mrpc,wic,0.3,0.07245265682612789,1.0,0.7,0.5,0.5,0.5,0.5,2.7491554054054124,0.2322635135135087,-1.0346283783783772,-1.0346283783783772,-1.0346283783783772,-1.0346283783783772,0.14250000000000007
R0,mrpc@s0__snli@s0,mrpc,snli,0.7,0.027419148509928548,1.0,0.7,0.5,0.7,0.5,0.7,0.6316152217791582,0.0,1.7468493083247272,0.0,1.7468493083247272,0.0,0.0675
R0,mrpc@s0__scitail@s0,mrpc,scitail,0.7,0.0492969342433105,1.0,0.7,0.5,0.7,0.7,0.7,0.08491345840743181,0.0,0.6334694286501463,0.0,0.0,0.0,0.0675
R0,mrpc@s0__ag_news@s0,mrpc,ag_news,1.0,0.026980712468489543,1.0,0.7,0.5,0.7,0.7,1.0,0.0,0.639224751066858,2.2685514461830314,0.639224751066858,0.639224751066858,0.0,0.03750000000000009
R0,mrpc@s0__imdb@s0,mrpc,imdb,0.7,0.018672341037079265,1.0,0.7,0.5,1.0,1.0,0.7,0.4560220185220287,0.0,1.6383363258363315,0.4560220185220287,0.4560220185220287,0.0,0.05499999999999994
R0,mrpc@s0__trec@s0,mrpc,trec,0.5,0.02553405107377449,1.0,0.7,0.5,1.0,0.7,1.0,-0.5405405405405461,0.09785647716682444,0.0,-0.5405405405405461,0.09785647716682444,-0.5405405405405461,0.040000000000000036
R0,mrpc@s0__yelp_polarity@s0,mrpc,yelp_polarity,0.7,0.017188710507416438,1.0,0.7,0.5,0.7,0.7,1.0,-0.3449289733419514,0.0,0.7005234756941259,0.0,0.0,-0.3449289733419514,0.040000000000000036
R0,stsb@s0__mnli@s0,stsb,mnli,0.5,0.03559381974859688,1.0,0.7,0.5,0.7,0.7,0.5,1.2738099064432795,0.34213234864045594,0.0,0.34213234864045594,0.34213234864045594,0.0,0.094730555763894
R0,stsb@s0__qnli@s0,stsb,qnli,0.7,0.02063445141550413,1.0,0.7,0.5,0.7,1.0,1.0,-0.024752181173859356,0.0,0.5852656881708884,0.0,-0.024752181173859356,-0.024752181173859356,0.05036000900022497
R0,stsb@s0__rte@s0,stsb,rte,0.7,0.02715834293458208,1.0,0.7,0.5,0.7,0.7,1.0,-0.0866286113681114,0.0,0.9796541175943418,0.0,0.0,-0.0866286113681114,0.06282709241644069
R0,stsb@s0__wic@s0,stsb,wic,0.5,0.1487481409052107,1.0,0.7,0.5,0.7,0.7,0.5,7.183508489908464,1.6813473264161494,0.0,1.6813473264161494,1.6813473264161494,0.0,0.25818607965199125
R0,stsb@s0__snli@s0,stsb,snli,0.5,0.07695883159957795,1.0,0.7,0.5,1.0,1.0,1.3,-0.8715929779794629,-0.6016457200532677,0.0,-0.8715929779794629,-0.8715929779794629,-0.8949343186989811,0.0854423235580889
R0,stsb@s0__scitail@s0,stsb,scitail,1.0,0.18098612985649853,1.0,0.7,0.5,1.5,1.5,1.5,0.0,7.446811997820424,14.659727064992989,-4.399137835080813,-4.399137835080813,-4.399137835080813,0.22924191854796372
R0,stsb@s0__ag_news@s0,stsb,ag_news,0.5,0.08369244225920114,1.0,0.7,0.5,0.7,0.7,0.7,4.622559685622141,-0.338905862795702,0.0,-0.338905862795702,-0.338905862795702,-0.338905862795702,0.10131440786019641
R0,stsb@s0__imdb@s0,stsb,imdb,0.7,0.010200124830545998,1.0,0.7,0.5,0.7,1.0,1.0,-0.06951769881372583,0.0,1.5877489085487695,0.0,-0.06951769881372583,-0.06951769881372583,0.014398484962123925
R0,stsb@s0__trec@s0,stsb,trec,0.7,0.032479565362693696,1.0,0.7,0.5,0.7,0.7,0.7,1.1163510408105592,0.0,1.4562135487625971,0.0,0.0,0.0,0.0344967374184354
R0,stsb@s0__yelp_polarity@s0,stsb,yelp_polarity,1.0,0.013702725421433137,1.0,0.7,0.5,1.0,1.5,1.0,0.0,0.39746683454093823,1.904680017458238,0.0,0.4687093095533723,0.0,0.02006281407035171
R0,mnli@s0__qnli@s0,mnli,qnli,0.7,0.03412449776897908,1.0,0.7,0.5,0.7,0.5,0.7,1.3935580969322015,0.0,0.49836305770531997,0.0,0.49836305770531997,0.0,0.08749999999999991
R0,mnli@s0__rte@s0,mnli,rte,1.0,-0.0221238631699201,1.0,0.7,0.5,1.0,1.0,1.0,0.0,1.2811669951160898,3.4105903521549186,0.0,0.0,0.0,0.08072463768115945
R0,mnli@s0__wic@s0,mnli,wic,1.0,0.07890291539983707,1.0,0.7,0.5,0.7,0.7,1.0,0.0,1.241311262959477,5.210296889726673,1.241311262959477,1.241311262959477,0.0,0.14749999999999996
R0,mnli@s0__snli@s0,mnli,snli,0.7,0.003664678231158236,1.0,0.7,0.5,0.5,0.5,0.5,0.9553506589824012,0.0,-0.15236339227006068,-0.15236339227006068,-0.15236339227006068,-0.15236339227006068,0.057499999999999996
R0,mnli@s0__scitail@s0,mnli,scitail,0.7,0.08713698843070639,1.0,0.7,0.5,0.5,0.7,0.7,1.1946102396972802,0.0,1.5849667065274131,1.5849667065274131,0.0,0.0,0.13
R0,mnli@s0__ag_news@s0,mnli,ag_news,0.7,0.013181545335317457,1.0,0.7,0.5,0.5,0.5,0.7,1.0719984456901033,0.0,1.0306914198786377,1.0306914198786377,1.0306914198786377,0.0,0.0675
R0,mnli@s0__imdb@s0,mnli,imdb,0.7,0.014508936366739889,1.0,0.7,0.5,1.0,1.0,0.7,0.4744872234268893,0.0,1.376150946132082,0.4744872234268893,0.4744872234268893,0.0,0.040000000000000036
R0,mnli@s0__trec@s0,mnli,trec,1.0,0.014503477737133785,1.0,0.7,0.5,0.7,1.0,1.3,0.0,0.7689557671682445,1.9042705320289843,0.7689557671682445,0.0,-0.014950112125844406,0.06000000000000005
R0,mnli@s0__yelp_polarity@s0,mnli,yelp_polarity,0.7,0.01840728603868591,1.0,0.7,0.5,0.7,1.0,0.7,0.4572405773418664,0.0,0.98740080354357,0.0,0.4572405773418664,0.0,0.057499999999999996
R0,qnli@s0__rte@s0,qnli,rte,0.7,0.03585455525327874,1.0,0.7,0.5,0.5,0.5,0.7,1.7385563380281743,0.0,0.8540733034571035,0.8540733034571035,0.8540733034571035,0.0,0.10434782608695659
R0,qnli@s0__wic@s0,qnli,wic,0.5,0.05218525037016475,1.0,0.7,0.5,0.3,0.5,0.5,4.152728873239453,1.1949823943662174,0.0,1.2764084507042361,0.0,0.0,0.14500000000000002
R0,qnli@s0__snli@s0,qnli,snli,0.7,0.015499908231030313,1.0,0.7,0.5,0.7,0.7,0.7,0.7968633751507137,0.0,0.374500532337918,0.0,0.0,0.0,0.04500000000000004
R0,qnli@s0__scitail@s0,qnli,scitail,0.7,0.016904016044287484,1.0,0.7,0.5,0.7,0.7,0.7,0.44433217702880556,0.0,1.533680768578105,0.0,0.0,0.0,0.03750000000000009
R0,qnli@s0__ag_news@s0,qnli,ag_news,0.5,0.04103886103359233,1.0,0.7,0.5,0.5,0.5,0.5,5.020964603409938,0.6238031257721821,0.0,0.0,0.0,0.0,0.0625
R0,qnli@s0__imdb@s0,qnli,imdb,0.7,0.02427546755740595,1.0,0.7,0.5,0.5,0.7,0.5,1.8811404264749365,0.0,-0.04462966610854213,-0.04462966610854213,0.0,-0.04462966610854213,0.04499999999999993
R0,qnli@s0__trec@s0,qnli,trec,0.5,0.05768514773806199,1.0,0.7,0.5,0.7,0.7,1.0,-1.0967854541039213,-0.9353751821272405,0.0,-0.9353751821272405,-0.9353751821272405,-1.0967854541039213,0.07250000000000001
R0,qnli@s0__yelp_polarity@s0,qnli,yelp_polarity,1.0,0.009502864272173728,1.0,0.7,0.5,0.7,1.3,0.7,0.0,-0.1269723717732929,0.46755576118829856,-0.1269723717732929,0.370739797144648,-0.1269723717732929,0.025000000000000022
R0,rte@s0__wic@s0,rte,wic,0.7,0.08935459835702231,1.0,0.7,0.5,0.7,0.7,0.7,0.7244318181818143,0.0,1.7045454545454475,0.0,0.0,0.0,0.18905797101449273
R0,rte@s0__snli@s0,rte,snli,0.7,-0.002510106241927934,1.0,0.7,0.5,0.7,1.0,0.7,1.8303941049842676,0.0,0.9204752442457331,0.0,1.8303941049842676,0.0,0.03673913043478261
R0,rte@s0__scitail@s0,rte,scitail,0.7,0.1728281530952993,1.0,0.7,0.5,0.5,0.5,0.7,1.120987446288657,0.0,0.5274243828460756,0.5274243828460756,0.5274243828460756,0.0,0.2507608695652175
R0,rte@s0__ag_news@s0,rte,ag_news,0.7,0.036257885800267786,1.0,0.7,0.5,0.7,0.7,1.3,-2.940590111642749,0.0,1.484250398724074,0.0,0.0,-4.801634768740026,0.03423913043478266
R0,rte@s0__imdb@s0,rte,imdb,1.0,0.02777418991373548,1.0,0.7,0.5,1.0,1.0,0.7,0.0,-0.44361888111889014,2.211538461538465,0.0,0.0,-0.44361888111889014,0.08384057971014491
R0,rte@s0__trec@s0,rte,trec,1.0,0.017467248908296984,1.0,0.7,0.5,0.7,0.7,1.3,0.0,1.990595611285273,1.081504702194358,1.990595611285273,1.990595611285273,-0.7366771159874608,0.05797101449275366
R0,rte@s0__yelp_polarity@s0,rte,yelp_polarity,1.0,0.031454903836269144,1.0,0.7,0.5,0.7,1.3,0.7,0.0,-1.0157461991933014,-0.9197564381011492,-1.0157461991933014,0.11732081911263181,-1.0157461991933014,0.044855072463768186
R0,wic@s0__snli@s0,wic,snli,0.7,0.049220518452887996,1.0,0.7,0.5,0.7,0.7,0.7,1.3453438069216617,0.0,2.001366120218584,0.0,0.0,0.0,0.10250000000000004
R0,wic@s0__scitail@s0,wic,scitail,0.3,0.05239740820734329,1.0,0.7,0.5,0.5,0.5,0.5,10.70131487488415,4.676060009267835,-1.0634847080630228,-1.0634847080630228,-1.0634847080630228,-1.0634847080630228,0.16999999999999993
R0,wic@s0__ag_news@s0,wic,ag_news,0.7,0.012748897896387446,1.0,0.7,0.5,0.7,0.5,0.7,1.3651315789473761,0.0,0.8552631578947478,0.0,0.8552631578947478,0.0,0.06499999999999995
R0,wic@s0__imdb@s0,wic,imdb,0.7,0.0032825567787175824,1.0,0.7,0.5,0.7,0.7,0.7,1.0358391608391693,0.0,1.3996940559440563,0.0,0.0,0.0,0.050000000000000044
R0,wic@s0__trec@s0,wic,trec,0.7,0.015012351373286381,1.0,0.7,0.5,1.0,0.7,1.0,-0.01616379310344085,0.0,0.765086206896548,-0.01616379310344085,0.0,-0.01616379310344085,0.04249999999999998
R0,wic@s0__yelp_polarity@s0,wic,yelp_polarity,0.7,-0.003966609999756843,1.0,0.7,0.5,1.0,0.7,1.0,-1.253199658703097,0.0,-0.07092576791809524,-1.253199658703097,0.0,-1.253199658703097,0.05499999999999994
R0,snli@s0__scitail@s0,snli,scitail,0.7,0.07724128183383439,1.0,0.7,0.5,0.7,0.7,0.7,0.3814543588392949,0.0,1.633900038995817,0.0,0.0,0.0,0.08000000000000007
R0,snli@s0__ag_news@s0,snli,ag_news,1.0,0.0070546310963552905,1.0,0.7,0.5,0.7,0.5,1.0,0.0,0.1796328252324786,0.702113891285594,0.1796328252324786,0.702113891285594,0.0,0.03750000000000009
R0,snli@s0__imdb@s0,snli,imdb,0.7,0.006505447428132527,1.0,0.7,0.5,0.7,1.0,0.7,0.5127528436954742,0.0,0.36057692307691624,0.0,0.5127528436954742,0.0,0.02750000000000008
R0,snli@s0__trec@s0,snli,trec,0.7,0.0112277000169545,1.0,0.7,0.5,0.7,1.3,1.5,-0.2976414798065541,0.0,0.523679417122036,0.0,-0.07160354249104994,-0.34003831417623864,0.01750000000000007
R0,snli@s0__yelp_polarity@s0,snli,yelp_polarity,0.7,0.007460539548094558,1.0,0.7,0.5,1.0,1.0,0.7,0.26040209627185007,0.0,0.3030642123128091,0.26040209627185007,0.26040209627185007,0.0,0.02750000000000008
R0,scitail@s0__ag_news@s0,scitail,ag_news,1.0,0.0035707349325398985,1.0,0.7,0.5,1.0,1.0,1.0,0.0,0.7399943905175288,3.784551160106009,0.0,0.0,0.0,0.015000000000000013
R0,scitail@s0__imdb@s0,scitail,imdb,1.0,0.002170559853897469,1.0,0.7,0.5,1.0,1.0,1.0,0.0,0.8585917094953266,3.0429848765692102,0.0,0.0,0.0,0.015000000000000013
R0,scitail@s0__trec@s0,scitail,trec,0.7,0.0023529411764705577,1.0,0.7,0.5,0.7,0.7,0.7,0.32437442075997636,0.0,1.2382154613147622,0.0,0.0,0.0,0.0050000000000000044
R0,scitail@s0__yelp_polarity@s0,scitail,yelp_polarity,1.0,0.0076729484014690374,1.0,0.7,0.5,1.0,1.0,1.3,0.346071210544463,0.8774992329517728,3.582461244294599,0.346071210544463,0.346071210544463,0.0,0.010000000000000009
R0,ag_news@s0__imdb@s0,ag_news,imdb,0.7,0.0029470700281153395,1.0,0.7,0.5,0.7,0.7,0.7,0.25123451110293793,0.0,0.8210649000122805,0.0,0.0,0.0,0.015000000000000013
R0,ag_news@s0__trec@s0,ag_news,trec,0.7,0.007005969755259467,1.0,0.7,0.5,0.7,0.7,0.7,0.0,0.0,0.1565335753176078,0.0,0.0,0.0,0.012499999999999956
R0,ag_news@s0__yelp_polarity@s0,ag_news,yelp_polarity,1.0,0.0053770979094516225,1.0,0.7,0.5,0.7,0.7,0.7,0.0,-0.023127357643260016,0.6098437219328123,-0.023127357643260016,-0.023127357643260016,-0.023127357643260016,0.01750000000000007
R0,imdb@s0__trec@s0,imdb,trec,0.7,0.0023902350562926555,1.0,0.7,0.5,1.3,1.0,1.0,-0.31445924764887945,0.0,0.28409090909091717,-0.16148721967685908,-0.31445924764887945,-0.31445924764887945,0.010000000000000009
R0,imdb@s0__yelp_polarity@s0,imdb,yelp_polarity,0.5,0.0023024636924058317,1.0,0.7,0.5,0.5,0.7,0.5,0.8007351010763886,0.08584632091457323,0.0,0.0,0.08584632091457323,0.0,0.01750000000000007
R0,trec@s0__yelp_polarity@s0,trec,yelp_polarity,0.7,0.0005117707267143778,1.0,0.7,0.5,0.7,0.7,1.3,-0.06575850300104547,0.0,0.3004001412263091,0.0,0.0,-0.11018594798165582,0.007500000000000062
S1,cola@s1__sst2@s1,cola,sst2,0.7,0.0067642718404461455,1.0,0.7,0.5,1.0,1.0,0.7,0.2801120448179373,0.0,1.0736176274553477,0.2801120448179373,0.2801120448179373,0.0,0.05249999999999999
S1,cola@s1__mrpc@s1,cola,mrpc,0.7,0.021633026590065496,1.0,0.7,0.5,0.7,1.0,0.7,1.188141923436048,0.0,0.9056956115779724,0.0,1.188141923436048,0.0,0.08499999999999996
S1,cola@s1__stsb@s1,cola,stsb,0.7,0.024727602392602632,1.0,0.7,0.5,0.7,0.7,0.7,1.1083010444903674,0.0,1.4006970302239852,0.0,0.0,0.0,0.052811257781444465
S1,cola@s1__mnli@s1,cola,mnli,1.0,0.050977465409935085,1.0,0.7,0.5,1.0,1.0,1.0,-1.4580620980786607,1.741428965952574,6.6541405294512135,-1.4580620980786607,-1.4580620980786607,-1.4580620980786607,0.14500000000000002
S1,cola@s1__qnli@s1,cola,qnli,0.7,0.018912762786349457,1.0,0.7,0.5,1.0,1.0,1.0,-0.9596431165058705,0.0,1.0841373586471637,-0.9596431165058705,-0.9596431165058705,-0.9596431165058705,0.06000000000000005
S1,cola@s1__rte@s1,cola,rte,1.0,0.052262443438914064,1.0,0.7,0.5,1.0,1.0,1.0,0.0,1.5258735072976592,7.470883090078129,0.0,0.0,0.0,0.13644927536231877
S1,cola@s1__wic@s1,cola,wic,1.0,0.015441917445513598,1.0,0.7,0.5,0.7,0.7,1.0,0.0,1.5546218487395014,4.8972922502334315,1.5546218487395014,1.5546218487395014,0.0,0.11250000000000004
S1,cola@s1__snli@s1,cola,snli,1.0,0.04931979146173526,1.0,0.7,0.5,1.0,1.0,1.0,0.0,1.7040519492055095,4.724091221992754,0.0,0.0,0.0,0.10750000000000004
S1,cola@s1__scitail@s1,cola,scitail,0.7,0.0004430991003880891,1.0,0.7,0.5,0.7,0.5,0.7,0.20955996991873782,0.0,1.2145176124706225,0.0,1.2145176124706225,0.0,0.05499999999999994
S1,cola@s1__ag_news@s1,cola,ag_news,0.7,-0.0011493594516678307,1.0,0.7,0.5,1.0,0.5,0.7,0.29108658388729003,0.0,1.048852376771603,0.29108658388729003,1.048852376771603,0.0,0.030000000000000027
S1,cola@s1__imdb@s1,cola,imdb,0.7,0.0016472926236075214,1.0,0.7,0.5,0.7,0.7,0.7,0.008822426608445788,0.0,1.0826771653543288,0.0,0.0,0.0,0.04249999999999998
S1,cola@s1__trec@s1,cola,trec,0.7,0.0005656108597285048,1.0,0.7,0.5,1.0,1.0,0.7,0.3118773282508869,0.0,1.3305322128851493,0.3118773282508869,0.3118773282508869,0.0,0.020000000000000018
S1,cola@s1__yelp_polarity@s1,cola,yelp_polarity,0.7,0.004820249864123882,1.0,0.7,0.5,0.7,0.5,0.7,0.06853519493492666,0.0,0.2329987633509889,0.0,0.2329987633509889,0.0,0.04249999999999998
S1,sst2@s1__mrpc@s1,sst2,mrpc,0.7,0.017214318432894116,1.0,0.7,0.5,0.7,0.7,0.3,1.4554173146708038,0.0,0.4445308449974039,0.0,0.0,-0.5775876965612659,0.050000000000000044
S1,sst2@s1__stsb@s1,sst2,stsb,0.7,0.026825563083529125,1.0,0.7,0.5,0.7,1.0,1.0,-0.8254179771185699,0.0,3.1345928488148544,0.0,-0.8254179771185699,-0.8254179771185699,0.040235130878271796
S1,sst2@s1__mnli@s1,sst2,mnli,1.0,0.027707256577409467,1.0,0.7,0.5,0.7,0.7,0.7,0.0,-1.0006096715075241,0.6323060185895013,-1.0006096715075241,-1.0006096715075241,-1.0006096715075241,0.0675
S1,sst2@s1__qnli@s1,sst2,qnli,0.7,0.011359159920158568,1.0,0.7,0.5,1.0,0.7,0.7,0.1474980868449105,0.0,0.11765218154539125,0.1474980868449105,0.0,0.0,0.03500000000000003
S1,sst2@s1__rte@s1,sst2,rte,1.0,0.0021739130434783593,1.0,0.7,0.5,1.0,1.3,1.0,0.0,0.7216719871217747,4.385964912280704,0.0,1.704591962020141,0.0,0.030362318840579716
S1,sst2@s1__wic@s1,sst2,wic,0.7,0.020357513116144643,1.0,0.7,0.5,0.5,0.7,1.0,-0.6349206349206438,0.0,-0.39842997852329587,-0.39842997852329587,0.0,-0.6349206349206438,0.07499999999999996
S1,sst2@s1__snli@s1,sst2,snli,1.0,0.010602908977166092,1.0,0.7,0.5,1.0,1.0,0.7,0.0,-0.197791707543038,0.7051811564209975,0.0,0.0,-0.197791707543038,0.020000000000000018
S1,sst2@s1__scitail@s1,sst2,scitail,0.7,0.0069369010720277124,1.0,0.7,0.5,0.7,1.0,0.7,0.9483289130842731,0.0,0.5144995322731605,0.0,0.9483289130842731,0.0,0.012499999999999956
S1,sst2@s1__ag_news@s1,sst2,ag_news,1.0,0.008588319218043261,1.0,0.7,0.5,1.0,0.5,0.7,0.0,-0.18750588836077275,0.12071992976295798,0.0,0.12071992976295798,-0.18750588836077275,0.015000000000000013
S1,sst2@s1__imdb@s1,sst2,imdb,0.7,-0.000630119722747402,1.0,0.7,0.5,0.5,0.7,0.7,0.899110006272541,0.0,0.22603609230027466,0.22603609230027466,0.0,0.0,0.020000000000000018
S1,sst2@s1__trec@s1,sst2,trec,1.0,-0.004028529753516752,1.0,0.7,0.5,1.3,0.5,1.0,0.0,0.1718213058419349,0.4665629860031162,0.15552099533437946,0.4665629860031162,0.0,0.015000000000000013
S1,sst2@s1__yelp_polarity@s1,sst2,yelp_polarity,0.7,0.003918412231540769,1.0,0.7,0.5,0.7,0.7,0.5,0.17998795217870622,0.0,-0.06274216236843433,0.0,0.0,-0.06274216236843433,0.01750000000000007
S1,mrpc@s1__stsb@s1,mrpc,stsb,0.5,0.08738664208921265,1.0,0.7,0.5,0.7,0.7,0.7,-1.5893518792226558,-3.7605828674883823,0.0,-3.7605828674883823,-3.7605828674883823,-3.7605828674883823,0.1029606990174754
S1,mrpc@s1__mnli@s1,mrpc,mnli,0.7,0.06890515353101045,1.0,0.7,0.5,0.5,0.5,0.5,8.489827856025034,0.0,-0.79420970266042,-0.79420970266042,-0.79420970266042,-0.79420970266042,0.12
S1,mrpc@s1__qnli@s1,mrpc,qnli,0.7,0.025541342796525535,1.0,0.7,0.5,0.7,0.7,0.7,5.511463844797171,0.0,0.7010582010581912,0.0,0.0,0.0,0.07000000000000006
S1,mrpc@s1__rte@s1,mrpc,rte,0.7,0.037689301416707455,1.0,0.7,0.5,0.7,1.0,0.7,2.4707602339181345,0.0,0.48245614035087314,0.0,2.4707602339181345,0.0,0.04786231884057979
S1,mrpc@s1__wic@s1,mrpc,wic,1.0,0.06866076247485409,1.0,0.7,0.5,0.7,0.7,1.0,0.0,2.2222222222222143,3.4920634920634797,2.2222222222222143,2.2222222222222143,0.0,0.13749999999999996
S1,mrpc@s1__snli@s1,mrpc,snli,0.7,0.029554225696140746,1.0,0.7,0.5,0.5,0.7,0.5,0.9406065181829737,0.0,-0.09657732477664771,-0.09657732477664771,0.0,-0.09657732477664771,0.07499999999999996
S1,mrpc@s1__scitail@s1,mrpc,scitail,1.0,0.04073033707865159,1.0,0.7,0.5,0.7,1.3,1.0,0.0,0.2338634237605275,0.844766656272744,0.2338634237605275,1.1139694418459634,0.0,0.07750000000000001
S1,mrpc@s1__ag_news@s1,mrpc,ag_news,0.7,0.022755179443417206,1.0,0.7,0.5,0.7,0.5,0.5,1.5459467369037139,0.0,-0.11657399278119929,0.0,-0.11657399278119929,-0.11657399278119929,0.0625
S1,mrpc@s1__imdb@s1,mrpc,imdb,1.0,0.0023104389834068817,1.0,0.7,0.5,1.0,1.0,0.7,0.0,-0.3652668416447735,0.2580927384077114,0.0,0.0,-0.3652668416447735,0.020000000000000018
S1,mrpc@s1__trec@s1,mrpc,trec,0.7,0.0,1.0,0.7,0.5,1.0,0.7,1.5,0.0,0.0,1.1111111111111072,0.0,0.0,-0.1718213058419238,0.030000000000000027
S1,mrpc@s1__yelp_polarity@s1,mrpc,yelp_polarity,0.7,0.005236605716151255,1.0,0.7,0.5,0.7,0.7,0.5,1.1217698192756864,0.0,-0.21382552879035677,0.0,0.0,-0.21382552879035677,0.04749999999999999
S1,stsb@s1__mnli@s1,stsb,mnli,0.7,0.03758834417891044,1.0,0.7,0.5,0.7,0.7,0.7,0.2346461828115043,0.0,1.5028231244543888,0.0,0.0,0.0,0.07371746793669831
S1,stsb@s1__qnli@s1,stsb,qnli,0.7,0.010953077747161144,1.0,0.7,0.5,0.5,0.7,0.7,0.016327859524045696,0.0,0.9284115958141048,0.9284115958141048,0.0,0.0,0.03744112352808804
S1,stsb@s1__rte@s1,stsb,rte,0.7,0.0530626161562866,1.0,0.7,0.5,1.0,1.0,1.0,-0.6994890174755963,0.0,2.6457290441449732,-0.6994890174755963,-0.6994890174755963,-0.6994890174755963,0.09065802732024819
S1,stsb@s1__wic@s1,stsb,wic,0.7,0.049532689928046825,1.0,0.7,0.5,0.7,0.7,0.7,1.2701163692178108,0.0,1.1742328321175721,0.0,0.0,0.0,0.09618034200855008
S1,stsb@s1__snli@s1,stsb,snli,0.7,0.04525879765094254,1.0,0.7,0.5,1.0,1.0,1.0,-0.5640324853990908,0.0,2.2645474334269666,-0.5640324853990908,-0.5640324853990908,-0.5640324853990908,0.06193673591839799
S1,stsb@s1__scitail@s1,stsb,scitail,0.7,0.2402120684090312,1.0,0.7,0.5,0.7,0.7,0.7,3.276986081012534,0.0,1.1247117981772803,0.0,0.0,0.0,0.24008775219380474
S1,stsb@s1__ag_news@s1,stsb,ag_news,0.7,0.0989311192689174,1.0,0.7,0.5,0.7,0.7,0.5,10.591811630070014,0.0,-0.657000009682096,0.0,0.0,-0.657000009682096,0.1326201905047626
S1,stsb@s1__imdb@s1,stsb,imdb,1.0,0.005032922996052291,1.0,0.7,0.5,1.0,1.0,1.0,0.0,1.191954766117309,4.082053786438788,0.0,0.0,0.0,0.017725380634515897
S1,stsb@s1__trec@s1,stsb,trec,1.0,-0.002335130256098328,1.0,0.7,0.5,1.0,1.0,1.0,0.0,1.1347030607025799,3.474884184738747,0.0,0.0,0.0,0.009853183829595658
S1,stsb@s1__yelp_polarity@s1,stsb,yelp_polarity,1.0,0.01723303329451098,1.0,0.7,0.5,1.0,1.3,1.0,0.0,1.0967866690962724,3.7655083186138194,0.0,0.21455778222316813,0.0,0.021642166054151257
S1,mnli@s1__qnli@s1,mnli,qnli,0.7,0.04652465939346495,1.0,0.7,0.5,0.7,0.7,0.7,2.218061455150666,0.0,0.5273306505700903,0.0,0.0,0.0,0.10999999999999999
S1,mnli@s1__rte@s1,mnli,rte,0.7,-0.007033825145189132,1.0,0.7,0.5,1.0,0.7,1.0,-0.9519397084259751,0.0,2.4734371139115474,-0.9519397084259751,0.0,-0.9519397084259751,0.062355072463768146
S1,mnli@s1__wic@s1,mnli,wic,1.0,0.06075554127977545,1.0,0.7,0.5,1.0,1.0,1.0,0.0,1.4319248826291098,6.991951710261568,0.0,0.0,0.0,0.13250000000000006
S1,mnli@s1__snli@s1,mnli,snli,0.7,0.010991602574164205,1.0,0.7,0.5,0.5,0.5,0.5,1.4947176452448252,0.0,-0.3022798930236714,-0.3022798930236714,-0.3022798930236714,-0.3022798930236714,0.04249999999999998
S1,mnli@s1__scitail@s1,mnli,scitail,0.5,0.09573431101154384,1.0,0.7,0.5,0.5,0.5,0.5,3.910383096834824,0.6122610311071197,0.0,0.0,0.0,0.0,0.11749999999999994
S1,mnli@s1__ag_news@s1,mnli,ag_news,0.7,0.01905817301101309,1.0,0.7,0.5,0.7,0.5,0.7,0.5958401859797902,0.0,0.6447773559707604,0.0,0.6447773559707604,0.0,0.0625
S1,mnli@s1__imdb@s1,mnli,imdb,1.0,0.014921980031801674,1.0,0.7,0.5,1.0,1.0,1.0,0.0,0.11681638386750182,2.7872044163493426,0.0,0.0,0.0,0.03249999999999997
S1,mnli@s1__trec@s1,mnli,trec,1.0,0.014199216569280582,1.0,0.7,0.5,1.0,1.0,1.0,0.0,0.10986883500314626,2.218309859154932,0.0,0.0,0.0,0.04749999999999999
S1,mnli@s1__yelp_polarity@s1,mnli,yelp_polarity,0.7,0.020545326176646395,1.0,0.7,0.5,0.7,1.0,0.7,0.4876909435008514,0.0,1.1754903756369117,0.0,0.4876909435008514,0.0,0.0675
S1,qnli@s1__rte@s1,qnli,rte,1.0,0.04103467952729811,1.0,0.7,0.5,1.0,0.7,1.0,0.0,0.8748723661004321,4.593079922027288,0.0,0.8748723661004321,0.0,0.13521739130434784
S1,qnli@s1__wic@s1,qnli,wic,0.7,0.009849361617162433,1.0,0.7,0.5,1.0,0.7,1.0,-0.037477954144626846,0.0,1.2588183421516796,-0.037477954144626846,0.0,-0.037477954144626846,0.09250000000000003
S1,qnli@s1__snli@s1,qnli,snli,0.7,0.019857618819717926,1.0,0.7,0.5,0.7,1.0,0.7,0.41675654784375515,0.0,1.094298337597699,0.0,0.41675654784375515,0.0,0.0625
S1,qnli@s1__scitail@s1,qnli,scitail,0.7,0.010711596322537709,1.0,0.7,0.5,0.7,0.7,0.7,1.5125127243150294,0.0,1.4460864379012062,0.0,0.0,0.0,0.04749999999999999
S1,qnli@s1__ag_news@s1,qnli,ag_news,0.7,0.03349133788500769,1.0,0.7,0.5,0.7,0.7,0.7,2.051900085628511,0.0,0.26658258660016143,0.0,0.0,0.0,0.06999999999999995
S1,qnli@s1__imdb@s1,qnli,imdb,1.0,0.009061327918180817,1.0,0.7,0.5,1.0,1.5,1.0,0.0,0.582218889305508,2.0200599925009333,0.0,1.2093974364315585,0.0,0.02750000000000008
S1,qnli@s1__trec@s1,qnli,trec,0.7,0.019204195291426918,1.0,0.7,0.5,0.7,0.7,1.0,-0.013636611574763258,0.0,0.3683021509481965,0.0,0.0,-0.013636611574763258,0.03249999999999997
S1,qnli@s1__yelp_polarity@s1,qnli,yelp_polarity,1.0,0.007571236966449346,1.0,0.7,0.5,1.0,1.0,1.0,0.0,0.32886673306271597,1.1181468924132187,0.0,0.0,0.0,0.025000000000000022
S1,rte@s1__wic@s1,rte,wic,1.0,0.034792101765711014,1.0,0.7,0.5,1.0,1.0,1.0,0.0,1.670843776106934,5.768588137009189,0.0,0.0,0.0,0.10521739130434782
S1,rte@s1__snli@s1,rte,snli,1.0,-0.010869565217391353,1.0,0.7,0.5,0.7,1.0,1.0,0.0,0.16679581172636126,3.2627009199101775,0.16679581172636126,0.0,0.0,0.0451086956521739
S1,rte@s1__scitail@s1,rte,scitail,1.0,0.06699604743082999,1.0,0.7,0.5,1.0,1.3,1.3,0.0,2.4736185646529685,5.2278732378185815,0.0,-0.9416079956673706,-0.9416079956673706,0.10420289855072462
S1,rte@s1__ag_news@s1,rte,ag_news,0.7,0.04387727022564669,1.0,0.7,0.5,1.0,1.0,1.0,-1.7982841211897194,0.0,0.12071992976294688,-1.7982841211897194,-1.7982841211897194,-1.7982841211897194,0.054855072463768195
S1,rte@s1__imdb@s1,rte,imdb,1.0,0.015038857382902782,1.0,0.7,0.5,1.0,1.0,0.7,0.0,-0.31829902841092883,3.144426025694158,0.0,0.0,-0.31829902841092883,0.04123188405797107
S1,rte@s1__trec@s1,rte,trec,1.0,-0.0020618556701030855,1.0,0.7,0.5,1.0,1.0,1.3,0.0,0.0,4.385964912280693,0.0,0.0,-0.3436426116838476,0.024239130434782652
S1,rte@s1__yelp_polarity@s1,rte,yelp_polarity,1.0,0.020997588989421834,1.0,0.7,0.5,1.0,1.5,1.0,0.0,1.7863620894059906,3.743263509445116,0.0,3.325984434546192,0.0,0.04960144927536225
S1,wic@s1__snli@s1,wic,snli,1.0,0.053681887222327695,1.0,0.7,0.5,0.7,0.7,0.5,0.0,-1.6435672041561045,-2.346797533660494,-1.6435672041561045,-1.6435672041561045,-2.346797533660494,0.06999999999999995
S1,wic@s1__scitail@s1,wic,scitail,0.3,0.018897250461708426,1.0,0.7,0.5,0.3,0.5,0.5,3.530818002286673,2.0211739201449364,-0.484654104859894,0.0,-0.484654104859894,-0.484654104859894,0.12
S1,wic@s1__ag_news@s1,wic,ag_news,0.7,0.00024275422401554003,1.0,0.7,0.5,0.7,0.7,0.7,0.2735621611828831,0.0,0.17559262510975504,0.0,0.0,0.0,0.0675
S1,wic@s1__imdb@s1,wic,imdb,1.0,0.006992311071854718,1.0,0.7,0.5,0.7,1.0,0.7,0.0,-1.0620547431571037,-0.1106111736033033,-1.0620547431571037,0.0,-1.0620547431571037,0.05499999999999994
S1,wic@s1__trec@s1,wic,trec,0.7,0.01958987980011706,1.0,0.7,0.5,0.7,0.7,1.3,-0.8329242349860877,0.0,0.6218294878088781,0.0,0.0,-1.480936017018486,0.03499999999999992
S1,wic@s1__yelp_polarity@s1,wic,yelp_polarity,1.0,0.012076197165101554,1.0,0.7,0.5,1.0,0.7,0.7,0.0,-0.941722244216392,-0.5804766303593833,0.0,-0.941722244216392,-0.941722244216392,0.07750000000000001
S1,snli@s1__scitail@s1,snli,scitail,0.5,0.07236166007905143,1.0,0.7,0.5,0.5,0.5,0.5,2.4133539987732044,0.5097322144615002,0.0,0.0,0.0,0.0,0.08000000000000007
S1,snli@s1__ag_news@s1,snli,ag_news,0.7,0.011943221427261008,1.0,0.7,0.5,1.0,1.0,0.7,0.22474812003534517,0.0,0.9075135945082913,0.22474812003534517,0.22474812003534517,0.0,0.03750000000000009
S1,snli@s1__imdb@s1,snli,imdb,1.0,0.004307393404747062,1.0,0.7,0.5,1.0,1.0,1.0,0.0,0.44405653993137006,2.0390822466557434,0.0,0.0,0.0,0.010000000000000009
S1,snli@s1__trec@s1,snli,trec,1.0,0.005546839982070839,1.0,0.7,0.5,0.7,1.0,1.0,0.0,0.3662926683089984,0.6966643705269115,0.3662926683089984,0.0,0.0,0.010000000000000009
S1,snli@s1__yelp_polarity@s1,snli,yelp_polarity,0.7,0.014290375530466859,1.0,0.7,0.5,0.7,0.7,0.7,0.04063828641771572,0.0,0.9686194594936581,0.0,0.0,0.0,0.020000000000000018
S1,scitail@s1__ag_news@s1,scitail,ag_news,1.0,0.005114157535731523,1.0,0.7,0.5,1.0,1.0,1.0,-0.15364354697102733,0.6357430368654216,2.3490852018452912,-0.15364354697102733,-0.15364354697102733,-0.15364354697102733,0.007500000000000062
S1,scitail@s1__imdb@s1,scitail,imdb,1.0,-0.0013461648622328237,1.0,0.7,0.5,1.0,1.3,1.0,0.0,0.2855159358588155,1.725883422663843,0.0,0.41977768447792885,0.0,0.010000000000000009
S1,scitail@s1__trec@s1,scitail,trec,0.7,-0.0011857707509881354,1.0,0.7,0.5,1.0,1.0,0.7,0.0467726847521055,0.0,0.7015902712815714,0.0467726847521055,0.0467726847521055,0.0,0.0024999999999999467
S1,scitail@s1__yelp_polarity@s1,scitail,yelp_polarity,1.0,0.010904545494985207,1.0,0.7,0.5,1.0,1.0,1.0,0.0,0.04025182868137023,1.1101308777690555,0.0,0.0,0.0,0.02750000000000008
S1,ag_news@s1__imdb@s1,ag_news,imdb,1.0,0.0007374660679200229,1.0,0.7,0.5,1.3,1.3,1.0,0.0,0.4710602460908264,1.7520088303272785,0.25218396207935534,0.25218396207935534,0.0,0.012499999999999956
S1,ag_news@s1__trec@s1,ag_news,trec,1.0,0.0003403801818260277,1.0,0.7,0.5,0.7,1.3,1.3,0.0,0.5960570102791163,0.797370032795397,0.5960570102791163,-0.14266900790167458,-0.14266900790167458,0.01750000000000007
S1,ag_news@s1__yelp_polarity@s1,ag_news,yelp_polarity,1.0,0.0074735866014976615,1.0,0.7,0.5,0.7,0.7,1.0,0.0,0.15048523792313695,0.5505423962984368,0.15048523792313695,0.15048523792313695,0.0,0.020000000000000018
S1,imdb@s1__trec@s1,imdb,trec,1.0,0.002205419029615685,1.0,0.7,0.5,1.3,1.3,1.3,0.0,0.33902012248469005,1.0124378782549126,-0.4498471196255016,-0.4498471196255016,-0.4498471196255016,0.010000000000000009
S1,imdb@s1__yelp_polarity@s1,imdb,yelp_polarity,0.5,0.0022941928027100378,1.0,0.7,0.5,0.7,0.5,0.5,0.6041007025049172,0.042912257477090154,0.0,0.042912257477090154,0.0,0.0,0.012499999999999956
S1,trec@s1__yelp_polarity@s1,trec,yelp_polarity,1.0,0.0005115612850419282,1.0,0.7,0.5,0.7,1.3,1.3,0.0,0.3317019283104794,0.38371349392453125,0.3317019283104794,-0.30100777902556386,-0.30100777902556386,0.0024999999999999467
P,ag_news@s0__cola@s1,ag_news,cola,0.7,-2.1694663112858947e-05,1.0,0.7,0.5,1.0,0.5,0.7,0.5467713401149932,0.0,1.2156309892378037,0.5467713401149932,1.2156309892378037,0.0,0.02750000000000008
P,ag_news@s0__imdb@s1,ag_news,imdb,1.0,0.00368455148733271,1.0,0.7,0.5,1.0,1.3,1.0,0.0,0.09854031403968566,1.5214175530690266,0.0,0.08748906386701893,0.0,0.007500000000000062
P,ag_news@s0__mnli@s1,ag_news,mnli,1.0,0.019069141752861674,1.0,0.7,0.5,1.0,0.7,1.0,0.0,0.081696318260438,2.2251050160612795,0.0,0.081696318260438,0.0,0.05499999999999994
P,ag_news@s0__mrpc@s1,ag_news,mrpc,1.0,-0.0016498739062997814,1.0,0.7,0.5,1.3,1.3,1.0,0.0,0.4093567251462149,1.1586257309941561,1.5387426900584922,1.5387426900584922,0.0,0.0475000000000001
P,ag_news@s0__qnli@s1,ag_news,qnli,0.5,0.03495002092313393,1.0,0.7,0.5,0.7,0.5,0.7,2.0135988118444303,-0.23420820569943768,0.0,-0.23420820569943768,0.0,-0.23420820569943768,0.07000000000000006
P,ag_news@s0__rte@s1,ag_news,rte,1.0,0.017324872863884178,1.0,0.7,0.5,1.0,1.3,1.0,0.0,0.19736842105263497,4.901315789473692,0.0,1.9078947368421084,0.0,0.0267391304347826
P,ag_news@s0__scitail@s1,ag_news,scitail,0.7,0.00616459181080975,1.0,0.7,0.5,1.0,1.0,1.0,-0.4334576502059706,0.0,1.2527489209459564,-0.4334576502059706,-0.4334576502059706,-0.4334576502059706,0.012499999999999956
P,ag_news@s0__snli@s1,ag_news,snli,1.0,0.007041050075594524,1.0,0.7,0.5,1.0,1.0,1.0,0.0,0.2236196379964639,1.566417814070853,0.0,0.0,0.0,0.02750000000000008
P,ag_news@s0__sst2@s1,ag_news,sst2,1.0,0.0034773445732350083,1.0,0.7,0.5,0.7,0.5,0.7,0.0,-0.06780169708875405,0.8373577801424448,-0.06780169708875405,0.8373577801424448,-0.06780169708875405,0.01750000000000007
P,ag_news@s0__stsb@s1,ag_news,stsb,0.5,0.06513040723845398,1.0,0.7,0.5,0.5,0.7,0.5,11.303774549950596,0.4235438421043014,0.0,0.0,0.4235438421043014,0.0,0.0763196579914498
P,ag_news@s0__trec@s1,ag_news,trec,1.0,0.0016859852476290849,1.0,0.7,0.5,1.0,0.5,1.5,0.0,0.3911195514559651,0.4970383432808867,0.0,0.4970383432808867,-0.38388497015735545,0.015000000000000013
P,ag_news@s0__wic@s1,ag_news,wic,1.0,0.0034099327722585393,1.0,0.7,0.5,0.7,0.5,1.0,0.0,1.3246658312447757,2.45300751879699,1.3246658312447757,2.45300751879699,0.0,0.04249999999999998
P,ag_news@s0__yelp_polarity@s1,ag_news,yelp_polarity,1.0,0.0063285683205459575,1.0,0.7,0.5,0.7,0.7,0.7,0.0,-0.066401881916478,0.4967308620089872,-0.066401881916478,-0.066401881916478,-0.066401881916478,0.022499999999999964
P,cola@s0__imdb@s1,cola,imdb,1.0,-0.002634527709586054,1.0,0.7,0.5,0.7,1.0,1.0,0.0,0.1683552667804622,2.0332030174549764,0.1683552667804622,0.0,0.0,0.03249999999999997
P,cola@s0__mnli@s1,cola,mnli,1.0,0.008918580623029637,1.0,0.7,0.5,1.0,1.0,1.0,0.0,1.6118388653599824,4.65806493975508,0.0,0.0,0.0,0.07250000000000001
P,cola@s0__mrpc@s1,cola,mrpc,0.7,0.00594844679444817,1.0,0.7,0.5,0.7,1.0,0.7,1.2548562548562403,0.0,0.9090909090909038,0.0,1.2548562548562403,0.0,0.06499999999999995
P,cola@s0__qnli@s1,cola,qnli,1.0,0.0017926176528059168,1.0,0.7,0.5,0.7,0.7,1.0,0.0,0.3052040552040558,1.7027417027417058,0.3052040552040558,0.3052040552040558,0.0,0.040000000000000036
P,cola@s0__rte@s1,cola,rte,1.0,0.01869958685815476,1.0,0.7,0.5,1.0,0.7,0.7,0.0,-0.34965034965035446,4.328916697337748,0.0,-0.34965034965035446,-0.34965034965035446,0.04760869565217396
P,cola@s0__scitail@s1,cola,scitail,1.0,0.002371541501976271,1.0,0.7,0.5,1.0,1.3,1.0,0.0,1.1661117180293834,3.2209044463487713,0.0,1.0721084341290044,0.0,0.03500000000000003
P,cola@s0__snli@s1,cola,snli,1.0,0.006131221719457014,1.0,0.7,0.5,1.0,1.0,1.0,0.0,0.8105710823717693,2.1514385953797177,0.0,0.0,0.0,0.04249999999999998
P,cola@s0__sst2@s1,cola,sst2,0.7,0.009818841759171915,1.0,0.7,0.5,0.7,1.0,1.0,-1.10322026340689,0.0,0.9633601235467415,0.0,-1.10322026340689,-1.10322026340689,0.05249999999999999
P,cola@s0__stsb@s1,cola,stsb,0.7,0.022103411494274416,1.0,0.7,0.5,0.7,0.7,1.0,-0.505247070654391,0.0,2.2249443839459593,0.0,0.0,-0.505247070654391,0.03284032100802514
P,cola@s0__trec@s1,cola,trec,0.7,0.0017971264635909812,1.0,0.7,0.5,1.0,1.0,1.0,-0.591401725422358,0.0,0.8391608391608463,-0.591401725422358,-0.591401725422358,-0.591401725422358,0.030000000000000027
P,cola@s0__wic@s1,cola,wic,1.0,-0.0024723863344464636,1.0,0.7,0.5,0.7,1.0,1.0,0.0,0.6349206349206216,0.7825507825507616,0.6349206349206216,0.0,0.0,0.06999999999999995
P,cola@s0__yelp_polarity@s1,cola,yelp_polarity,1.0,0.0009690729953972799,1.0,0.7,0.5,0.7,1.0,1.0,0.0,0.1551997352466472,1.1435824887114698,0.1551997352466472,0.0,0.0,0.02750000000000008
P,imdb@s0__mnli@s1,imdb,mnli,0.7,0.015224038572950738,1.0,0.7,0.5,1.0,1.0,0.7,0.25011080468826385,0.0,2.2502482845792704,0.25011080468826385,0.25011080468826385,0.0,0.04249999999999998
P,imdb@s0__mrpc@s1,imdb,mrpc,0.7,0.00593264083834788,1.0,0.7,0.5,0.7,0.7,0.7,0.8770396270396219,0.0,1.4935411810411692,0.0,0.0,0.0,0.04749999999999999
P,imdb@s0__qnli@s1,imdb,qnli,0.7,0.013845318870366663,1.0,0.7,0.5,0.5,0.7,0.7,0.8813524438524456,0.0,0.5381963715297089,0.5381963715297089,0.0,0.0,0.040000000000000036
P,imdb@s0__rte@s1,imdb,rte,1.0,0.033371640171103945,1.0,0.7,0.5,0.7,0.7,0.7,0.0,-1.9729174334437438,2.247615323273222,-1.9729174334437438,-1.9729174334437438,-1.9729174334437438,0.07771739130434785
P,imdb@s0__scitail@s1,imdb,scitail,1.0,0.002420129828672346,1.0,0.7,0.5,1.0,1.0,1.0,0.0,0.14951722739373619,1.4674009923659082,0.0,0.0,0.0,0.007500000000000062
P,imdb@s0__snli@s1,imdb,snli,1.0,0.004553793745040613,1.0,0.7,0.5,1.0,0.7,1.0,0.0,0.021454691967148776,1.252863430454032,0.0,0.021454691967148776,0.0,0.012499999999999956
P,imdb@s0__sst2@s1,imdb,sst2,0.7,0.0017234796178160483,1.0,0.7,0.5,1.0,0.5,0.7,0.26606121328127674,0.0,0.0970646771579764,0.26606121328127674,0.0970646771579764,0.0,0.02750000000000008
P,imdb@s0__stsb@s1,imdb,stsb,1.0,0.004325824015262714,1.0,0.7,0.5,1.0,1.0,1.0,0.0,0.971737953717533,3.2104653603768907,0.0,0.0,0.0,0.014902872571814219
P,imdb@s0__trec@s1,imdb,trec,0.7,0.002184693305997687,1.0,0.7,0.5,1.3,0.5,1.0,-0.5373170643789171,0.0,0.1559758969552738,-0.4389779035397723,0.1559758969552738,-0.5373170643789171,0.007500000000000062
P,imdb@s0__wic@s1,imdb,wic,0.7,0.019335991711576073,1.0,0.7,0.5,1.0,0.7,0.5,0.07072788322788348,0.0,-0.14322483072481962,0.07072788322788348,0.0,-0.14322483072481962,0.050000000000000044
P,imdb@s0__yelp_polarity@s1,imdb,yelp_polarity,0.5,0.004364078134370564,1.0,0.7,0.5,0.5,0.7,0.7,0.5484156911091387,-0.05436500187087079,0.0,0.0,-0.05436500187087079,-0.05436500187087079,0.020000000000000018
P,mnli@s0__mrpc@s1,mnli,mrpc,0.5,0.027182931019125278,1.0,0.7,0.5,0.5,0.5,0.7,1.9965441407477136,-0.5301602262016925,0.0,0.0,0.0,-0.5301602262016925,0.10499999999999998
P,mnli@s0__qnli@s1,mnli,qnli,0.7,0.011556922891037047,1.0,0.7,0.5,0.7,0.5,0.7,0.7138098895089207,0.0,0.5294018155312497,0.0,0.5294018155312497,0.0,0.0625
P,mnli@s0__rte@s1,mnli,rte,0.7,-0.009850312669259953,1.0,0.7,0.5,0.5,0.5,1.0,-0.5146584652016228,0.0,1.2777584866974334,1.2777584866974334,1.2777584866974334,-0.5146584652016228,0.08985507246376812
P,mnli@s0__scitail@s1,mnli,scitail,0.7,0.0007927519818800022,1.0,0.7,0.5,0.7,0.7,0.7,1.1153477886350793,0.0,0.5287495514495144,0.0,0.0,0.0,0.03749999999999998
P,mnli@s0__snli@s1,mnli,snli,0.7,0.003713870697720223,1.0,0.7,0.5,0.7,0.7,0.7,0.7725489212403458,0.0,0.44943337499718794,0.0,0.0,0.0,0.04249999999999998
P,mnli@s0__sst2@s1,mnli,sst2,0.7,0.008433615508499193,1.0,0.7,0.5,1.0,1.3,0.7,0.7681689125110025,0.0,0.6361739489873397,0.7681689125110025,1.2017148351785245,0.0,0.050000000000000044
P,mnli@s0__stsb@s1,mnli,stsb,0.5,0.03518878595711705,1.0,0.7,0.5,0.7,1.3,0.7,-0.9044426189147137,-1.4184175694306855,0.0,-1.4184175694306855,0.32120785772534743,-1.4184175694306855,0.06464767869196719
P,mnli@s0__trec@s1,mnli,trec,1.0,0.0023782559456397845,1.0,0.7,0.5,1.0,1.0,1.3,0.0,-0.030445245521470987,1.1594699288423382,0.0,0.0,-0.2729545815236212,0.01750000000000007
P,mnli@s0__wic@s1,mnli,wic,0.7,0.007424569871468334,1.0,0.7,0.5,0.7,0.7,1.0,-0.1692398605688039,0.0,0.33672187065212356,0.0,0.0,-0.1692398605688039,0.08999999999999997
P,mnli@s0__yelp_polarity@s1,mnli,yelp_polarity,0.7,0.01535121839646214,1.0,0.7,0.5,1.0,0.7,0.7,0.09761859746668655,0.0,1.2970572924148716,0.09761859746668655,0.0,0.0,0.04749999999999999
P,mrpc@s0__qnli@s1,mrpc,qnli,0.7,0.02229534386534493,1.0,0.7,0.5,0.7,1.0,0.7,0.30905905905906916,0.0,0.49603174603174427,0.0,0.30905905905906916,0.0,0.06000000000000005
P,mrpc@s0__rte@s1,mrpc,rte,0.7,0.01913283689646894,1.0,0.7,0.5,0.7,1.0,0.7,2.5651967757231,0.0,2.1929824561403577,0.0,2.5651967757231,0.0,0.06923913043478258
P,mrpc@s0__scitail@s1,mrpc,scitail,1.0,0.032953726552093165,1.0,0.7,0.5,0.7,0.5,0.7,0.0,-1.5384420903597706,0.878315172047639,-1.5384420903597706,0.878315172047639,-1.5384420903597706,0.03749999999999998
P,mrpc@s0__snli@s1,mrpc,snli,0.7,0.037931779966370316,1.0,0.7,0.5,0.7,0.7,0.7,1.0584310244559303,0.0,0.7248018120045274,0.0,0.0,0.0,0.08000000000000007
P,mrpc@s0__sst2@s1,mrpc,sst2,0.7,0.018137975807199558,1.0,0.7,0.5,0.7,1.0,0.7,0.19629271573283757,0.0,0.9663318061451709,0.0,0.19629271573283757,0.0,0.04749999999999999
P,mrpc@s0__stsb@s1,mrpc,stsb,0.7,0.06580986318226079,1.0,0.7,0.5,0.7,1.0,1.0,-0.08640105317563318,0.0,2.404792816785739,0.0,-0.08640105317563318,-0.08640105317563318,0.11097071176779416
P,mrpc@s0__trec@s1,mrpc,trec,0.7,0.011049723756906049,1.0,0.7,0.5,0.7,0.5,0.5,0.36871923469862233,0.0,-0.36871923469861123,0.0,-0.36871923469861123,-0.36871923469861123,0.022499999999999964
P,mrpc@s0__wic@s1,mrpc,wic,0.5,0.028360153441578717,1.0,0.7,0.5,0.7,0.5,1.0,-1.4285714285714235,0.411840411840414,0.0,0.411840411840414,0.0,-1.4285714285714235,0.0774999999999999
P,mrpc@s0__yelp_polarity@s1,mrpc,yelp_polarity,0.7,0.012277470841006721,1.0,0.7,0.5,1.0,1.0,1.0,-0.33422251925769864,0.0,1.0133262659376419,-0.33422251925769864,-0.33422251925769864,-0.33422251925769864,0.03749999999999998
P,qnli@s0__rte@s1,qnli,rte,1.0,0.017072476018964333,1.0,0.7,0.5,0.7,1.0,0.7,0.0,-1.4383725599209418,0.9746803187546282,-1.4383725599209418,0.0,-1.4383725599209418,0.062355072463768146
P,qnli@s0__scitail@s1,qnli,scitail,0.5,0.018056692471408287,1.0,0.7,0.5,0.5,0.7,0.7,-0.1899419788139456,-0.8804052095548021,0.0,0.0,-0.8804052095548021,-0.8804052095548021,0.03500000000000003
P,qnli@s0__snli@s1,qnli,snli,0.7,0.013091072806791892,1.0,0.7,0.5,0.7,1.0,0.7,0.017184434466366305,0.0,1.1406850645207522,0.0,0.017184434466366305,0.0,0.040000000000000036
P,qnli@s0__sst2@s1,qnli,sst2,0.7,0.005492224985860883,1.0,0.7,0.5,0.5,0.7,1.0,-0.042542384947319434,0.0,0.8832250892602866,0.8832250892602866,0.0,-0.042542384947319434,0.03750000000000009
P,qnli@s0__stsb@s1,qnli,stsb,0.7,0.006267776873400854,1.0,0.7,0.5,0.7,0.7,1.0,-0.0809939723052544,0.0,1.7282804377112715,0.0,0.0,-0.0809939723052544,0.024344108602714964
P,qnli@s0__trec@s1,qnli,trec,1.0,0.01162582461155015,1.0,0.7,0.5,0.7,0.7,1.0,0.0,0.03301056338027575,0.356347708242577,0.03301056338027575,0.03301056338027575,0.0,0.015000000000000013
P,qnli@s0__wic@s1,qnli,wic,0.7,0.004754860524091242,1.0,0.7,0.5,0.7,0.7,0.7,0.38348144422087893,0.0,0.8943242790073747,0.0,0.0,0.0,0.06000000000000005
P,qnli@s0__yelp_polarity@s1,qnli,yelp_polarity,1.0,0.006831267456001822,1.0,0.7,0.5,0.7,1.0,1.0,0.0,0.055707231558188575,0.992700098480459,0.055707231558188575,0.0,0.0,0.015000000000000013
P,rte@s0__scitail@s1,rte,scitail,0.7,-0.009731259816697424,1.0,0.7,0.5,0.7,0.7,0.7,2.132409218470954,0.0,1.9716812654137383,0.0,0.0,0.0,0.030362318840579716
P,rte@s0__snli@s1,rte,snli,0.7,-0.007883045376874787,1.0,0.7,0.5,0.7,0.7,0.7,0.224956244208796,0.0,2.250077216102131,0.0,0.0,0.0,0.03311594202898549
P,rte@s0__sst2@s1,rte,sst2,1.0,0.0,1.0,0.7,0.5,1.0,1.5,1.0,0.0,1.4293793298458923,1.5849003251802607,0.0,2.4402657995193033,0.0,0.014746376811594186
P,rte@s0__stsb@s1,rte,stsb,0.7,0.009832832884605125,1.0,0.7,0.5,0.7,0.7,1.0,-1.2255316215348477,0.0,2.902523734721729,0.0,0.0,-1.2255316215348477,0.041017308041396694
P,rte@s0__trec@s1,rte,trec,1.0,-0.0011524782784855248,1.0,0.7,0.5,1.0,1.0,1.0,0.0,0.454545454545463,1.363636363636378,0.0,0.0,0.0,0.018115942028985588
P,rte@s0__wic@s1,rte,wic,0.7,0.018558951965065518,1.0,0.7,0.5,0.7,0.7,0.5,0.0,0.0,-0.6132756132756101,0.0,0.0,-0.6132756132756101,0.04561594202898556
P,rte@s0__yelp_polarity@s1,rte,yelp_polarity,1.0,0.009756747024232348,1.0,0.7,0.5,0.7,1.3,1.0,0.0,1.0050192825720394,1.619445359586047,1.0050192825720394,0.10658708164570374,0.0,0.03623188405797095
P,scitail@s0__snli@s1,scitail,snli,1.0,0.007380647911338523,1.0,0.7,0.5,0.7,1.0,1.0,0.0,0.42318240642682525,2.642163741646608,0.42318240642682525,0.0,0.0,0.030000000000000027
P,scitail@s0__sst2@s1,scitail,sst2,1.0,0.007910847792354403,1.0,0.7,0.5,1.0,1.0,1.0,0.0,0.5395670491512572,2.6546669991366234,0.0,0.0,0.0,0.0050000000000000044
P,scitail@s0__stsb@s1,scitail,stsb,1.0,0.0064440964651155674,1.0,0.7,0.5,1.0,1.3,1.0,0.0,1.5023563195977419,5.345315483054113,0.0,0.33331358848363024,0.0,0.01217542938573457
P,scitail@s0__trec@s1,scitail,trec,1.0,-0.00024661410956139385,1.0,0.7,0.5,1.0,1.0,1.3,0.0,0.6487488415199305,2.316960148285463,0.0,0.0,-0.032803696944794236,0.0050000000000000044
P,scitail@s0__wic@s1,scitail,wic,0.7,0.007673602191968443,1.0,0.7,0.5,0.7,0.7,1.0,-0.44264971975815914,0.0,0.7414272474513428,0.0,0.0,-0.44264971975815914,0.05499999999999994
P,scitail@s0__yelp_polarity@s1,scitail,yelp_polarity,1.0,0.010690547551126084,1.0,0.7,0.5,1.3,1.3,1.3,0.0,0.8943535320627638,3.6348664421390287,-0.07876973021713196,-0.07876973021713196,-0.07876973021713196,0.022499999999999964
P,snli@s0__sst2@s1,snli,sst2,0.7,0.001803275597084486,1.0,0.7,0.5,1.0,0.7,0.7,0.7170183594093049,0.0,0.208777729620091,0.7170183594093049,0.0,0.0,0.022499999999999964
P,snli@s0__stsb@s1,snli,stsb,0.5,0.060402583340783744,1.0,0.7,0.5,0.7,1.0,1.0,-2.4098279688211433,-2.1607544663604816,0.0,-2.1607544663604816,-2.4098279688211433,-2.4098279688211433,0.05870396759918994
P,snli@s0__trec@s1,snli,trec,0.7,0.0022323258254404177,1.0,0.7,0.5,1.0,1.0,0.5,-0.059034232813170995,0.0,-0.13872457889695378,-0.059034232813170995,-0.059034232813170995,-0.13872457889695378,0.010000000000000009
P,snli@s0__wic@s1,snli,wic,0.7,0.007864649806078372,1.0,0.7,0.5,0.5,0.7,0.5,0.08229247983346788,0.0,-0.45472287275567513,-0.45472287275567513,0.0,-0.45472287275567513,0.07250000000000001
P,snli@s0__yelp_polarity@s1,snli,yelp_polarity,1.0,0.0069830462019624395,1.0,0.7,0.5,1.0,1.3,0.7,0.0,-0.0683060109289535,0.35609113137237136,0.0,0.4829957687452424,-0.0683060109289535,0.012499999999999956
P,sst2@s0__stsb@s1,sst2,stsb,1.0,0.009207423418021055,1.0,0.7,0.5,1.0,1.0,1.0,0.0,0.7643609741273538,3.496939458622328,0.0,0.0,0.0,0.020932460811520226
P,sst2@s0__trec@s1,sst2,trec,1.0,0.0010309278350515427,1.0,0.7,0.5,1.0,1.0,0.5,0.0,-0.31201248049922414,-0.42164573180866194,0.0,0.0,-0.42164573180866194,0.007500000000000062
P,sst2@s0__wic@s1,sst2,wic,0.7,-0.0026763067750961156,1.0,0.7,0.5,0.7,0.7,0.5,0.15600624024960652,0.0,-0.3954634375851196,0.0,0.0,-0.3954634375851196,0.06000000000000005
P,sst2@s0__yelp_polarity@s1,sst2,yelp_polarity,0.7,0.0011103636802514139,1.0,0.7,0.5,0.7,0.7,0.7,0.010658708164568154,0.0,0.24515028778511194,0.0,0.0,0.0,0.012499999999999956
P,stsb@s0__trec@s1,stsb,trec,0.7,0.00959129521048252,1.0,0.7,0.5,0.7,0.7,0.7,0.025042347404147236,0.0,1.7428108541202803,0.0,0.0,0.0,0.01068270456761411
P,stsb@s0__wic@s1,stsb,wic,1.0,-0.007360672747844799,1.0,0.7,0.5,0.5,0.7,1.0,0.0,0.7879127849408585,1.8400949425486868,1.8400949425486868,0.7879127849408585,0.0,0.06369496737418423
P,stsb@s0__yelp_polarity@s1,stsb,yelp_polarity,1.0,0.011672828790520784,1.0,0.7,0.5,1.0,1.0,1.0,0.0,0.328273137217705,1.8656702164268513,0.0,0.0,0.0,0.013734155853896257
P,trec@s0__wic@s1,trec,wic,0.7,0.005263488249060755,1.0,0.7,0.5,0.7,0.7,0.7,0.6075533661740629,0.0,1.2561576354679804,0.0,0.0,0.0,0.04499999999999993
P,trec@s0__yelp_polarity@s1,trec,yelp_polarity,0.7,0.002561377900300421,1.0,0.7,0.5,1.0,0.7,1.3,0.1191202522806023,0.19373120943260158,0.6006365821565884,0.1191202522806023,0.19373120943260158,0.0,0.0050000000000000044
P,wic@s0__yelp_polarity@s1,wic,yelp_polarity,0.7,0.0035921988119402837,1.0,0.7,0.5,1.0,1.3,1.0,-0.5610477510125778,0.0,-0.2555758367085881,-0.5610477510125778,1.807650287785112,-0.5610477510125778,0.03249999999999997
