layer_name,status,theta_min_deg,overlap,n_shared,rank1,rank2,thetas_deg
encoder.layer.0.attention.self.query,PASS,89.99998884409983,7.166326993629513e-14,0,8,8,"[89.99999237060547, 90.0, 90.0, 90.0, 90.0, 90.0, 90.0, 90.0]"
encoder.layer.0.attention.self.key,FAIL,2.145483440715361,3.388638973236084,3,8,8,"[2.1454834938049316, 2.479624032974243, 2.91329288482666, 61.557926177978516, 68.52580261230469, 81.2437973022461, 84.54619598388672, 87.82649230957031]"
encoder.layer.0.attention.self.value,FAIL,2.363391448117921,2.566632032394409,2,8,8,"[2.363391399383545, 2.4323651790618896, 61.94879150390625, 68.78898620605469, 70.1990966796875, 72.60778045654297, 84.0182113647461, 86.79540252685547]"
encoder.layer.0.attention.self.dense,FAIL,2.4184039261273194,1.6548508405685425,1,8,8,"[2.4184038639068604, 57.07275390625, 66.68650817871094, 70.07013702392578, 75.36395263671875, 82.30220031738281, 85.7320556640625, 88.17628479003906]"
encoder.layer.1.attention.self.query,FAIL,2.304691948617185,1.810402512550354,1,8,8,"[2.304692029953003, 57.9425163269043, 62.553462982177734, 71.09121704101562, 71.61798858642578, 73.56986999511719, 80.19686126708984, 86.19631958007812]"
encoder.layer.1.attention.self.key,FAIL,2.2465503901942747,3.378293037414551,3,8,8,"[2.2465503215789795, 3.0496010780334473, 3.2187492847442627, 64.84864807128906, 71.2789077758789, 76.28099822998047, 79.87371826171875, 82.96405029296875]"
encoder.layer.1.attention.self.value,PASS,89.99998201391065,1.3026408565101205e-13,0,8,8,"[89.99998474121094, 89.99999237060547, 90.0, 90.0, 90.0, 90.0, 90.0, 90.0]"
encoder.layer.1.attention.self.dense,FAIL,2.3383312706097326,2.416013240814209,2,8,8,"[2.3383312225341797, 2.628082036972046, 62.10298538208008, 73.36028289794922, 74.02474212646484, 78.63764190673828, 86.25418090820312, 89.6491928100586]"
encoder.layer.2.attention.self.query,PASS,89.99998884409983,9.982855200037916e-14,0,8,8,"[89.99999237060547, 89.99999237060547, 90.0, 90.0, 90.0, 90.0, 90.0, 90.0]"
encoder.layer.2.attention.self.key,PASS,89.99998884409983,5.198014531282956e-14,0,8,8,"[89.99999237060547, 90.0, 90.0, 90.0, 90.0, 90.0, 90.0, 90.0]"
encoder.layer.2.attention.self.value,FAIL,1.9551467725580274,2.6982388496398926,2,8,8,"[1.9551467895507812, 2.9623351097106934, 55.896278381347656, 60.36050796508789, 72.1861343383789, 78.0044174194336, 86.16461944580078, 87.52433776855469]"
encoder.layer.2.attention.self.dense,FAIL,2.062888951290159,3.5826549530029297,3,8,8,"[2.0628888607025146, 2.4984185695648193, 3.1729280948638916, 58.140018463134766, 68.22639465332031, 69.67542266845703, 77.03838348388672, 87.6068115234375]"
encoder.layer.3.attention.self.query,FAIL,2.7702920705152025,2.42634916305542,2,8,8,"[2.770292043685913, 3.0005486011505127, 64.30558776855469, 66.28172302246094, 75.41360473632812, 84.06468963623047, 85.50446319580078, 87.86722564697266]"
encoder.layer.3.attention.self.key,FAIL,1.5340385029134729,3.408529281616211,3,8,8,"[1.5340385437011719, 2.322288990020752, 3.208026647567749, 62.08854293823242, 69.17868041992188, 75.21808624267578, 86.73961639404297, 89.15497589111328]"
encoder.layer.3.attention.self.value,FAIL,2.462435380942041,2.3613898754119873,2,8,8,"[2.462435483932495, 2.7370240688323975, 68.2298355102539, 70.53659057617188, 74.34009552001953, 79.90554809570312, 83.3644027709961, 89.91316986083984]"
encoder.layer.3.attention.self.dense,FAIL,2.3878612411497264,3.2668981552124023,3,8,8,"[2.3878612518310547, 2.97058367729187, 3.209491014480591, 71.09297180175781, 72.82374572753906, 75.09528350830078, 82.9376220703125, 88.2137680053711]"
encoder.layer.4.attention.self.query,FAIL,2.0855342300399244,2.7747178077697754,2,8,8,"[2.0855343341827393, 2.2788150310516357, 58.149436950683594, 60.63077163696289, 64.36522674560547, 75.46165466308594, 85.16246032714844, 87.91436767578125]"
encoder.layer.4.attention.self.key,PASS,89.99998884409983,8.66734730319528e-14,0,8,8,"[89.99999237060547, 89.99999237060547, 90.0, 90.0, 90.0, 90.0, 90.0, 90.0]"
encoder.layer.4.attention.self.value,FAIL,1.902589107225014,3.5436794757843018,3,8,8,"[1.9025890827178955, 2.2881574630737305, 2.9701225757598877, 54.015018463134766, 68.86355590820312, 77.8156967163086, 81.37357330322266, 85.28771209716797]"
encoder.layer.4.attention.self.dense,FAIL,2.3702553613469606,1.8270808458328247,1,8,8,"[2.370255470275879, 53.48428726196289, 59.32943344116211, 68.96077728271484, 75.60099792480469, 82.33788299560547, 85.87187194824219, 88.35098266601562]"
encoder.layer.5.attention.self.query,FAIL,2.133499873816574,2.585296392440796,2,8,8,"[2.13349986076355, 2.4770967960357666, 60.26618957519531, 64.00638580322266, 72.04838562011719, 78.55786895751953, 82.73109436035156, 89.36588287353516]"
encoder.layer.5.attention.self.key,FAIL,2.4871117871962394,1.6526752710342407,1,8,8,"[2.487111806869507, 60.28997039794922, 64.6789779663086, 68.6764907836914, 76.870361328125, 80.52973175048828, 83.03414154052734, 88.85311126708984]"
encoder.layer.5.attention.self.value,PASS,89.99998884409983,6.058176150406519e-14,0,8,8,"[89.99999237060547, 90.0, 90.0, 90.0, 90.0, 90.0, 90.0, 90.0]"
encoder.layer.5.attention.self.dense,FAIL,2.2265983404116096,3.3754923343658447,3,8,8,"[2.2265982627868652, 2.4022440910339355, 2.5484490394592285, 64.05677795410156, 67.88472747802734, 79.89959716796875, 82.62483978271484, 88.876708984375]"
encoder.layer.6.attention.self.query,FAIL,1.8017883216803197,3.422236919403076,3,8,8,"[1.801788330078125, 2.1700639724731445, 2.860607385635376, 62.1978874206543, 67.38701629638672, 76.08967590332031, 86.65165710449219, 88.6513671875]"
encoder.layer.6.attention.self.key,FAIL,2.0003692416092704,2.3762640953063965,2,8,8,"[2.0003693103790283, 2.537287712097168, 66.94852447509766, 68.3646469116211, 73.90910339355469, 83.74760437011719, 87.82779693603516, 89.52176666259766]"
encoder.layer.6.attention.self.value,FAIL,2.5947267536550793,2.0466275215148926,1,8,8,"[2.594726800918579, 51.9990234375, 57.29646301269531, 63.108428955078125, 72.3262710571289, 77.87860107421875, 79.00277709960938, 88.75376892089844]"
encoder.layer.6.attention.self.dense,FAIL,2.3732260667490928,3.57784366607666,3,8,8,"[2.3732261657714844, 2.7790400981903076, 3.3264310359954834, 57.335628509521484, 63.01336669921875, 74.51589965820312, 82.83180236816406, 87.99806213378906]"
encoder.layer.7.attention.self.query,FAIL,2.2021153138882874,2.5283756256103516,2,8,8,"[2.202115297317505, 2.5456056594848633, 56.258365631103516, 70.64768981933594, 75.97797393798828, 78.6638412475586, 82.74592590332031, 89.18429565429688]"
encoder.layer.7.attention.self.key,FAIL,1.941183091130171,1.9270403385162354,1,8,8,"[1.941183090209961, 55.709686279296875, 59.26716232299805, 63.81412887573242, 71.22840881347656, 77.68441772460938, 85.61988067626953, 89.79188537597656]"
encoder.layer.7.attention.self.value,FAIL,2.375534243801734,1.7546746730804443,1,8,8,"[2.3755342960357666, 59.0398063659668, 59.87800979614258, 67.28486633300781, 76.22997283935547, 80.5571060180664, 86.3262710571289, 86.8056869506836]"
encoder.layer.7.attention.self.dense,PASS,89.99998884409983,8.428303085832034e-14,0,8,8,"[89.99999237060547, 90.0, 90.0, 90.0, 90.0, 90.0, 90.0, 90.0]"
encoder.layer.8.attention.self.query,PASS,89.99998884409983,8.77225402777862e-14,0,8,8,"[89.99999237060547, 89.99999237060547, 90.0, 90.0, 90.0, 90.0, 90.0, 90.0]"
encoder.layer.8.attention.self.key,FAIL,1.8997067673952686,2.53037166595459,2,8,8,"[1.8997068405151367, 3.060622215270996, 59.65141677856445, 65.91154479980469, 74.08747863769531, 81.0223388671875, 85.00643157958984, 85.80389404296875]"
encoder.layer.8.attention.self.value,FAIL,2.0344202959427227,3.2974016666412354,3,8,8,"[2.0344202518463135, 2.54368257522583, 3.3662736415863037, 66.34550476074219, 71.10809326171875, 80.06454467773438, 84.80776977539062, 88.99571228027344]"
encoder.layer.8.attention.self.dense,PASS,89.99998884409983,6.952512160820004e-14,0,8,8,"[89.99999237060547, 90.0, 90.0, 90.0, 90.0, 90.0, 90.0, 90.0]"
encoder.layer.9.attention.self.query,FAIL,2.4541548437904583,3.3524060249328613,3,8,8,"[2.4541549682617188, 2.750720977783203, 3.0067403316497803, 66.76078033447266, 69.2249755859375, 75.02994537353516, 84.01454162597656, 89.1948471069336]"
encoder.layer.9.attention.self.key,FAIL,2.287387450911546,3.4230451583862305,3,8,8,"[2.2873873710632324, 2.5157506465911865, 3.277635097503662, 59.180999755859375, 70.11583709716797, 79.25492858886719, 83.84895324707031, 85.77332305908203]"
encoder.layer.9.attention.self.value,FAIL,2.1583075477688833,1.946981430053711,1,8,8,"[2.1583075523376465, 53.18528747558594, 58.36098098754883, 69.50566864013672, 70.77527618408203, 76.1677017211914, 80.9882583618164, 87.8118667602539]"
encoder.layer.9.attention.self.dense,FAIL,2.284390705413203,2.6428136825561523,2,8,8,"[2.284390687942505, 3.0848324298858643, 54.60337829589844, 69.53697204589844, 71.61992645263672, 76.7327880859375, 78.9563980102539, 88.40120697021484]"
encoder.layer.10.attention.self.query,PASS,89.99998884409983,8.176648241950066e-14,0,8,8,"[89.99999237060547, 89.99999237060547, 90.0, 90.0, 90.0, 90.0, 90.0, 90.0]"
encoder.layer.10.attention.self.key,FAIL,1.9880036110037853,3.2569220066070557,3,8,8,"[1.9880036115646362, 2.3395862579345703, 3.108098030090332, 69.1158218383789, 74.5763931274414, 76.91900634765625, 83.4779281616211, 88.38297271728516]"
encoder.layer.10.attention.self.value,FAIL,2.5077240174508684,2.6327760219573975,2,8,8,"[2.5077240467071533, 3.1017301082611084, 61.43593215942383, 63.97222900390625, 70.51725769042969, 72.73414611816406, 83.27012634277344, 86.66532897949219]"
encoder.layer.10.attention.self.dense,FAIL,3.0978775480625345,1.6042293310165405,1,8,8,"[3.0978775024414062, 56.27564239501953, 66.06082916259766, 73.95783233642578, 79.01921081542969, 83.49874114990234, 85.1031723022461, 87.77838134765625]"
encoder.layer.11.attention.self.query,PASS,89.99998884409983,7.316609612010444e-14,0,8,8,"[89.99999237060547, 90.0, 90.0, 90.0, 90.0, 90.0, 90.0, 90.0]"
encoder.layer.11.attention.self.key,FAIL,1.8912403210322146,3.3194870948791504,3,8,8,"[1.8912403583526611, 2.3357350826263428, 3.9682252407073975, 64.3046646118164, 74.34730529785156, 77.00062561035156, 83.11821746826172, 87.95036315917969]"
encoder.layer.11.attention.self.value,FAIL,2.6062430929259555,1.731223702430725,1,8,8,"[2.606243133544922, 55.14688491821289, 67.92239379882812, 70.54191589355469, 74.57738494873047, 76.14546966552734, 81.41913604736328, 86.30876159667969]"
encoder.layer.11.attention.self.dense,FAIL,1.8219862582731052,3.4565389156341553,3,8,8,"[1.8219863176345825, 2.2093913555145264, 2.9790725708007812, 59.40876770019531, 66.26145935058594, 79.01749420166016, 86.450439453125, 88.63980102539062]"
