source,scope,rule,better_baseline,regret_pp,regret_lo,regret_hi,diff_vs_better_pp,diff_lo,diff_hi,removed_vs_better,useful
full_eval,bert/R0,W3,W2,0.7858968504864744,0.11408908734062849,1.801397202114444,-1.5832510656067353,-3.2129810966051604,0.22081547072987742,0.6682786899255999,False
full_eval,bert/R0,F1_within,W2,0.7613921951631993,0.08590516117622321,1.7764975706504478,-1.6077557209300102,-3.240091286285454,0.19598847655397236,0.6786219256336024,False
full_eval,bert/R0,F2_within,W2,1.454538794877656,0.21659880389048475,3.4984187930939386,-0.9146091212155536,-2.40122177104258,1.14434702379825,0.3860498177436591,False
full_eval,bert/R0,F3_within,W2,1.0751583521529415,0.23492714087841096,2.1991995804284623,-1.2939895639402683,-2.707415643509961,0.2801213243993231,0.5461835266385953,False
full_eval,bert/R0,F1_lobo,W2,0.7613921951631993,0.08590516117622321,1.7764975706504478,-1.6077557209300102,-3.240091286285454,0.19598847655397236,0.6786219256336024,False
full_eval,bert/R0,F2_lobo,W2,1.3461960725600548,0.25203687187066703,3.0149288863387755,-1.022951843533155,-2.8669987414642946,1.4342965552730849,0.43178048807523606,False
full_eval,bert/R0,F3_lobo,W2,1.7985749529441124,0.43545934788391744,3.7908316321228517,-0.5705729631490976,-2.7243050738662,2.237099608345159,0.24083467278395498,False
full_eval,bert/S1,W3,W2,0.7579169569596951,0.08344184650527507,2.1144366348896746,-1.6170022965972326,-3.05839404431229,0.28708852166146376,0.6808662206832677,False
full_eval,bert/S1,F1_within,W2,0.7484558017746985,0.08026334715353044,2.092035947403869,-1.626463451782229,-3.0691615845558182,0.2729002537259043,0.6848500004142319,False
full_eval,bert/S1,F2_within,W2,1.2971125256832203,0.19265995596042618,3.047546715398156,-1.0778067278737076,-2.456298874992748,0.9518918350341935,0.453828788603853,False
full_eval,bert/S1,F3_within,W2,0.9624352384734679,0.21023975837132916,2.070625732897554,-1.4124840150834599,-2.662571637038727,0.15141601619290498,0.5947503322346542,False
full_eval,bert/S1,F1_lobo,W2,0.7484558017746985,0.08026334715353044,2.092035947403869,-1.626463451782229,-3.0691615845558182,0.2729002537259043,0.6848500004142319,False
full_eval,bert/S1,F2_lobo,W2,1.9249482172381958,0.33296127198057585,4.339738204478037,-0.44997103631873187,-2.4618470738109086,2.5004218245963448,0.18946793060219125,False
full_eval,bert/S1,F3_lobo,W2,1.7677338569831311,0.597465171375047,3.729995844270923,-0.6071853965737967,-2.6039556115272173,1.9458406375294066,0.2556657013346505,False
full_eval,bert/P,W3,W2,0.6251224708944224,0.05251676831432257,1.8441011691118538,-2.007113293936503,-3.372948667407189,-0.44258556354708867,0.7625127356574097,True
full_eval,bert/P,F1_within,W2,0.7048334454248636,0.08267515717431219,1.9825106436612225,-1.927402319406062,-3.279975287464083,-0.34397252715633947,0.7322301235922396,True
full_eval,bert/P,F2_within,W2,1.010811712553908,0.0818852254030016,2.416980135525084,-1.6214240522770171,-2.8055868847609187,-0.30997704507651036,0.6159873951796887,True
full_eval,bert/P,F3_within,W2,0.9593462544895149,0.228296548659953,2.0515825831295373,-1.67288951034141,-2.965366379151828,-0.12914812553777338,0.635539389249528,True
full_eval,bert/P,F1_lobo,W2,0.7048334454248636,0.08267515717431219,1.9825106436612225,-1.927402319406062,-3.279975287464083,-0.34397252715633947,0.7322301235922396,True
full_eval,bert/P,F2_lobo,W2,1.7205483395292533,0.3212907816017456,3.75131342015722,-0.9116874253016719,-2.5882513013217836,1.459218329737741,0.3463547747062208,False
full_eval,bert/P,F3_lobo,W2,1.976670117758885,0.7588898612216941,3.7628040841858077,-0.6555656470720402,-2.5877503887615165,1.7735932404621366,0.2490527846445202,False
full_eval,bert/all,W3,W2,0.722978759446864,0.1381082781134641,1.806399058557535,-1.735788885380157,-3.1348821649323466,-0.014128079417113706,0.7059588932821967,True
full_eval,bert/all,F1_within,W2,0.7382271474542539,0.14140435857020642,1.822289762796559,-1.7205404973727672,-3.125692856703746,0.027410370719892413,0.6997572548152717,False
full_eval,bert/all,F2_within,W2,1.254154344371595,0.20506755919238032,2.9566816640484075,-1.2046133004554263,-2.465683432627387,0.5743782401331559,0.4899256353034419,False
full_eval,bert/all,F3_within,W2,0.9989799483719748,0.3042184550013603,1.9088575702935693,-1.4597876964550462,-2.659136769141039,0.042574659695362664,0.5937070546402708,False
full_eval,bert/all,F1_lobo,W2,0.7382271474542539,0.14140435857020642,1.822289762796559,-1.7205404973727672,-3.125692856703746,0.027410370719892413,0.6997572548152717,False
full_eval,bert/all,F2_lobo,W2,1.6638975431091678,0.35289080678701173,3.519438512977059,-0.7948701017178529,-2.524590105298857,1.689476951287665,0.32327987697014526,False
full_eval,bert/all,F3_lobo,W2,1.8476596425620426,0.7281996865371908,3.6514224981268324,-0.6111080022649781,-2.4970392757969977,1.8552990412188912,0.24854239624906527,False
full_eval,roberta/R0,W3,W2,0.22677637472537399,-0.048810197670131054,0.7760736533350054,-0.7755029817169896,-1.3186545038247497,-0.21572862478225913,0.7737393539358856,True
full_eval,roberta/R0,F1_within,W2,0.22369183969527426,-0.05943756016412948,0.7892167349344584,-0.7785875167470895,-1.3272856714783816,-0.19649453438255582,0.7768168742003441,True
full_eval,roberta/R0,F2_within,W2,0.2802234958192856,-0.03825490100665613,0.9064610513057529,-0.7220558606230781,-1.265642456092696,-0.16815485891472456,0.7204137808305744,True
full_eval,roberta/R0,F3_within,W2,0.36206878954647753,0.0004930452360215212,0.9515062338309199,-0.6402105668958861,-1.2624807717850564,0.044336468267788386,0.6387546174435266,False
full_eval,roberta/R0,F1_lobo,W2,0.22369183969527426,-0.05943756016412948,0.7892167349344584,-0.7785875167470895,-1.3272856714783816,-0.19649453438255582,0.7768168742003441,True
full_eval,roberta/R0,F2_lobo,W2,0.2777337932105701,-0.06309183558960242,0.8711702664681856,-0.7245455632317935,-1.24911021676182,-0.24479200568418516,0.722897821425357,True
full_eval,roberta/R0,F3_lobo,W2,0.3096116030651726,-0.08300366854814274,1.0805534702273587,-0.6926677533771912,-1.0959858037141916,-0.18809391169807033,0.691092507218593,True
full_eval,roberta/S1,W3,W1,0.16454644618799694,-0.14178193766399386,0.6217703938704225,-0.8086445938028124,-1.7857566425810507,-0.033948185301336184,0.8309207139951157,True
full_eval,roberta/S1,F1_within,W1,0.13308944480471732,-0.17406691907210675,0.604421942511645,-0.8401015951860921,-1.8212477560861886,-0.07658614383429384,0.8632442764721979,True
full_eval,roberta/S1,F2_within,W1,0.27556854293045735,-0.043180233572765285,0.7711614191455655,-0.697622497060352,-1.6672754002020849,0.047047784384281366,0.7168402383430701,False
full_eval,roberta/S1,F3_within,W1,0.297438095883566,-0.026744154609889995,0.8222279112555829,-0.6757529441072433,-1.6100352536885312,0.054484117402381425,0.6943682343331327,False
full_eval,roberta/S1,F1_lobo,W1,0.13308944480471732,-0.17406691907210675,0.604421942511645,-0.8401015951860921,-1.8212477560861886,-0.07658614383429384,0.8632442764721979,True
full_eval,roberta/S1,F2_lobo,W1,0.2986097727685211,-0.09621573738011421,0.94193483305346,-0.6745812672222883,-1.6994779583235384,0.21080377921442164,0.693164280703467,False
full_eval,roberta/S1,F3_lobo,W1,0.27546171737256964,-0.11583532111909228,0.9490264053932351,-0.6977293226182396,-1.8619541129414034,0.32192855784344576,0.7169500066758003,False
full_eval,roberta/P,W3,W1,0.10475583375848278,-0.108064755076534,0.38624666559820703,-0.8477520627033085,-1.8085647930776496,-0.19500615539400704,0.8900210337913089,True
full_eval,roberta/P,F1_within,W1,0.09389095467236651,-0.12148783503199895,0.3811388367390823,-0.8586169417894248,-1.8085754566180086,-0.21368076137799072,0.901427636431009,True
full_eval,roberta/P,F2_within,W1,0.13088071998599046,-0.06740505325175548,0.40454461378462586,-0.8216271764758007,-1.7802148136307416,-0.18512570489661345,0.8625935590957691,True
full_eval,roberta/P,F3_within,W1,0.1828867243290479,-0.05988604136261589,0.5168950012918087,-0.7696211721327432,-1.691013257850039,-0.17120563095500352,0.8079945321100189,True
full_eval,roberta/P,F1_lobo,W1,0.09389095467236651,-0.12148783503199895,0.3811388367390823,-0.8586169417894248,-1.8085754566180086,-0.21368076137799072,0.901427636431009,True
full_eval,roberta/P,F2_lobo,W1,0.07074046997138946,-0.15931467578153988,0.3685785911497498,-0.8817674264904019,-1.8550590737368877,-0.2176006246893399,0.9257324057531032,True
full_eval,roberta/P,F3_lobo,W1,0.07036250794950612,-0.15971389816715412,0.3685785911497498,-0.8821453885122852,-1.8550590737368877,-0.21763091342670984,0.926129212985135,True
full_eval,roberta/all,W3,W1,0.16535955155728457,-0.06749867127652623,0.5574426266424557,-0.8401856435980877,-1.7655890889643382,-0.17716484392907203,0.8355523427947622,True
full_eval,roberta/all,F1_within,W1,0.15022407972411933,-0.07773014091076016,0.5483945719564078,-0.855321115431253,-1.77721124754995,-0.18896124018115856,0.8506043483198114,True
full_eval,roberta/all,F2_within,W1,0.22889091957857777,-0.0059506086074429115,0.6113125020898617,-0.7766542755767946,-1.702828368491,-0.12331115823725923,0.7723713258425837,True
full_eval,roberta/all,F3_within,W1,0.2807978699196972,0.01318086157306314,0.7233461446464191,-0.7247473252356751,-1.6019686234338009,-0.10839739312894127,0.7207506223762428,True
full_eval,roberta/all,F1_lobo,W1,0.15022407972411933,-0.07773014091076016,0.5483945719564078,-0.855321115431253,-1.77721124754995,-0.18896124018115856,0.8506043483198114,True
full_eval,roberta/all,F2_lobo,W1,0.21569467865016023,-0.052604678404920606,0.6564529488630831,-0.789850516505212,-1.7227153461763993,-0.07841054955137637,0.7854947945757604,True
full_eval,roberta/all,F3_lobo,W1,0.21847860946241612,-0.060123418543470905,0.7351206778259647,-0.7870665856929562,-1.7604867030115523,-0.05605873750650521,0.782726216071613,True
full_eval,qwen/R0,W3,W2,1.0849379155133723,0.3103271577163217,2.4724725140192345,-0.02849035414619982,-1.4153770027916093,1.6174101775887582,0.025587956514621868,False
full_eval,qwen/R0,F1_within,W2,1.0849379155133723,0.3103271577163217,2.4724725140192345,-0.02849035414619982,-1.4153770027916093,1.6174101775887582,0.025587956514621868,False
full_eval,qwen/R0,F2_within,W2,1.2265587581265185,0.3865091636301188,2.612682614953548,0.1131304884669463,-1.2192103036725752,1.7071838487958007,-0.10160554707447456,False
full_eval,qwen/R0,F3_within,W2,1.4432779894524623,0.5341438267059546,2.788635499187568,0.3298497197928902,-0.8827387526902138,1.9016733138632715,-0.29624694179333266,False
full_eval,qwen/R0,F1_lobo,W2,1.0849379155133723,0.3103271577163217,2.4724725140192345,-0.02849035414619982,-1.4153770027916093,1.6174101775887582,0.025587956514621868,False
full_eval,qwen/R0,F2_lobo,W2,0.9919312746161626,0.4054629419780189,1.7267206762808627,-0.1214969950434095,-1.1469381320424927,0.8251515508012787,0.10911973259000951,False
full_eval,qwen/R0,F3_lobo,W2,9.05632340985273,5.478819327305988,12.86801626058122,7.942895140193158,4.921907062152867,11.157189335758503,-7.1337286438952,False
full_eval,qwen/S1,W3,W1,0.7776311181824838,0.10867086077156393,1.6502710205091837,-1.228152918876791,-2.22975650492866,-0.3665201618484162,0.6123056601235164,True
full_eval,qwen/S1,F1_within,W1,0.7776311181824838,0.10867086077156393,1.6502710205091837,-1.228152918876791,-2.22975650492866,-0.3665201618484162,0.6123056601235164,True
full_eval,qwen/S1,F2_within,W1,0.947217774062195,0.27590532175587856,1.8287886368278163,-1.05856626299708,-2.089788856871713,-0.09355657619668396,0.5277568489123423,True
full_eval,qwen/S1,F3_within,W1,0.9805740526685908,0.3173577161772507,1.86650526319933,-1.025209984390684,-2.1218795526985605,0.014955287182607127,0.5111268040071589,False
full_eval,qwen/S1,F1_lobo,W1,0.7776311181824838,0.10867086077156393,1.6502710205091837,-1.228152918876791,-2.22975650492866,-0.3665201618484162,0.6123056601235164,True
full_eval,qwen/S1,F2_lobo,W1,2.958855954863915,0.8217100014864724,6.262035334330446,0.9530719178046404,-1.232085383303657,4.554010862105887,-0.4751617822235541,False
full_eval,qwen/S1,F3_lobo,W1,9.546755042592974,5.5175531892600596,14.297248355693021,7.5409710055337,3.1804106266259278,12.932079237518193,-3.7596126333668938,False
full_eval,qwen/P,W3,W1,0.8825342952214987,0.26730674163349144,1.7405329611237896,-0.01318561206207969,-1.1579300889868507,1.0676992354324637,0.014720686628554747,False
full_eval,qwen/P,F1_within,W1,0.8825342952214987,0.26730674163349144,1.7405329611237896,-0.01318561206207969,-1.1579300889868507,1.0676992354324637,0.014720686628554747,False
full_eval,qwen/P,F2_within,W1,0.879226487567859,0.09173415911814109,2.450278916727599,-0.016493419715719288,-0.40019706586706844,0.39549802630921593,0.018413590656635614,False
full_eval,qwen/P,F3_within,W1,1.0785576571921305,0.14899687647503015,2.5990851375554835,0.1828377499085523,-0.41300739390833213,0.9427214800771822,-0.204123798546622,False
full_eval,qwen/P,F1_lobo,W1,0.8825342952214987,0.26730674163349144,1.7405329611237896,-0.01318561206207969,-1.1579300889868507,1.0676992354324637,0.014720686628554747,False
full_eval,qwen/P,F2_lobo,W1,5.518475454821715,1.806902383950561,10.951561079923824,4.622755547538137,0.5245135031773747,10.580867268054366,-5.160938715270293,False
full_eval,qwen/P,F3_lobo,W1,10.821323726741088,6.937844292885366,15.435707234720502,9.92560381945751,5.764072626951439,14.979628980227842,-11.081146839259803,False
full_eval,qwen/all,W3,W1,0.9150344429724516,0.33580271272860146,1.7767152051500545,-1.1288315791488863,-1.916754482002049,-0.39028299369821023,0.5523021406154924,True
full_eval,qwen/all,F1_within,W1,0.9150344429724516,0.33580271272860146,1.7767152051500545,-1.1288315791488863,-1.916754482002049,-0.39028299369821023,0.5523021406154924,True
full_eval,qwen/all,F2_within,W1,1.0176676732521908,0.33574817845787697,1.9881324787258923,-1.026198348869147,-1.6534533207381656,-0.3840935308002004,0.5020868969699155,True
full_eval,qwen/all,F3_within,W1,1.1674698997710613,0.4484848406921979,2.063384681033798,-0.8763961223502765,-1.6245011021483915,-0.015167698309532978,0.4287933322755966,False
full_eval,qwen/all,F1_lobo,W1,0.9150344429724516,0.33580271272860146,1.7767152051500545,-1.1288315791488863,-1.916754482002049,-0.39028299369821023,0.5523021406154924,True
full_eval,qwen/all,F2_lobo,W1,3.156420894767264,1.349435746597822,5.892223703524845,1.1125548726459265,-1.0027674300366096,4.020362168073401,-0.5443384549693722,False
full_eval,qwen/all,F3_lobo,W1,9.80813405972893,6.686356885055016,13.587023582285202,7.764268037607593,3.90516921477362,12.197576539946946,-3.7988145766761274,False
full_eval,all/all,W3,W2,0.6229124863139458,0.2578437041155266,1.1356511215870677,-1.4266266144045803,-2.33511758064511,-0.6130400735715593,0.6960719187569705,True
full_eval,all/all,F1_within,W2,0.6237087805665826,0.25023366859420765,1.1362453251901525,-1.4258303201519433,-2.333696135099196,-0.6024626811974685,0.6956833951848378,True
full_eval,all/all,F2_within,W2,0.8638049820418984,0.30902800681470705,1.5832109539609212,-1.1857341186766277,-1.845952599174794,-0.4396374476781449,0.5785369589977248,True
full_eval,all/all,F3_within,W2,0.8424968078259717,0.3973210564058226,1.349177257695961,-1.2070422928925544,-1.9562634616640049,-0.4419671232671904,0.5889335277718734,True
full_eval,all/all,F1_lobo,W2,0.6237087805665826,0.25023366859420765,1.1362453251901525,-1.4258303201519433,-2.333696135099196,-0.6024626811974685,0.6956833951848378,True
full_eval,all/all,F2_lobo,W2,1.7518198568517995,0.7341287572628673,3.028285345137271,-0.2977192438667268,-1.3575616012558998,1.0030857316845214,0.14526155844616595,False
full_eval,all/all,F3_lobo,W2,4.145071378640567,2.695862443169605,5.7967126556009205,2.0955322779220396,0.8047481827756453,3.5804613803540204,-1.0224407415244676,False
test_remainder,bert/R0,W3,W2,0.6842551518742999,-0.06413776485666554,1.7276700587635614,-1.6635408224730834,-3.196071843155185,-0.05047893644001438,0.7085542528607061,True
test_remainder,bert/R0,F1_within,W2,0.6700764480136934,-0.09759466529306679,1.7020675262188427,-1.6777195263336897,-3.230004506363285,-0.055050829673679864,0.7145934078876022,True
test_remainder,bert/R0,F1_lobo,W2,0.6700764480136934,-0.09759466529306679,1.7020675262188427,-1.6777195263336897,-3.230004506363285,-0.055050829673679864,0.7145934078876022,True
test_remainder,bert/R0,U1_agree,W2,0.2681844862591866,-0.17976347546870236,0.7136458069453375,-2.0796114880881964,-3.522174414894071,-0.9263130913797091,0.8857718093099065,True
test_remainder,bert/R0,Lcal_labeled_ref,W2,0.5010276891103251,-0.047896666861287025,1.0589259167384186,-1.8467682852370582,-3.3315524357052317,-0.6329054969873887,0.7865965805441865,True
test_remainder,bert/R0,U1_minus_W3,,,,,-0.41607066561511324,-1.3454799373771267,0.28487762974627356,,
test_remainder,bert/R0,U1_minus_Lcal,,,,,-0.23284320285113846,-0.7520858890148726,0.17448142397795371,,
test_remainder,bert/S1,W3,W2,0.7194970654424664,0.01113559124276849,2.017314365937263,-1.5595902260181684,-3.0475943463520916,0.3268793768601029,0.6843047354358459,False
test_remainder,bert/S1,F1_within,W2,0.7170552316936417,0.008792003488808445,2.013295097807087,-1.562032059766993,-3.050143189874026,0.3266809778680119,0.685376144046641,False
test_remainder,bert/S1,F1_lobo,W2,0.7170552316936417,0.008792003488808445,2.013295097807087,-1.562032059766993,-3.050143189874026,0.3266809778680119,0.685376144046641,False
test_remainder,bert/S1,U1_agree,W2,0.2689357265343682,-0.08188012743168516,0.9266398950547092,-2.0101515649262662,-3.43657780012865,-0.7132758100079573,0.881998496704349,True
test_remainder,bert/S1,Lcal_labeled_ref,W2,0.16955166021887,-0.10729442615962732,0.5076520921728679,-2.109535631241764,-3.5246603810705155,-0.9338705731176888,0.9256054558093706,True
test_remainder,bert/S1,U1_minus_W3,,,,,-0.45056133890809796,-1.600901649361685,0.21319069954439945,,
test_remainder,bert/S1,U1_minus_Lcal,,,,,0.09938406631549822,-0.30472922191104607,0.7735566429982329,,
test_remainder,bert/P,W3,W2,0.6191112673239088,0.05331967340109944,1.8404435058139395,-1.979067003015911,-3.309052795788255,-0.43091903587315467,0.7617133226031738,True
test_remainder,bert/P,F1_within,W2,0.6901982708740223,0.08982535187299098,1.9496182199121672,-1.9079799994657975,-3.238896434815782,-0.35955155667598154,0.7343529969620791,True
test_remainder,bert/P,F1_lobo,W2,0.6901982708740223,0.08982535187299098,1.9496182199121672,-1.9079799994657975,-3.238896434815782,-0.35955155667598154,0.7343529969620791,True
test_remainder,bert/P,U1_agree,W2,0.19356434878555648,0.027663265146533614,0.48155191043147194,-2.404613921554263,-3.7629327919341944,-1.3745586299690298,0.9254999739643578,True
test_remainder,bert/P,Lcal_labeled_ref,W2,0.2057822225488554,-0.035295959019865486,0.63651706050847,-2.3923960477909643,-3.8490985344078594,-1.1618922451857772,0.9207974968854078,True
test_remainder,bert/P,U1_minus_W3,,,,,-0.4255469185383522,-1.7153240146019706,0.20462836722989367,,
test_remainder,bert/P,U1_minus_Lcal,,,,,-0.012217873763298914,-0.4260810217775218,0.3588837174682335,,
test_remainder,bert/all,W3,W2,0.6742878282135583,0.09537318412849422,1.7434713664156292,-1.7340660171690543,-3.1207965220206884,-0.12728350201330194,0.720021279470071,True
test_remainder,bert/all,F1_within,W2,0.6924433168604525,0.1073982498541404,1.7667798689481515,-1.71591052852216,-3.069968447116848,-0.0835993702803264,0.7124827324738716,True
test_remainder,bert/all,F1_lobo,W2,0.6924433168604525,0.1073982498541404,1.7667798689481515,-1.71591052852216,-3.069968447116848,-0.0835993702803264,0.7124827324738716,True
test_remainder,bert/all,U1_agree,W2,0.2435615205263704,0.02106419277739888,0.592700057884271,-2.164792324856242,-3.4698223452421795,-1.0435542273695981,0.8988680500611088,True
test_remainder,bert/all,Lcal_labeled_ref,W2,0.2921205239593502,0.0961310074714751,0.5804421804287491,-2.116233321423262,-3.4618671642176175,-0.9319651198818975,0.8787053137895767,True
test_remainder,bert/all,U1_minus_W3,,,,,-0.43072630768718784,-1.4198441631422616,0.1509150699813217,,
test_remainder,bert/all,U1_minus_Lcal,,,,,-0.048559003432979725,-0.28230363514519263,0.1869663862935002,,
test_remainder,roberta/R0,W3,W2,0.2230560123839348,-0.07003815884414573,0.7950568042229402,-0.7426285769294335,-1.2740659719381955,-0.1722735867478048,0.7690177363785679,True
test_remainder,roberta/R0,F1_within,W2,0.20874406492810238,-0.09614766037774578,0.7968723028550253,-0.7569405243852659,-1.28642639751556,-0.17224117888401844,0.7838382560536397,True
test_remainder,roberta/R0,F1_lobo,W2,0.20874406492810238,-0.09614766037774578,0.7968723028550253,-0.7569405243852659,-1.28642639751556,-0.17224117888401844,0.7838382560536397,True
test_remainder,roberta/R0,U1_agree,W2,0.09842351136400948,-0.04597414372424156,0.29859745036523666,-0.8672610779493587,-1.5268139410330872,-0.3610295895418324,0.8980790286464116,True
test_remainder,roberta/R0,Lcal_labeled_ref,W2,0.01908508712905538,-0.09191474355392246,0.1590479062448893,-0.9465995021843128,-1.6953170360018537,-0.39238554385592805,0.9802367280784449,True
test_remainder,roberta/R0,U1_minus_W3,,,,,-0.1246325010199254,-0.6420296620133895,0.1447849595281659,,
test_remainder,roberta/R0,U1_minus_Lcal,,,,,0.07933842423495412,-0.04872207947535496,0.25233623543972294,,
test_remainder,roberta/S1,W3,W1,0.18793839590692085,-0.1485457436187248,0.6323886939952115,-0.7867998426532856,-1.7993563364721608,-0.013418924809603173,0.807190906776648,True
test_remainder,roberta/S1,F1_within,W1,0.13794011413690138,-0.18870362602795035,0.5880782372167586,-0.836798124423305,-1.8645312744904217,-0.04882839350223056,0.8584849668556619,True
test_remainder,roberta/S1,F1_lobo,W1,0.13794011413690138,-0.18870362602795035,0.5880782372167586,-0.836798124423305,-1.8645312744904217,-0.04882839350223056,0.8584849668556619,True
test_remainder,roberta/S1,U1_agree,W1,0.14477163490510792,-0.1493176308271158,0.4450336520679071,-0.8299666036550986,-2.0263353499752133,-0.07916784267806425,0.8514763972746661,True
test_remainder,roberta/S1,Lcal_labeled_ref,W1,0.15338674448250858,-0.14823637494618044,0.45139815076149364,-0.821351494077698,-1.9829512217458924,-0.1807767458085587,0.842638014582174,True
test_remainder,roberta/S1,U1_minus_W3,,,,,-0.04316676100181296,-0.4198624349233018,0.29698708652327593,,
test_remainder,roberta/S1,U1_minus_Lcal,,,,,-0.008615109577400682,-0.25537814528516883,0.3780633105795669,,
test_remainder,roberta/P,W3,W1,0.058365862511246556,-0.11354970971997524,0.286288311671923,-0.8399075644120862,-1.7573179259494562,-0.23834762340238627,0.9350243915027578,True
test_remainder,roberta/P,F1_within,W1,0.04748127088291067,-0.13168036775395037,0.28816263653891755,-0.8507921560404221,-1.7529040750805807,-0.247345287272558,0.9471416280836245,True
test_remainder,roberta/P,F1_lobo,W1,0.04748127088291067,-0.13168036775395037,0.28816263653891755,-0.8507921560404221,-1.7529040750805807,-0.247345287272558,0.9471416280836245,True
test_remainder,roberta/P,U1_agree,W1,-0.06470508345215424,-0.3197485812331709,0.054156899911159614,-0.9629785103754872,-2.009275834838418,-0.2871535943542826,1.0720327257968378,True
test_remainder,roberta/P,Lcal_labeled_ref,W1,-0.007508463163870374,-0.26627158199910383,0.1724007130132289,-0.9057818900872032,-1.9392399895664092,-0.2351092667046418,1.0083587724392422,True
test_remainder,roberta/P,U1_minus_W3,,,,,-0.12307094596340082,-0.4727513237673409,0.07936092160632842,,
test_remainder,roberta/P,U1_minus_Lcal,,,,,-0.05719662028828386,-0.2115345336371427,0.05026478828090568,,
test_remainder,roberta/all,W3,W1,0.15645342360070078,-0.07054530374108293,0.533420258254639,-0.7946833274030065,-1.6618895675135195,-0.1629202420074885,0.8355090123101647,True
test_remainder,roberta/all,F1_within,W1,0.1313884833159715,-0.09551288638128105,0.5214926775525234,-0.8197482676877359,-1.6896662619869731,-0.17950387744858168,0.8618616269665523,True
test_remainder,roberta/all,F1_lobo,W1,0.1313884833159715,-0.09551288638128105,0.5214926775525234,-0.8197482676877359,-1.6896662619869731,-0.17950387744858168,0.8618616269665523,True
test_remainder,roberta/all,U1_agree,W1,0.05949668760565439,-0.08311756868781396,0.19215079695066892,-0.8916400633980529,-1.9282403570074613,-0.25943736049458593,0.9374467577423864,True
test_remainder,roberta/all,Lcal_labeled_ref,W1,0.054987789482564525,-0.11504195665902862,0.1959769433941189,-0.8961489615211427,-1.9015115670740015,-0.2581174326310049,0.9421872938622785,True
test_remainder,roberta/all,U1_minus_W3,,,,,-0.0969567359950464,-0.49032420461912074,0.1401535776021214,,
test_remainder,roberta/all,U1_minus_Lcal,,,,,0.004508898123089872,-0.10084707849680852,0.17601582329404705,,
test_remainder,qwen/R0,W3,W2,1.1082802089532162,0.3371983117583722,2.426272983233034,0.03280774389340238,-1.341779612360211,1.6250863751504903,-0.03050542432211678,False
test_remainder,qwen/R0,F1_within,W2,1.1082802089532162,0.3371983117583722,2.426272983233034,0.03280774389340238,-1.341779612360211,1.6250863751504903,-0.03050542432211678,False
test_remainder,qwen/R0,F1_lobo,W2,1.1082802089532162,0.3371983117583722,2.426272983233034,0.03280774389340238,-1.341779612360211,1.6250863751504903,-0.03050542432211678,False
test_remainder,qwen/R0,U1_agree,W2,0.04646955781697629,-0.1846035211917239,0.24299550231433778,-1.0290029072428373,-1.8890947365676765,-0.3442979921007927,0.9567914945973146,True
test_remainder,qwen/R0,Lcal_labeled_ref,W2,0.13142982410430518,-0.08672528367159747,0.3758825360530133,-0.9440426409555085,-1.8589955807325185,-0.21152638275936334,0.8777934085955463,True
test_remainder,qwen/R0,U1_minus_W3,,,,,-1.06181065113624,-2.4857343124788045,-0.2411396013033513,,
test_remainder,qwen/R0,U1_minus_Lcal,,,,,-0.08496026628732889,-0.2614000393790216,0.073532022978034,,
test_remainder,qwen/S1,W3,W1,0.7632644790979742,0.05166314647252504,1.7144098967217096,-1.3146870990290966,-2.341137220522981,-0.36111061693389596,0.6326841842070591,True
test_remainder,qwen/S1,F1_within,W1,0.7632644790979742,0.05166314647252504,1.7144098967217096,-1.3146870990290966,-2.341137220522981,-0.36111061693389596,0.6326841842070591,True
test_remainder,qwen/S1,F1_lobo,W1,0.7632644790979742,0.05166314647252504,1.7144098967217096,-1.3146870990290966,-2.341137220522981,-0.36111061693389596,0.6326841842070591,True
test_remainder,qwen/S1,U1_agree,W1,-0.004331209731646151,-0.21750877414189862,0.27853879839515866,-2.082282787858717,-3.825396231404585,-0.7980068613012922,1.0020843650916784,True
test_remainder,qwen/S1,Lcal_labeled_ref,W1,0.06610140407654308,-0.2563088423892499,0.5786853766340326,-2.0118501740505277,-3.636780813504227,-0.8836606871991919,0.9681891509059501,True
test_remainder,qwen/S1,U1_minus_W3,,,,,-0.7675956888296205,-1.7144128176818876,-0.017810857667633646,,
test_remainder,qwen/S1,U1_minus_Lcal,,,,,-0.07043261380818923,-0.4867143764454999,0.23974237495392342,,
test_remainder,qwen/P,W3,W1,0.8046054042560045,0.16501252955369736,1.7052479277888706,-0.18942634947298095,-1.3633397354527006,0.9616741968116287,0.1905636804482067,False
test_remainder,qwen/P,F1_within,W1,0.8046054042560045,0.16501252955369736,1.7052479277888706,-0.18942634947298095,-1.3633397354527006,0.9616741968116287,0.1905636804482067,False
test_remainder,qwen/P,F1_lobo,W1,0.8046054042560045,0.16501252955369736,1.7052479277888706,-0.18942634947298095,-1.3633397354527006,0.9616741968116287,0.1905636804482067,False
test_remainder,qwen/P,U1_agree,W1,0.05475032354289833,-0.1928246970001682,0.3345120309046344,-0.9392814301860869,-2.5485444813944733,-0.11704478941821671,0.9449209511290667,True
test_remainder,qwen/P,Lcal_labeled_ref,W1,0.10089551410144254,-0.15649162222064672,0.41498757922529445,-0.8931362396275426,-2.5459998200446416,-0.05703334780237072,0.8984987011501939,True
test_remainder,qwen/P,U1_minus_W3,,,,,-0.7498550807131059,-1.714044133605718,-0.11109573573040478,,
test_remainder,qwen/P,U1_minus_Lcal,,,,,-0.046145190558544234,-0.2376204215038105,0.1324435112379669,,
test_remainder,qwen/all,W3,W1,0.8920500307690649,0.30181926651247903,1.7545183902231434,-1.149875742735529,-1.9714480269059773,-0.38136930382801976,0.5631329785127188,True
test_remainder,qwen/all,F1_within,W1,0.8920500307690649,0.30181926651247903,1.7545183902231434,-1.149875742735529,-1.9714480269059773,-0.38136930382801976,0.5631329785127188,True
test_remainder,qwen/all,F1_lobo,W1,0.8920500307690649,0.30181926651247903,1.7545183902231434,-1.149875742735529,-1.9714480269059773,-0.38136930382801976,0.5631329785127188,True
test_remainder,qwen/all,U1_agree,W1,0.032296223876076155,-0.09031937397343154,0.19560292100310434,-2.0096295496285177,-3.4963660285457423,-0.9017201068478268,0.9841834486369965,True
test_remainder,qwen/all,Lcal_labeled_ref,W1,0.0994755807607636,-0.05728119225373815,0.30728835598467935,-1.9424501927438307,-3.4101111185366926,-0.9100627109238288,0.951283449157884,True
test_remainder,qwen/all,U1_minus_W3,,,,,-0.8597538068929889,-1.7517747833540342,-0.24584997461720984,,
test_remainder,qwen/all,U1_minus_Lcal,,,,,-0.06717935688468746,-0.24052360779470663,0.0900269082681231,,
test_remainder,all/all,W3,W2,0.5951542777241283,0.2283767251513764,1.1101440905137612,-1.4064278922142401,-2.290455454925254,-0.6364096385303009,0.7026580838585039,True
test_remainder,all/all,F1_within,W2,0.5939892166651225,0.22419164389038515,1.1107849762210324,-1.4075929532732459,-2.2893187591978514,-0.6327458755252816,0.7032401539211293,True
test_remainder,all/all,F1_lobo,W2,0.5939892166651225,0.22419164389038515,1.1107849762210324,-1.4075929532732459,-2.2893187591978514,-0.6327458755252816,0.7032401539211293,True
test_remainder,all/all,U1_agree,W2,0.11439921682255264,0.011987092234283167,0.2537206471669491,-1.887182953115816,-2.6910767918490217,-1.297129348702439,0.9428456055710792,True
test_remainder,all/all,Lcal_labeled_ref,W2,0.1535549734968092,0.05412405885640894,0.29320627289199863,-1.848027196441559,-2.6774962711003387,-1.2498998876046994,0.9232832027567784,True
test_remainder,all/all,U1_minus_W3,,,,,-0.4807550609015757,-0.9534861409315312,-0.11412779564355637,,
test_remainder,all/all,U1_minus_Lcal,,,,,-0.03915575667425655,-0.12309646009740827,0.04620768179332761,,
