tau,scheme,scope,prevalence,acc,acc_lo,acc_hi,acc_M0,diff_vs_M0,diff_lo,diff_hi,recall_bad,precision_bad
0.02,within,bert/R0,0.7802197802197802,0.8571428571428571,0.6961755171349182,0.9761904761904762,0.21978021978021978,0.6373626373626373,0.2999404761904762,0.9,0.9859154929577465,0.8536585365853658
0.02,within,bert/S1,0.8241758241758241,0.8681318681318682,0.7272456709956711,0.9759036144578314,0.17582417582417584,0.6923076923076923,0.39280582922824303,0.9156626506024096,0.9466666666666667,0.8987341772151899
0.02,within,bert/P,0.7582417582417582,0.8131868131868132,0.6547619047619048,0.9487341772151897,0.24175824175824176,0.5714285714285714,0.20684461985874533,0.8706258549931599,0.9130434782608695,0.8513513513513513
0.02,within,bert/all,0.7875457875457875,0.8461538461538461,0.7269076305220884,0.9529424333836098,0.21245421245421245,0.6336996336996337,0.3534136546184739,0.8745606390704427,0.9488372093023256,0.8680851063829788
0.02,within,roberta/R0,0.5256410256410257,0.717948717948718,0.49295264339661155,0.9027777777777778,0.47435897435897434,0.24358974358974358,-0.059796256811182176,0.5342706926490448,0.6585365853658537,0.7714285714285715
0.02,within,roberta/S1,0.48717948717948717,0.7307692307692307,0.5713789682539683,0.8695652173913043,0.5128205128205128,0.21794871794871795,-0.0579923273657289,0.5416666666666666,0.7894736842105263,0.6976744186046512
0.02,within,roberta/P,0.48717948717948717,0.7051282051282052,0.5415578358208955,0.8493150684931506,0.5128205128205128,0.19230769230769232,-0.08336267605633803,0.5,0.7368421052631579,0.6829268292682927
0.02,within,roberta/all,0.5,0.717948717948718,0.5714122635355512,0.8333904109589039,0.5,0.21794871794871795,-0.014599918350683807,0.4648128497009453,0.7264957264957265,0.7142857142857143
0.02,within,qwen/R0,0.6153846153846154,0.7472527472527473,0.5421438695960311,0.8941484268125853,0.38461538461538464,0.3626373626373626,-0.05815663474692202,0.6976744186046512,0.875,0.7538461538461538
0.02,within,qwen/S1,0.6153846153846154,0.7582417582417582,0.5833333333333334,0.9069767441860465,0.38461538461538464,0.37362637362637363,0.012496141975308643,0.7000595238095234,0.8392857142857143,0.7833333333333333
0.02,within,qwen/P,0.5494505494505495,0.7142857142857143,0.5180616583982991,0.8765808491418245,0.45054945054945056,0.26373626373626374,-0.12647353648757018,0.6098063127690098,0.88,0.6875
0.02,within,qwen/all,0.5934065934065934,0.73992673992674,0.567759928603302,0.8634538152610441,0.4065934065934066,0.3333333333333333,-0.024706985466479134,0.6240806390622043,0.8641975308641975,0.7407407407407407
0.02,within,all/all,0.6333333333333333,0.7705128205128206,0.7036843328684333,0.8340712317985044,0.36666666666666664,0.40384615384615385,0.2171075105017772,0.5823544176706826,0.868421052631579,0.7900552486187845
0.02,lobo,bert/R0,0.7802197802197802,0.8351648351648352,0.6588163558106169,0.9743589743589743,0.21978021978021978,0.6153846153846154,0.2556686046511628,0.8953488372093024,0.9859154929577465,0.8333333333333334
0.02,lobo,bert/S1,0.8241758241758241,0.8571428571428571,0.695096843615495,0.9759036144578314,0.17582417582417584,0.6813186813186813,0.34523809523809523,0.9125270061728393,0.96,0.8780487804878049
0.02,lobo,bert/P,0.7582417582417582,0.7912087912087912,0.6117303284950344,0.9302325581395349,0.24175824175824176,0.5494505494505495,0.16457374254049445,0.8588235294117647,0.9130434782608695,0.8289473684210527
0.02,lobo,bert/all,0.7875457875457875,0.8278388278388278,0.6987856186651368,0.9404761904761905,0.21245421245421245,0.6153846153846154,0.3253919860627178,0.8650987224157956,0.9534883720930233,0.8471074380165289
0.02,lobo,roberta/R0,0.5256410256410257,0.7692307692307693,0.5540488565488566,0.9411764705882353,0.47435897435897434,0.2948717948717949,0.013884132420091323,0.5616438356164384,0.6829268292682927,0.8484848484848485
0.02,lobo,roberta/S1,0.48717948717948717,0.7564102564102564,0.6026712328767123,0.9,0.5128205128205128,0.24358974358974358,-0.000342465753424638,0.5479789697086628,0.7631578947368421,0.7435897435897436
0.02,lobo,roberta/P,0.48717948717948717,0.8205128205128205,0.6619718309859155,0.9545454545454546,0.5128205128205128,0.3076923076923077,0.027768264840182647,0.6087560386473427,0.8157894736842105,0.8157894736842105
0.02,lobo,roberta/all,0.5,0.782051282051282,0.638368544600939,0.8955301616915423,0.5,0.28205128205128205,0.05090848554033486,0.5277976190476189,0.7521367521367521,0.8
0.02,lobo,qwen/R0,0.6153846153846154,0.7582417582417582,0.5529107505070995,0.9092031425364753,0.38461538461538464,0.37362637362637363,-0.03573606271777003,0.6977920819490581,0.875,0.765625
0.02,lobo,qwen/S1,0.6153846153846154,0.8351648351648352,0.6794871794871795,0.9529411764705882,0.38461538461538464,0.45054945054945056,0.15476190476190477,0.7439095292115712,0.8571428571428571,0.8727272727272727
0.02,lobo,qwen/P,0.5494505494505495,0.7692307692307693,0.5975029036004645,0.9070034750066825,0.45054945054945056,0.31868131868131866,-0.047619047619047616,0.6438982626127628,0.92,0.7301587301587301
0.02,lobo,qwen/all,0.5934065934065934,0.7875457875457875,0.630499776885319,0.9008228291316526,0.4065934065934066,0.38095238095238093,0.04323659879215435,0.6425774526678141,0.8827160493827161,0.7857142857142857
0.02,lobo,all/all,0.6333333333333333,0.8,0.7335876024422895,0.8595043961031422,0.36666666666666664,0.43333333333333335,0.23998168222422966,0.6101930320150658,0.8825910931174089,0.8164794007490637
0.05,within,bert/R0,0.38461538461538464,0.7252747252747253,0.5714285714285714,0.8588235294117647,0.6153846153846154,0.10989010989010989,-0.18604651162790697,0.3951851851851845,0.7428571428571429,0.6190476190476191
0.05,within,bert/S1,0.4065934065934066,0.8681318681318682,0.7228915662650602,0.9756171025565676,0.5934065934065934,0.27472527472527475,0.0595063025210084,0.523949579831932,0.8108108108108109,0.8571428571428571
0.05,within,bert/P,0.2857142857142857,0.7802197802197802,0.6070877425044091,0.9294117647058824,0.7142857142857143,0.06593406593406594,-0.15004746835443036,0.3333333333333333,0.7307692307692307,0.59375
0.05,within,bert/all,0.358974358974359,0.7912087912087912,0.6746031746031746,0.8863064020789037,0.6410256410256411,0.15018315018315018,-0.027459150326797386,0.3775235086688215,0.7653061224489796,0.6880733944954128
0.05,within,roberta/R0,0.10256410256410256,0.9487179487179487,0.8550191815856778,1.0,0.8974358974358975,0.05128205128205128,-0.041666666666666664,0.2,0.75,0.75
0.05,within,roberta/S1,0.038461538461538464,0.9487179487179487,0.8285093167701864,1.0,0.9615384615384616,-0.01282051282051282,-0.1232876712328767,0.08962112514351282,1.0,0.42857142857142855
0.05,within,roberta/P,0.08974358974358974,0.9230769230769231,0.8,1.0,0.9102564102564102,0.01282051282051282,-0.08450704225352113,0.125,0.5714285714285714,0.5714285714285714
0.05,within,roberta/all,0.07692307692307693,0.9401709401709402,0.8356791433532703,1.0,0.9230769230769231,0.017094017094017096,-0.02088327625570776,0.10297181372549002,0.7222222222222222,0.5909090909090909
0.05,within,qwen/R0,0.2967032967032967,0.8351648351648352,0.6551621510673235,0.9642857142857143,0.7032967032967034,0.13186813186813187,-0.07145008605851978,0.32927187948350073,0.7777777777777778,0.7
0.05,within,qwen/S1,0.2967032967032967,0.8681318681318682,0.730735294117647,0.9761904761904762,0.7032967032967034,0.16483516483516483,-0.011904761904761904,0.3855421686746988,0.7777777777777778,0.7777777777777778
0.05,within,qwen/P,0.25274725274725274,0.8461538461538461,0.6428350970017637,0.9880987394957983,0.7472527472527473,0.0989010989010989,-0.10853539156626506,0.3170731707317073,0.6956521739130435,0.6956521739130435
0.05,within,qwen/all,0.28205128205128205,0.8498168498168498,0.7222222222222222,0.9484126984126984,0.717948717948718,0.13186813186813187,-0.01984126984126984,0.30864197530864196,0.7532467532467533,0.725
0.05,within,all/all,0.24743589743589745,0.8564102564102564,0.7597597597597597,0.9291759823848238,0.7525641025641026,0.10384615384615385,0.015210553018772197,0.2231194186258429,0.7564766839378239,0.6919431279620853
0.05,lobo,bert/R0,0.38461538461538464,0.7912087912087912,0.6264683734939759,0.9294117647058824,0.6153846153846154,0.17582417582417584,-0.0963855421686747,0.4698972360028348,0.8,0.7
0.05,lobo,bert/S1,0.4065934065934066,0.8791208791208791,0.7646358543417366,0.975609756097561,0.5934065934065934,0.2857142857142857,0.07142857142857142,0.5365853658536586,0.8648648648648649,0.8421052631578947
0.05,lobo,bert/P,0.2857142857142857,0.7912087912087912,0.6097560975609756,0.9418771718791766,0.7142857142857143,0.07692307692307693,-0.15858551641071966,0.36596657633242935,0.8461538461538461,0.5945945945945946
0.05,lobo,bert/all,0.358974358974359,0.8205128205128205,0.7108433734939759,0.9218345377898223,0.6410256410256411,0.1794871794871795,0.007934173669467786,0.4217065938171289,0.8367346938775511,0.7130434782608696
0.05,lobo,roberta/R0,0.10256410256410256,0.9358974358974359,0.8194444444444444,1.0,0.8974358974358975,0.038461538461538464,-0.0547945205479452,0.1917808219178082,0.625,0.7142857142857143
0.05,lobo,roberta/S1,0.038461538461538464,0.9487179487179487,0.8285093167701864,1.0,0.9615384615384616,-0.01282051282051282,-0.1232876712328767,0.08962112514351282,1.0,0.42857142857142855
0.05,lobo,roberta/P,0.08974358974358974,0.9615384615384616,0.8766695205479451,1.0,0.9102564102564102,0.05128205128205128,-0.0273972602739726,0.1917808219178082,0.7142857142857143,0.8333333333333334
0.05,lobo,roberta/all,0.07692307692307693,0.9487179487179487,0.845762131372125,1.0,0.9230769230769231,0.02564102564102564,-0.018779342723004695,0.12962962962962962,0.7222222222222222,0.65
0.05,lobo,qwen/R0,0.2967032967032967,0.8461538461538461,0.6904017857142857,0.9647161422708618,0.7032967032967034,0.14285714285714285,-0.046004056795131844,0.3411764705882353,0.7407407407407407,0.7407407407407407
0.05,lobo,qwen/S1,0.2967032967032967,0.8681318681318682,0.7092912864292023,0.9767441860465116,0.7032967032967034,0.16483516483516483,-0.011764705882352941,0.36904761904761907,0.7777777777777778,0.7777777777777778
0.05,lobo,qwen/P,0.25274725274725274,0.8241758241758241,0.6049310938845823,0.965126303127506,0.7472527472527473,0.07692307692307693,-0.13924786576390932,0.29069767441860467,0.6521739130434783,0.6521739130434783
0.05,lobo,qwen/all,0.28205128205128205,0.8461538461538461,0.7301587301587301,0.9425287356321839,0.717948717948718,0.1282051282051282,-0.012892156862745094,0.30556372549019606,0.7272727272727273,0.7272727272727273
0.05,lobo,all/all,0.24743589743589745,0.867948717948718,0.7753779530603565,0.9338898567557102,0.7525641025641026,0.11538461538461539,0.018300239927194508,0.23138222671042663,0.7823834196891192,0.7122641509433962
0.1,within,bert/R0,0.04395604395604396,0.967032967032967,0.8780111412225233,1.0,0.9560439560439561,0.01098901098901099,0.0,0.050015822784810045,0.25,1.0
0.1,within,bert/S1,0.06593406593406594,0.945054945054945,0.8470361990950226,1.0,0.9340659340659341,0.01098901098901099,-0.047058823529411764,0.07407407407407407,0.3333333333333333,0.6666666666666666
0.1,within,bert/P,0.04395604395604396,0.945054945054945,0.8192771084337349,1.0,0.9560439560439561,-0.01098901098901099,-0.10714285714285714,0.07231119600352617,0.5,0.4
0.1,within,bert/all,0.05128205128205128,0.9523809523809523,0.8705313483418059,1.0,0.9487179487179487,0.003663003663003663,-0.045990376904570966,0.05557228915662641,0.35714285714285715,0.5555555555555556
0.1,within,roberta/R0,0.02564102564102564,0.9743589743589743,0.8857142857142857,1.0,0.9743589743589743,0.0,0.0,0.0,0.0,0.0
0.1,within,roberta/S1,0.0,1.0,1.0,1.0,1.0,0.0,0.0,0.0,0.0,0.0
0.1,within,roberta/P,0.01282051282051282,0.9743589743589743,0.9142857142857143,1.0,0.9871794871794872,-0.01282051282051282,-0.057971014492753624,0.0,0.0,0.0
0.1,within,roberta/all,0.01282051282051282,0.9829059829059829,0.935138888888889,1.0,0.9871794871794872,-0.004273504273504274,-0.025296887796887792,0.0,0.0,0.0
0.1,within,qwen/R0,0.08791208791208792,0.8791208791208791,0.7209302325581395,0.9880987394957983,0.9120879120879121,-0.03296703296703297,-0.15476190476190477,0.07142857142857142,0.25,0.2857142857142857
0.1,within,qwen/S1,0.0989010989010989,0.9230769230769231,0.7974640780020528,1.0,0.9010989010989011,0.02197802197802198,-0.058823529411764705,0.11904761904761904,0.4444444444444444,0.6666666666666666
0.1,within,qwen/P,0.07692307692307693,0.9230769230769231,0.7951287910261736,1.0,0.9230769230769231,0.0,-0.07142857142857142,0.05128205128205128,0.2857142857142857,0.5
0.1,within,qwen/all,0.08791208791208792,0.9084249084249084,0.8015679442508711,0.9794301415236374,0.9120879120879121,-0.003663003663003663,-0.05960434173669467,0.044203976399424715,0.3333333333333333,0.47058823529411764
0.1,within,all/all,0.052564102564102565,0.9461538461538461,0.8844435483870968,0.986461820500558,0.9474358974358974,-0.001282051282051282,-0.023148148148148147,0.017391304347826087,0.3170731707317073,0.48148148148148145
0.1,lobo,bert/R0,0.04395604395604396,0.9230769230769231,0.7847681866707336,1.0,0.9560439560439561,-0.03296703296703297,-0.168726124008228,0.07317073170731707,1.0,0.36363636363636365
0.1,lobo,bert/S1,0.06593406593406594,0.9230769230769231,0.7790697674418605,1.0,0.9340659340659341,-0.01098901098901099,-0.13957592339261285,0.10978997289972882,0.8333333333333334,0.45454545454545453
0.1,lobo,bert/P,0.04395604395604396,0.9120879120879121,0.7647058823529411,1.0,0.9560439560439561,-0.04395604395604396,-0.1860828488372093,0.05952380952380952,1.0,0.3333333333333333
0.1,lobo,bert/all,0.05128205128205128,0.9194139194139194,0.8062015503875969,0.9921568627450981,0.9487179487179487,-0.029304029304029304,-0.12552754435107377,0.056941293250141634,0.9285714285714286,0.38235294117647056
0.1,lobo,roberta/R0,0.02564102564102564,0.9743589743589743,0.8857142857142857,1.0,0.9743589743589743,0.0,0.0,0.0,0.0,0.0
0.1,lobo,roberta/S1,0.0,1.0,1.0,1.0,1.0,0.0,0.0,0.0,0.0,0.0
0.1,lobo,roberta/P,0.01282051282051282,0.9871794871794872,0.9371968283582089,1.0,0.9871794871794872,0.0,0.0,0.0,0.0,0.0
0.1,lobo,roberta/all,0.01282051282051282,0.9871794871794872,0.9436619718309859,1.0,0.9871794871794872,0.0,0.0,0.0,0.0,0.0
0.1,lobo,qwen/R0,0.08791208791208792,0.9230769230769231,0.788172268907563,1.0,0.9120879120879121,0.01098901098901099,0.0,0.06976744186046512,0.125,1.0
0.1,lobo,qwen/S1,0.0989010989010989,0.945054945054945,0.8313253012048193,1.0,0.9010989010989011,0.04395604395604396,0.0,0.14285714285714285,0.4444444444444444,1.0
0.1,lobo,qwen/P,0.07692307692307693,0.9560439560439561,0.8461538461538461,1.0,0.9230769230769231,0.03296703296703297,0.0,0.10588235294117647,0.42857142857142855,1.0
0.1,lobo,qwen/all,0.08791208791208792,0.9413919413919414,0.8393538861327664,0.9921591427268582,0.9120879120879121,0.029304029304029304,0.0,0.08032128514056225,0.3333333333333333,1.0
0.1,lobo,all/all,0.052564102564102565,0.9474358974358974,0.8937164047084438,0.9869281045751634,0.9474358974358974,0.0,-0.028581780538302275,0.02678192444575044,0.5121951219512195,0.5
