,,bert,qwen,roberta
lam_np,count,273.0,273.0,234.0
lam_np,mean,0.6805665827083903,0.6966880077463976,0.6757079756445339
lam_np,std,0.02630358197047571,0.010286813760384728,0.031099246981271353
lam_np,min,0.5829403822881979,0.6493427071920872,0.5706915335294296
lam_np,25%,0.6706453154968265,0.6925583604555209,0.6594274678339904
lam_np,50%,0.6867829213128573,0.6996621938624875,0.6840991619917802
lam_np,75%,0.7028677882480531,0.7039829571556272,0.701052795217099
lam_np,max,0.7070551414486772,0.7071070404407153,0.7067643096730654
lam_pp,count,273.0,273.0,234.0
lam_pp,mean,0.9983421927666525,0.99036853806417,0.9933099640231262
lam_pp,std,0.001967593663567261,0.011493161639379374,0.005838951431769212
lam_pp,min,0.9855159871292908,0.9226911183998376,0.9602208485282578
lam_pp,25%,0.998010995954929,0.9858913497254128,0.9916691794096847
lam_pp,50%,0.9990040038916888,0.9930514675336584,0.9949002842951816
lam_pp,75%,0.99950693447087,0.9989278911622892,0.9973256735344012
lam_pp,max,1.000426335849319,1.014651243642445,0.9998764206292624
