scope,rule,n,regret_pp,regret_lo,regret_hi,meanD_pct,match_sel,removed_vs_W1,removed_vs_W1_lo,removed_vs_W1_hi,removed_vs_W2,removed_vs_W2_lo,removed_vs_W2_hi
bert/R0,W1,91,5.587635335066406,2.6547543191167673,9.18128424908372,10.389875397403827,0.0989010989010989,0.0,0.0,0.0,-1.3584999894310408,-6.030889495065016,0.1270406148067126
bert/R0,W2,91,2.369147916093209,1.1112349533211545,3.960302183216811,7.171387978430632,0.24175824175824176,0.576001694093186,-0.14552866826199584,0.8577704786927892,0.0,0.0,0.0
bert/R0,W3,91,0.7858968504864744,0.11408908734062848,1.801397202114444,5.588136912823897,0.6483516483516484,0.8593507264952653,0.7471700540225651,0.9698107021401408,0.6682786899255999,-0.1432689832743703,0.9518626254038873
bert/R0,W4,91,5.587635335066406,2.6547543191167673,9.18128424908372,10.389875397403827,0.0989010989010989,0.0,0.0,0.0,-1.3584999894310408,-6.030889495065016,0.1270406148067126
bert/R0,F1_within,91,0.7613921951631993,0.08590516117622318,1.7764975706504478,5.563632257500622,0.6593406593406593,0.8637362409130533,0.753630069814083,0.9785359997398659,0.6786219256336024,-0.13766304658229245,0.9627486563849383
bert/R0,F2_within,91,1.454538794877656,0.2165988038904847,3.4984187930939386,6.256778857215078,0.5824175824175825,0.7396861628121318,0.204047964250805,0.9464019257992023,0.3860498177436591,-0.7013152746287303,0.8881183723932276
bert/R0,F3_within,91,1.0751583521529415,0.23492714087841096,2.1991995804284623,5.877398414490364,0.6153846153846154,0.8075825841021596,0.5685986879907673,0.9389684002220864,0.5461835266385953,-0.19265427301553237,0.8762819503881579
bert/R0,F1_lobo,91,0.7613921951631993,0.08590516117622318,1.7764975706504478,5.563632257500622,0.6593406593406593,0.8637362409130533,0.753630069814083,0.9785359997398659,0.6786219256336024,-0.13766304658229245,0.9627486563849383
bert/R0,F2_lobo,91,1.3461960725600548,0.25203687187066703,3.0149288863387755,6.148436134897478,0.5714285714285714,0.7590758895607035,0.5786534287925138,0.9346394350997584,0.43178048807523606,-1.0875460579025416,0.9018286803416455
bert/R0,F3_lobo,91,1.7985749529441124,0.43545934788391744,3.7908316321228517,6.600815015281534,0.5604395604395604,0.6781151873572048,0.46166590312745903,0.8890593714836967,0.24083467278395498,-1.710704507246544,0.8211592419174163
bert/R0,evalopt,91,-0.13372964925833264,-0.34266190170272254,-0.026752153690567923,4.6685104130790895,0.8241758241758241,1.0239331383025452,1.0047262983037408,1.0849554687336826,1.0564463064336045,1.008677833069356,1.2120676492656106
bert/S1,W1,91,5.76050558440192,2.5409228826052277,10.031079856472303,10.350388107758508,0.15384615384615385,0.0,0.0,0.0,-1.425558500894034,-5.32855237710628,0.18865001047735824
bert/S1,W2,91,2.3749192535569277,1.3468722086787939,3.6893368812289706,6.964801776913516,0.2087912087912088,0.5877238171615276,-0.23252158202327988,0.8419859796226189,0.0,0.0,0.0
bert/S1,W3,91,0.7579169569596951,0.08344184650527507,2.1144366348896746,5.347799480316285,0.6263736263736264,0.8684287436484821,0.7328545062253596,0.9771948918297224,0.6808662206832677,-0.17807583053481127,0.9641696635391978
bert/S1,W4,91,5.76050558440192,2.5409228826052277,10.031079856472303,10.350388107758508,0.15384615384615385,0.0,0.0,0.0,-1.425558500894034,-5.32855237710628,0.18865001047735824
bert/S1,F1_within,91,0.7484558017746985,0.08026334715353044,2.092035947403869,5.338338325131288,0.6373626373626373,0.8700711611492333,0.7359059669674172,0.9794038400963039,0.6848500004142319,-0.16715487910153318,0.9689002408634788
bert/S1,F2_within,91,1.2971125256832203,0.19265995596042618,3.047546715398156,5.88699504903981,0.5494505494505495,0.7748266177893322,0.35755367488714557,0.9550775041845048,0.453828788603853,-0.53804426815571,0.9093075369590219
bert/S1,F3_within,91,0.9624352384734679,0.21023975837132916,2.070625732897554,5.552317761830057,0.5494505494505495,0.8329252138771441,0.6314520572165622,0.9510353526484971,0.5947503322346542,-0.10570395700989414,0.8956620716277728
bert/S1,F1_lobo,91,0.7484558017746985,0.08026334715353044,2.092035947403869,5.338338325131288,0.6373626373626373,0.8700711611492333,0.7359059669674172,0.9794038400963039,0.6848500004142319,-0.16715487910153318,0.9689002408634788
bert/S1,F2_lobo,91,1.9249482172381958,0.33296127198057573,4.339738204478037,6.514830740594786,0.4945054945054945,0.6658369323605036,0.42462254468097016,0.9132401671975283,0.18946793060219125,-1.5484317405381134,0.8494137869770695
bert/S1,F3_lobo,91,1.7677338569831311,0.597465171375047,3.729995844270923,6.35761638033972,0.4945054945054945,0.6931286965904981,0.4384077601795942,0.8750151974538867,0.2556657013346505,-1.2131247471135322,0.7872442468021
bert/S1,evalopt,91,-0.14282146160614484,-0.2951181052077659,-0.023890976549282156,4.4470610617504445,0.8461538461538461,1.024793216413655,1.003535420018348,1.074462822275864,1.0601373968366463,1.0099010671281006,1.146662480337595
bert/P,W1,91,4.850721762280859,2.196453282113099,8.618710915983204,9.115250795316229,0.15384615384615385,0.0,0.0,0.0,-0.8428143204689083,-3.439058286778336,0.2902360084683299
bert/P,W2,91,2.6322357648309254,1.608692257690083,3.964404724080451,6.896764797866295,0.2087912087912088,0.45735173159195563,-0.40891919713227787,0.7747262112094271,0.0,0.0,0.0
bert/P,W3,91,0.6251224708944224,0.05251676831432257,1.8441011691118538,4.889651503929791,0.6483516483516484,0.8711279472355299,0.7230758547012067,0.9867760185335588,0.7625127356574097,0.21292064862534135,0.9812840498666855
bert/P,W4,91,4.850721762280859,2.196453282113099,8.618710915983204,9.115250795316229,0.15384615384615385,0.0,0.0,0.0,-0.8428143204689083,-3.439058286778336,0.2902360084683299
bert/P,F1_within,91,0.7048334454248636,0.08267515717431222,1.9825106436612225,4.969362478460232,0.6373626373626373,0.8546951402354928,0.7039171019744654,0.9766420160340332,0.7322301235922396,0.15843687986391092,0.9649434523913619
bert/P,F2_within,91,1.010811712553908,0.0818852254030016,2.416980135525084,5.275340745589277,0.6483516483516484,0.7916162249473955,0.32435862335077154,0.9776506492234837,0.6159873951796887,0.13113030147063442,0.9624518859611336
bert/P,F3_within,91,0.9593462544895149,0.22829654865995294,2.0515825831295373,5.223875287524885,0.5934065934065934,0.8022260806733181,0.5178103240161327,0.9372285089507412,0.635539389249528,0.07103613662747627,0.9070541604432472
bert/P,F1_lobo,91,0.7048334454248636,0.08267515717431222,1.9825106436612225,4.969362478460232,0.6373626373626373,0.8546951402354928,0.7039171019744654,0.9766420160340332,0.7322301235922396,0.15843687986391092,0.9649434523913619
bert/P,F2_lobo,91,1.7205483395292533,0.3212907816017457,3.75131342015722,5.985077372564623,0.4945054945054945,0.6453005503411446,0.39370805860822794,0.9085201734417162,0.3463547747062208,-0.7511828777569218,0.8637558809767135
bert/P,F3_lobo,91,1.976670117758885,0.7588898612216941,3.7628040841858073,6.241199150794255,0.42857142857142855,0.5924997939215062,0.360060422883011,0.8001012534459705,0.2490527846445202,-0.9991086554623311,0.7350669815744748
bert/P,evalopt,91,-0.10248345759999461,-0.29602165844025086,-0.002368286554434243,4.162045575435376,0.9010989010989011,1.0211274656891072,1.0004994550167674,1.0788628203916517,1.0389339963271023,1.0009030101132008,1.1180412793028318
bert/all,W1,273,5.399620893916396,2.626333647727597,9.377162683247999,9.951838100159522,0.13553113553113552,0.0,0.0,0.0,-1.1960679795330025,-4.704602158392905,0.1618279250594029
bert/all,W2,273,2.458767644827021,1.3355479811941418,3.751471441392092,7.010984851070148,0.21978021978021978,0.5446406899422797,-0.19307272522119256,0.824702770399893,0.0,0.0,0.0
bert/all,W3,273,0.7229787594468639,0.1381082781134641,1.806399058557535,5.275195965689991,0.6410256410256411,0.8661056445163726,0.7500393512325747,0.9657471721209784,0.7059588932821967,0.007516181148562751,0.9451618896116826
bert/all,W4,273,5.399620893916396,2.626333647727597,9.377162683247999,9.951838100159522,0.13553113553113552,0.0,0.0,0.0,-1.1960679795330025,-4.704602158392905,0.1618279250594029
bert/all,F1_within,273,0.7382271474542538,0.14140435857020642,1.822289762796559,5.2904443536973815,0.6446886446886447,0.8632816707028462,0.7459702142791791,0.9622807472730655,0.6997572548152717,-0.015368441866269443,0.9428860448471788
bert/all,F2_within,273,1.254154344371595,0.20506755919238032,2.9566816640484075,5.806371550614722,0.5934065934065934,0.7677328892136452,0.3220541158464578,0.9480318466789737,0.4899256353034419,-0.2636640330140388,0.9064818469757987
bert/all,F3_within,273,0.9989799483719748,0.3042184550013603,1.9088575702935693,5.551197154615102,0.5860805860805861,0.8149907247196747,0.6123862439446722,0.9261791245095066,0.5937070546402708,-0.02795246700661491,0.8619163805584383
bert/all,F1_lobo,273,0.7382271474542538,0.14140435857020642,1.822289762796559,5.2904443536973815,0.6446886446886447,0.8632816707028462,0.7459702142791791,0.9622807472730655,0.6997572548152717,-0.015368441866269443,0.9428860448471788
bert/all,F2_lobo,273,1.663897543109168,0.35289080678701173,3.519438512977059,6.216114749352295,0.5201465201465202,0.6918491916749496,0.4800275539429998,0.9066905906524209,0.32327987697014515,-1.038456888813367,0.84747519483959
bert/all,F3_lobo,273,1.8476596425620426,0.7281996865371908,3.6514224981268324,6.399876848805171,0.4945054945054945,0.6578167840183465,0.4502422164825799,0.8361578179356857,0.24854239624906527,-1.2042120932220728,0.730841306183008
bert/all,evalopt,273,-0.12634485615482405,-0.2572843650893374,-0.03578076979061383,4.425872350088303,0.8571428571428571,1.0233988382956984,1.0056351866908557,1.0612136298194734,1.0513854395394537,1.0130780923204907,1.1328151218705815
roberta/R0,W1,78,1.090936649013516,0.3939527657697731,2.2213084933389244,3.753077585228194,0.32051282051282054,0.0,0.0,0.0,-0.08845567056857839,-2.7790362809036866,0.7130424892608574
roberta/R0,W2,78,1.0022793564423635,0.3909898906261305,1.8423794591435267,3.664420292657041,0.16666666666666666,0.08126713191945756,-2.4786509289489067,0.7361865481936721,0.0,0.0,0.0
roberta/R0,W3,78,0.22677637472537399,-0.048810197670131054,0.7760736533350054,2.8889173109400526,0.5512820512820513,0.7921269077077597,0.1901128608269329,1.0538127403832667,0.7737393539358856,0.3264801221753419,1.0826855959800081
roberta/R0,W4,78,1.090936649013516,0.3939527657697731,2.2213084933389244,3.753077585228194,0.32051282051282054,0.0,0.0,0.0,-0.08845567056857839,-2.7790362809036866,0.7130424892608574
roberta/R0,F1_within,78,0.22369183969527426,-0.059437560164129495,0.7892167349344584,2.885832775909953,0.5128205128205128,0.7949543267269016,0.2125720763523237,1.0752628363082222,0.7768168742003441,0.2991210740088142,1.0987852723983156
roberta/R0,F2_within,78,0.2802234958192856,-0.03825490100665613,0.9064610513057529,2.9423644320339646,0.5,0.7431349509866785,0.09657156466801736,1.041591719119424,0.7204137808305744,0.22692565087238073,1.071362232153829
roberta/R0,F3_within,78,0.36206878954647753,0.0004930452360215183,0.9515062338309199,3.024209725761157,0.5,0.6681119936030384,0.015279784002933656,0.9997384763474019,0.6387546174435266,-0.07535394338735511,0.9993151870959945
roberta/R0,F1_lobo,78,0.22369183969527426,-0.059437560164129495,0.7892167349344584,2.885832775909953,0.5128205128205128,0.7949543267269016,0.2125720763523237,1.0752628363082222,0.7768168742003441,0.2991210740088142,1.0987852723983156
roberta/R0,F2_lobo,78,0.2777337932105702,-0.06309183558960242,0.8711702664681858,2.939874729425249,0.47435897435897434,0.7454171207267515,0.050913515593608946,1.0792429839941897,0.722897821425357,0.3003500699044451,1.1275467191269257
roberta/R0,F3_lobo,78,0.3096116030651726,-0.08300366854814273,1.0805534702273587,2.9717525392798514,0.47435897435897434,0.7161965331853686,-0.2077112131464362,1.1015124540652819,0.691092507218593,0.2344357159822971,1.1687443426509878
roberta/R0,evalopt,78,-0.11743929115896254,-0.21090511608523915,-0.047316828175133704,2.5447016450557163,0.6794871794871795,1.1076499641525084,1.0362484288922462,1.324655289130661,1.1171722139183018,1.0359304633155664,1.3484215525381387
roberta/S1,W1,78,0.9731910399908096,0.3032600237815418,2.157749743113785,3.3215035490534084,0.28205128205128205,0.0,0.0,0.0,0.02721436016718426,-2.229236314784431,0.7707562407805325
roberta/S1,W2,78,1.0004167415115868,0.45583944550618405,1.7689380523720484,3.348729250574186,0.1794871794871795,-0.027975700969292028,-3.3621697531214054,0.690328054643437,0.0,0.0,0.0
roberta/S1,W3,78,0.16454644618799694,-0.1417819376639938,0.6217703938704225,2.5128589552505973,0.5,0.8309207139951157,0.09220943471299725,1.2410649328257943,0.8355220985812629,0.5172938808879228,1.2223505781197845
roberta/S1,W4,78,0.9731910399908096,0.3032600237815418,2.157749743113785,3.3215035490534084,0.28205128205128205,0.0,0.0,0.0,0.02721436016718426,-2.229236314784431,0.7707562407805325
roberta/S1,F1_within,78,0.13308944480471732,-0.17406691907210675,0.6044219425116452,2.4814019538673175,0.5384615384615384,0.8632442764721979,0.16596739696078555,1.2779303128604813,0.8669659959872074,0.5634455724328303,1.274858756495254
roberta/S1,F2_within,78,0.27556854293045735,-0.043180233572765264,0.7711614191455656,2.6238810519930578,0.4230769230769231,0.7168402383430701,-0.11200257116199468,1.054287319595459,0.7245462500816559,0.415332254346209,1.0614897436313928
roberta/S1,F3_within,78,0.297438095883566,-0.02674415460988999,0.8222279112555829,2.6457506049461665,0.44871794871794873,0.6943682343331327,-0.15478601191167618,1.0357139535747624,0.7026858072825233,0.26537265986740577,1.0447929411496508
roberta/S1,F1_lobo,78,0.13308944480471732,-0.17406691907210675,0.6044219425116452,2.4814019538673175,0.5384615384615384,0.8632442764721979,0.16596739696078555,1.2779303128604813,0.8669659959872074,0.5634455724328303,1.274858756495254
roberta/S1,F2_lobo,78,0.2986097727685211,-0.09621573738011421,0.94193483305346,2.646922281831121,0.5,0.693164280703467,-0.5200997448256955,1.1387773079312946,0.7015146184805598,0.31799963544334586,1.1514373862720368
roberta/S1,F3_lobo,78,0.27546171737256964,-0.11583532111909228,0.9490264053932351,2.6237742264351693,0.5128205128205128,0.7169500066758003,-0.8103823197125711,1.1547238534682018,0.7246530311394441,0.375405399769929,1.1958614844108861
roberta/S1,evalopt,78,-0.19836878906251362,-0.40698547246201405,-0.05846465257145928,2.1499437200000866,0.6923076923076923,1.2038333491689226,1.0434869286963395,1.843248717362518,1.1982861549905561,1.0527709153059015,1.5609938241226002
roberta/P,W1,78,0.9525078964617912,0.27593843600056434,1.9819956141265977,3.4979329777252857,0.2692307692307692,0.0,0.0,0.0,0.06368153953047528,-1.7401429482853645,0.7710164641053704
roberta/P,W2,78,1.0172905231240963,0.5322398735674148,1.5855048383619863,3.5627156043875905,0.19230769230769232,-0.0680126924962492,-3.26417221737099,0.640290136419018,0.0,0.0,0.0
roberta/P,W3,78,0.10475583375848278,-0.108064755076534,0.38624666559820703,2.650180915021977,0.5512820512820513,0.8900210337913089,0.5493358176465039,1.1402260020854722,0.8970246636754484,0.588740057339282,1.1339344907270004
roberta/P,W4,78,0.9525078964617912,0.27593843600056434,1.9819956141265977,3.4979329777252857,0.2692307692307692,0.0,0.0,0.0,0.06368153953047528,-1.7401429482853645,0.7710164641053704
roberta/P,F1_within,78,0.0938909546723665,-0.12148783503199895,0.3811388367390823,2.639316035935861,0.5384615384615384,0.901427636431009,0.5553482922950881,1.1861414880093557,0.9077048762982401,0.5978117314055307,1.1505986791211542
roberta/P,F2_within,78,0.1308807199859905,-0.06740505325175548,0.40454461378462586,2.6763058012494847,0.5,0.862593559095769,0.5037752058533712,1.102398513376704,0.8713438127939537,0.56514178501123,1.081344677705311
roberta/P,F3_within,78,0.1828867243290479,-0.0598860413626159,0.5168950012918087,2.7283118055925417,0.44871794871794873,0.8079945321100189,0.43197616931971705,1.0981086565654887,0.8202217359035222,0.37590250798674624,1.0663415402996093
roberta/P,F1_lobo,78,0.0938909546723665,-0.12148783503199895,0.3811388367390823,2.639316035935861,0.5384615384615384,0.901427636431009,0.5553482922950881,1.1861414880093557,0.9077048762982401,0.5978117314055307,1.1505986791211542
roberta/P,F2_lobo,78,0.07074046997138946,-0.15931467578153988,0.3685785911497498,2.616165551234884,0.5641025641025641,0.9257324057531032,0.5679886019436848,1.2101026298171216,0.9304618804919703,0.6434272250039775,1.1988638669560672
roberta/P,F3_lobo,78,0.07036250794950612,-0.15971389816715417,0.3685785911497498,2.615787589213001,0.5769230769230769,0.926129212985135,0.5679886019436848,1.2104953530640108,0.9308334184285694,0.6434272250039775,1.1988882754257384
roberta/P,evalopt,78,-0.17212648798750882,-0.4585943384618358,-0.03023421865008919,2.373298593275986,0.7051282051282052,1.1807087254886748,1.0313061167378543,1.8814741702475393,1.169200915642966,1.030268307273494,1.440750088093405
roberta/all,W1,234,1.0055451951553722,0.3469559756196194,2.0502350983000466,3.524171370668964,0.2905982905982906,0.0,0.0,0.0,0.0011096193567685653,-2.033707379939478,0.7182328032570092
roberta/all,W2,234,1.0066622070260156,0.48751634360876794,1.7242848191996256,3.525288382539607,0.1794871794871795,-0.0011108519796276806,-2.5050704751963755,0.6746060550116246,0.0,0.0,0.0
roberta/all,W3,234,0.16535955155728457,-0.06749867127652624,0.5574426266424557,2.683985727070876,0.5341880341880342,0.8355523427947622,0.3990946157322906,1.0897448804990815,0.8357348170983724,0.5264477714531433,1.1004009125413161
roberta/all,W4,234,1.0055451951553722,0.3469559756196194,2.0502350983000466,3.524171370668964,0.2905982905982906,0.0,0.0,0.0,0.0011096193567685653,-2.033707379939478,0.7182328032570092
roberta/all,F1_within,234,0.15022407972411933,-0.07773014091076015,0.5483945719564078,2.66885025523771,0.5299145299145299,0.8506043483198114,0.42352159809675655,1.1165623589144538,0.8507701206267327,0.5373943884276692,1.1074689540709022
roberta/all,F2_within,234,0.22889091957857777,-0.005950608607442896,0.6113125020898618,2.747517095092169,0.47435897435897434,0.7723713258425837,0.28729565666947143,1.0102450076628566,0.7726239070255844,0.48274824739984246,1.0087312539344488
roberta/all,F3_within,234,0.2807978699196972,0.01318086157306314,0.7233461446464191,2.7994240454332884,0.4658119658119658,0.7207506223762428,0.2145363424895458,0.9825495754583587,0.7210604828910196,0.23425893557962882,0.9803475459073433
roberta/all,F1_lobo,234,0.15022407972411933,-0.07773014091076015,0.5483945719564078,2.66885025523771,0.5299145299145299,0.8506043483198114,0.42352159809675655,1.1165623589144538,0.8507701206267327,0.5373943884276692,1.1074689540709022
roberta/all,F2_lobo,234,0.2156946786501602,-0.052604678404920606,0.6564529488630831,2.734320854163751,0.5128205128205128,0.7854947945757604,0.19626284164602784,1.075392921767142,0.7857328137038267,0.46802339566645085,1.0834638733354713
roberta/all,F3_lobo,234,0.21847860946241615,-0.06012341854347091,0.7351206778259647,2.7371047849760073,0.5213675213675214,0.782726216071613,0.12912954259894924,1.0831724664408453,0.7829673072679783,0.4801428767500135,1.0940586616452326
roberta/all,evalopt,234,-0.16264485606966167,-0.28891022955609147,-0.06909335039312083,2.35598131944393,0.6923076923076923,1.1617479322195265,1.0617765860827566,1.5000126998596868,1.1615684535830184,1.066779127399681,1.32616198741946
qwen/R0,W1,91,3.230094122021159,1.6842635839123037,5.224343469660008,7.36504312312754,0.12087912087912088,0.0,0.0,0.0,-1.9010347680580737,-8.623936501521555,-0.05641815760428939
qwen/R0,W2,91,1.113428269659572,0.4091844239812666,1.958189570566485,5.2483772707659515,0.37362637362637363,0.6552954101031367,0.056039206704849596,0.8962561817474829,0.0,0.0,0.0
qwen/R0,W3,91,1.0849379155133723,0.3103271577163217,2.472472514019235,5.219886916619752,0.4725274725274725,0.6641156961598083,0.4940151033631103,0.8553185582910656,0.025587956514621868,-2.797129043382198,0.8100341534721176
qwen/R0,W4,91,3.230094122021159,1.6842635839123037,5.224343469660008,7.36504312312754,0.12087912087912088,0.0,0.0,0.0,-1.9010347680580737,-8.623936501521555,-0.05641815760428939
qwen/R0,F1_within,91,1.0849379155133723,0.3103271577163217,2.472472514019235,5.219886916619752,0.4725274725274725,0.6641156961598083,0.4940151033631103,0.8553185582910656,0.025587956514621868,-2.797129043382198,0.8100341534721176
qwen/R0,F2_within,91,1.2265587581265185,0.3865091636301188,2.612682614953548,5.361507759232899,0.4835164835164835,0.6202715116675837,0.42326462269042653,0.8252465650121232,-0.10160554707447456,-2.8397412511532725,0.7147104039288326
qwen/R0,F3_within,91,1.4432779894524623,0.5341438267059546,2.788635499187568,5.578226990558842,0.4065934065934066,0.5531777295240662,0.2613928818749871,0.7937922528306228,-0.29624694179333266,-3.137353138447871,0.5452124625368869
qwen/R0,F1_lobo,91,1.0849379155133723,0.3103271577163217,2.472472514019235,5.219886916619752,0.4725274725274725,0.6641156961598083,0.4940151033631103,0.8553185582910656,0.025587956514621868,-2.797129043382198,0.8100341534721176
qwen/R0,F2_lobo,91,0.9919312746161626,0.4054629419780189,1.7267206762808627,5.1268802757225425,0.43956043956043955,0.6929094827752313,0.40111010942949915,0.8810875429397774,0.10911973259000951,-1.6076147265074987,0.6849161526611142
qwen/R0,F3_lobo,91,9.05632340985273,5.478819327305988,12.86801626058122,13.19127241095911,0.04395604395604396,-1.8037335965262642,-5.361806629846716,-0.2853177623430253,-7.1337286438952,-14.070486650739326,-4.468425239189857
qwen/R0,evalopt,91,-0.12649746708282286,-0.29809280031774754,-0.03118175648060368,4.008451534023557,0.7802197802197802,1.0391621613192095,1.0093112434040454,1.095941296989051,1.1136107915793256,1.0212830351811724,1.5143297043590238
qwen/S1,W1,91,2.0057840370592745,0.798801449821552,3.676187529078407,6.532546996082108,0.27472527472527475,0.0,0.0,0.0,0.20093918863631577,-0.9882774140456186,0.7555545144952867
qwen/S1,W2,91,2.510176958417202,1.2398471863385236,4.345123409508495,7.036939917440035,0.1978021978021978,-0.2514692070724769,-3.0908917027658984,0.4970513531290803,0.0,0.0,0.0
qwen/S1,W3,91,0.7776311181824838,0.10867086077156393,1.6502710205091837,5.304394077205317,0.4945054945054945,0.6123056601235164,0.3229491380565319,0.9099258727185877,0.690208646217189,0.19964442648771588,0.9471669526725759
qwen/S1,W4,91,2.0057840370592745,0.798801449821552,3.676187529078407,6.532546996082108,0.27472527472527475,0.0,0.0,0.0,0.20093918863631577,-0.9882774140456186,0.7555545144952867
qwen/S1,F1_within,91,0.7776311181824838,0.10867086077156393,1.6502710205091837,5.304394077205317,0.4945054945054945,0.6123056601235164,0.3229491380565319,0.9099258727185877,0.690208646217189,0.19964442648771588,0.9471669526725759
qwen/S1,F2_within,91,0.9472177740621948,0.27590532175587856,1.8287886368278163,5.473980733085028,0.4725274725274725,0.5277568489123424,0.0800890775191828,0.7845426603270625,0.6226490045309534,0.15558810371634793,0.8685078191210368
qwen/S1,F3_within,91,0.9805740526685909,0.3173577161772507,1.86650526319933,5.5073370116914235,0.4725274725274725,0.5111268040071588,-0.015992042649923852,0.7710150272168822,0.6093605873560028,0.12954057802867477,0.8641895273122242
qwen/S1,F1_lobo,91,0.7776311181824838,0.10867086077156393,1.6502710205091837,5.304394077205317,0.4945054945054945,0.6123056601235164,0.3229491380565319,0.9099258727185877,0.690208646217189,0.19964442648771588,0.9471669526725759
qwen/S1,F2_lobo,91,2.958855954863915,0.8217100014864724,6.262035334330446,7.485618913886749,0.34065934065934067,-0.4751617822235541,-3.9255152281337695,0.514870639862507,-0.1787439705962517,-0.9487306794312347,0.4771475797929766
qwen/S1,F3_lobo,91,9.546755042592974,5.5175531892600596,14.297248355693021,14.07351800161581,0.04395604395604396,-3.7596126333668938,-13.546227326480103,-1.066042964836822,-2.8032199325949922,-4.380634242245878,-1.958388347921294
qwen/S1,evalopt,91,-0.13630679661958306,-0.3070026584948663,-0.03311802980442377,4.39045616240325,0.7362637362637363,1.0679568657946972,1.010773233083147,1.2995840532166854,1.0543016683196438,1.011282754533388,1.1604661831918226
qwen/P,W1,91,0.8957199072835784,0.12189712696866943,2.4643416344636173,4.952010448622485,0.5274725274725275,0.0,0.0,0.0,0.7748887452672086,0.27574089008933034,0.9780246840382777
qwen/P,W2,91,3.9790098826769196,2.3127641003207806,6.188327238410553,8.035300424015828,0.01098901098901099,-3.442247906205342,-39.32544175354462,-0.3037220051015536,0.0,0.0,0.0
qwen/P,W3,91,0.8825342952214987,0.26730674163349144,1.7405329611237896,4.938824836560406,0.45054945054945056,0.014720686628554747,-6.757604719752808,0.6611039431123362,0.7782025375046908,0.6192546304377586,0.9041291395694288
qwen/P,W4,91,0.8957199072835784,0.12189712696866943,2.4643416344636173,4.952010448622485,0.5274725274725275,0.0,0.0,0.0,0.7748887452672086,0.27574089008933034,0.9780246840382777
qwen/P,F1_within,91,0.8825342952214987,0.26730674163349144,1.7405329611237896,4.938824836560406,0.45054945054945056,0.014720686628554747,-6.757604719752808,0.6611039431123362,0.7782025375046908,0.6192546304377586,0.9041291395694288
qwen/P,F2_within,91,0.879226487567859,0.09173415911814108,2.4502789167275987,4.935517028906767,0.5604395604395604,0.018413590656635614,-1.3671315610297965,0.7194470262931801,0.7790338517640598,0.3240113782373173,0.9778822364545715
qwen/P,F3_within,91,1.0785576571921305,0.14899687647503015,2.5990851375554835,5.134848198531039,0.5164835164835165,-0.204123798546622,-3.398623053529106,0.634527043036189,0.7289381808555551,0.24572612097534632,0.968731332529816
qwen/P,F1_lobo,91,0.8825342952214987,0.26730674163349144,1.7405329611237896,4.938824836560406,0.45054945054945056,0.014720686628554747,-6.757604719752808,0.6611039431123362,0.7782025375046908,0.6192546304377586,0.9041291395694288
qwen/P,F2_lobo,91,5.518475454821715,1.806902383950561,10.951561079923824,9.574765996160622,0.24175824175824176,-5.160938715270293,-64.28027238061141,-0.2560742157148763,-0.3868966445263273,-1.1744123673752016,0.3452349089234707
qwen/P,F3_lobo,91,10.821323726741088,6.937844292885366,15.435707234720502,14.877614268079995,0.02197802197802198,-11.081146839259803,-108.18546804006412,-2.774736139021168,-1.7196021235968715,-3.1371101229825125,-0.789913758483139
qwen/P,evalopt,91,-0.12844647057949207,-0.28718439618044794,-0.02259949590094509,3.927844070759416,0.8131868131868132,1.1434002633356979,1.0267709586704152,2.1699831133249248,1.0322810132085116,1.0049201009612243,1.0920014319707532
qwen/all,W1,273,2.043866022121338,1.013944633930967,3.498804833072295,6.2832001892773786,0.3076923076923077,0.0,0.0,0.0,0.19348829619284114,-0.7830630847688084,0.6955413209063964
qwen/all,W2,273,2.534205036917898,1.5188639530853714,3.9410149939493544,6.773539204073938,0.19413919413919414,-0.23990761111026004,-2.284523407856643,0.43916734233782245,0.0,0.0,0.0
qwen/all,W3,273,0.9150344429724516,0.33580271272860146,1.7767152051500545,5.1543686101284925,0.4725274725274725,0.5523021406154924,0.31334416028502743,0.7700206905417846,0.6389264366369829,0.18266121156607534,0.8582320919200352
qwen/all,W4,273,2.043866022121338,1.013944633930967,3.498804833072295,6.2832001892773786,0.3076923076923077,0.0,0.0,0.0,0.19348829619284114,-0.7830630847688084,0.6955413209063964
qwen/all,F1_within,273,0.9150344429724516,0.33580271272860146,1.7767152051500545,5.1543686101284925,0.4725274725274725,0.5523021406154924,0.31334416028502743,0.7700206905417846,0.6389264366369829,0.18266121156607534,0.8582320919200352
qwen/all,F2_within,273,1.0176676732521908,0.33574817845787697,1.9881324787258923,5.257001840408232,0.5054945054945055,0.5020868969699155,0.2882036995698394,0.7154388213132961,0.5984272549272971,0.05975837852435517,0.8764307622111088
qwen/all,F3_within,273,1.1674698997710613,0.4484848406921979,2.063384681033798,5.406804066927102,0.4652014652014652,0.4287933322755966,0.01580803831779201,0.6931465158831029,0.5393151371875817,-0.011643823113680667,0.8409662402487821
qwen/all,F1_lobo,273,0.9150344429724516,0.33580271272860146,1.7767152051500545,5.1543686101284925,0.4725274725274725,0.5523021406154924,0.31334416028502743,0.7700206905417846,0.6389264366369829,0.18266121156607534,0.8582320919200352
qwen/all,F2_lobo,273,3.156420894767264,1.349435746597822,5.892223703524845,7.395755061923307,0.34065934065934067,-0.5443384549693722,-3.25193767388999,0.37263699831525543,-0.24552703857226388,-0.8364844362454757,0.2884011945007778
qwen/all,F3_lobo,273,9.80813405972893,6.686356885055016,13.587023582285202,14.047468226884972,0.03663003663003663,-3.7988145766761274,-10.856796353433532,-1.2126566457785766,-2.870300120489694,-4.055910954969957,-2.0612756297529895
qwen/all,evalopt,273,-0.13041691142729933,-0.23958359418554295,-0.058594492698558195,4.108917255728741,0.7765567765567766,1.0638089336657885,1.0239710777030453,1.1685236518020248,1.051462651808913,1.0187254100294345,1.1208763805804696
all/all,W1,780,2.9068839791598178,1.5347269540592632,4.592732164641516,6.739514812503604,0.2423076923076923,0.0,0.0,0.0,-0.41831106229723747,-1.8089658344206616,0.3616058811857724
all/all,W2,780,2.049539100718526,1.4487027357777882,2.871181643273047,5.882169934062312,0.1987179487179487,0.29493604993794476,-0.5664310628855892,0.6439970912481221,0.0,0.0,0.0
all/all,W3,780,0.6229124863139458,0.25784370411552654,1.1356511215870677,4.455543319657732,0.55,0.7857112665040085,0.6930548885940641,0.8692111919893277,0.6960719187569705,0.3671149077324762,0.8717658857419524
all/all,W4,780,2.9068839791598178,1.5347269540592632,4.592732164641516,6.739514812503604,0.2423076923076923,0.0,0.0,0.0,-0.41831106229723747,-1.8089658344206616,0.3616058811857724
all/all,F1_within,780,0.6237087805665826,0.25023366859420765,1.1362453251901525,4.4563396139103695,0.55,0.7854373325395483,0.6936981698250085,0.8723340854822256,0.6956833951848378,0.3637124787494443,0.87470936585895
all/all,F2_within,780,0.8638049820418984,0.30902800681470705,1.5832109539609212,4.696435815385684,0.5269230769230769,0.7028416035057699,0.36278093191056165,0.8589546459171157,0.5785369589977248,0.24676272607854535,0.8296448764263051
all/all,F3_within,780,0.8424968078259717,0.3973210564058226,1.349177257695961,4.675127641169757,0.5076923076923077,0.7101718493527629,0.48763089676756793,0.8250143697164644,0.5889335277718734,0.2514857701354461,0.7849127145087981
all/all,F1_lobo,780,0.6237087805665826,0.25023366859420765,1.1362453251901525,4.4563396139103695,0.55,0.7854373325395483,0.6936981698250085,0.8723340854822256,0.6956833951848378,0.3637124787494443,0.87470936585895
all/all,F2_lobo,780,1.751819856851799,0.7341287572628673,3.028285345137271,5.5844506901955855,0.4551282051282051,0.3973547381281688,-0.07866906336960043,0.7185558218987923,0.14526155844616617,-0.5451457897789562,0.6125425889711519
all/all,F3_lobo,780,4.145071378640567,2.695862443169605,5.7967126556009205,7.977702211984353,0.3423076923076923,-0.4259500579856732,-1.7189343103543229,0.22438299756862737,-1.0224407415244676,-1.9592847892809564,-0.37570613954036186
all/all,evalopt,780,-0.13866007547464168,-0.22616136756434968,-0.07090745695566938,3.6939707578691445,0.7794871794871795,1.0477005881448076,1.0203762199503614,1.1104539496694017,1.0676542718438649,1.0325853838777586,1.1221424824969208
