scope,rule,regret_pp,regret_lo,regret_hi,removed_vs_W1,removed_vs_W1_lo,removed_vs_W1_hi,removed_vs_W2,removed_vs_W2_lo,removed_vs_W2_hi,lam_counts
qwen/R0,W1,3.230094122021159,1.6842635839123037,5.224343469660008,0.0,0.0,0.0,-1.9010347680580737,-8.623936501521555,-0.05641815760428939,"{'0.3': 0, '0.5': 0, '0.7': 0, '1.0': 91, '1.3': 0, '1.5': 0, '2.0': 0}"
qwen/R0,W2,1.113428269659572,0.4091844239812666,1.958189570566485,0.6552954101031367,0.056039206704849596,0.8962561817474829,0.0,0.0,0.0,"{'0.3': 0, '0.5': 91, '0.7': 0, '1.0': 0, '1.3': 0, '1.5': 0, '2.0': 0}"
qwen/R0,W3,1.0849379155133723,0.3103271577163217,2.472472514019235,0.6641156961598083,0.4940151033631103,0.8553185582910656,0.025587956514621868,-2.797129043382198,0.8100341534721176,"{'0.3': 0, '0.5': 0, '0.7': 91, '1.0': 0, '1.3': 0, '1.5': 0, '2.0': 0}"
qwen/R0,W4,3.230094122021159,1.6842635839123037,5.224343469660008,0.0,0.0,0.0,-1.9010347680580737,-8.623936501521555,-0.05641815760428939,"{'0.3': 0, '0.5': 0, '0.7': 0, '1.0': 91, '1.3': 0, '1.5': 0, '2.0': 0}"
qwen/R0,F1_within,1.0849379155133723,0.3103271577163217,2.472472514019235,0.6641156961598083,0.4940151033631103,0.8553185582910656,0.025587956514621868,-2.797129043382198,0.8100341534721176,"{'0.3': 0, '0.5': 0, '0.7': 91, '1.0': 0, '1.3': 0, '1.5': 0, '2.0': 0}"
qwen/S1,W1,2.101421613339087,0.8590399091788925,3.75388116768358,0.0,0.0,0.0,0.19356439786555046,-0.972237344755285,0.7481081276045791,"{'0.3': 0, '0.5': 0, '0.7': 0, '1.0': 91, '1.3': 0, '1.5': 0, '2.0': 0}"
qwen/S1,W2,2.605814534697014,1.2500080296466625,4.385105445099452,-0.2400246186468331,-2.9699624730224987,0.4929615475021897,0.0,0.0,0.0,"{'0.3': 0, '0.5': 91, '0.7': 0, '1.0': 0, '1.3': 0, '1.5': 0, '2.0': 0}"
qwen/S1,W3,0.8732686944622957,0.11876833383927009,1.8267112771104266,0.5844390821341645,0.268941698436874,0.9019250450945657,0.6648768809773205,0.18320630229143087,0.9385118580072295,"{'0.3': 0, '0.5': 0, '0.7': 91, '1.0': 0, '1.3': 0, '1.5': 0, '2.0': 0}"
qwen/S1,W4,2.101421613339087,0.8590399091788925,3.75388116768358,0.0,0.0,0.0,0.19356439786555046,-0.972237344755285,0.7481081276045791,"{'0.3': 0, '0.5': 0, '0.7': 0, '1.0': 91, '1.3': 0, '1.5': 0, '2.0': 0}"
qwen/S1,F1_within,0.8732686944622957,0.11876833383927009,1.8267112771104266,0.5844390821341645,0.268941698436874,0.9019250450945657,0.6648768809773205,0.18320630229143087,0.9385118580072295,"{'0.3': 0, '0.5': 0, '0.7': 91, '1.0': 0, '1.3': 0, '1.5': 0, '2.0': 0}"
qwen/P,W1,0.9271410482698057,0.12758781347028766,2.496213661702611,0.0,0.0,0.0,0.7688176051902396,0.2736521228735842,0.9740446663128814,"{'0.3': 0, '0.5': 0, '0.7': 0, '1.0': 91, '1.3': 0, '1.5': 0, '2.0': 0}"
qwen/P,W2,4.0104310236631475,2.3249858987867076,6.219087921740236,-3.3255888962604523,-30.236663454091868,-0.3014061247449374,0.0,0.0,0.0,"{'0.3': 0, '0.5': 91, '0.7': 0, '1.0': 0, '1.3': 0, '1.5': 0, '2.0': 0}"
qwen/P,W3,0.913955436207726,0.27630477577747276,1.8146285616453481,0.014221797305476014,-5.269265284797088,0.6496738365426908,0.7721054343498184,0.6077723096747705,0.9039694129829544,"{'0.3': 0, '0.5': 0, '0.7': 91, '1.0': 0, '1.3': 0, '1.5': 0, '2.0': 0}"
qwen/P,W4,0.9271410482698057,0.12758781347028766,2.496213661702611,0.0,0.0,0.0,0.7688176051902396,0.2736521228735842,0.9740446663128814,"{'0.3': 0, '0.5': 0, '0.7': 0, '1.0': 91, '1.3': 0, '1.5': 0, '2.0': 0}"
qwen/P,F1_within,0.913955436207726,0.27630477577747276,1.8146285616453481,0.014221797305476014,-5.269265284797088,0.6496738365426908,0.7721054343498184,0.6077723096747705,0.9039694129829544,"{'0.3': 0, '0.5': 0, '0.7': 91, '1.0': 0, '1.3': 0, '1.5': 0, '2.0': 0}"
qwen/all,W1,2.086218927876684,1.0344600459618822,3.5626911397196133,0.0,0.0,0.0,0.1903077771609597,-0.7597465252789407,0.6895639203843776,"{'0.3': 0, '0.5': 0, '0.7': 0, '1.0': 273, '1.3': 0, '1.5': 0, '2.0': 0}"
qwen/all,W2,2.5765579426732446,1.5353416552614896,3.9655704974701322,-0.23503718053963718,-2.221275058197215,0.43173630150833364,0.0,0.0,0.0,"{'0.3': 0, '0.5': 273, '0.7': 0, '1.0': 0, '1.3': 0, '1.5': 0, '2.0': 0}"
qwen/all,W3,0.957387348727798,0.3515526610017974,1.843479699573703,0.5410897025547508,0.30133417453564,0.758701692541993,0.628423901177831,0.1779628976474868,0.8532721479480323,"{'0.3': 0, '0.5': 0, '0.7': 273, '1.0': 0, '1.3': 0, '1.5': 0, '2.0': 0}"
qwen/all,W4,2.086218927876684,1.0344600459618822,3.5626911397196133,0.0,0.0,0.0,0.1903077771609597,-0.7597465252789407,0.6895639203843776,"{'0.3': 0, '0.5': 0, '0.7': 0, '1.0': 273, '1.3': 0, '1.5': 0, '2.0': 0}"
qwen/all,F1_within,0.957387348727798,0.3515526610017974,1.843479699573703,0.5410897025547508,0.30133417453564,0.758701692541993,0.628423901177831,0.1779628976474868,0.8532721479480323,"{'0.3': 0, '0.5': 0, '0.7': 273, '1.0': 0, '1.3': 0, '1.5': 0, '2.0': 0}"
