scope,rule,frac_0.3,frac_0.5,frac_0.7,frac_1.0
bert/R0,sel,0.0,0.24175824175824176,0.6593406593406593,0.0989010989010989
bert/R0,evalopt,0.0,0.26373626373626374,0.6153846153846154,0.12087912087912088
bert/R0,W3,0.0,0.01098901098901099,0.989010989010989,0.0
bert/R0,W4,0.0,0.0,0.0,1.0
bert/R0,F1_within,0.0,0.0,1.0,0.0
bert/R0,F2_within,0.02197802197802198,0.15384615384615385,0.8241758241758241,0.0
bert/R0,F3_within,0.01098901098901099,0.23076923076923078,0.7582417582417582,0.0
bert/R0,F1_lobo,0.0,0.0,1.0,0.0
bert/R0,F2_lobo,0.0,0.0,0.8681318681318682,0.13186813186813187
bert/R0,F3_lobo,0.0,0.01098901098901099,0.7582417582417582,0.23076923076923078
bert/S1,sel,0.0,0.2087912087912088,0.6373626373626373,0.15384615384615385
bert/S1,evalopt,0.0,0.24175824175824176,0.6813186813186813,0.07692307692307693
bert/S1,W3,0.0,0.01098901098901099,0.989010989010989,0.0
bert/S1,W4,0.0,0.0,0.0,1.0
bert/S1,F1_within,0.0,0.0,1.0,0.0
bert/S1,F2_within,0.02197802197802198,0.13186813186813187,0.8461538461538461,0.0
bert/S1,F3_within,0.01098901098901099,0.2087912087912088,0.7802197802197802,0.0
bert/S1,F1_lobo,0.0,0.0,1.0,0.0
bert/S1,F2_lobo,0.0,0.0,0.8241758241758241,0.17582417582417584
bert/S1,F3_lobo,0.0,0.01098901098901099,0.7032967032967034,0.2857142857142857
bert/P,sel,0.0,0.2087912087912088,0.6373626373626373,0.15384615384615385
bert/P,evalopt,0.0,0.2087912087912088,0.6703296703296703,0.12087912087912088
bert/P,W3,0.0,0.01098901098901099,0.989010989010989,0.0
bert/P,W4,0.0,0.0,0.0,1.0
bert/P,F1_within,0.0,0.0,1.0,0.0
bert/P,F2_within,0.01098901098901099,0.12087912087912088,0.8681318681318682,0.0
bert/P,F3_within,0.0,0.23076923076923078,0.7582417582417582,0.01098901098901099
bert/P,F1_lobo,0.0,0.0,1.0,0.0
bert/P,F2_lobo,0.0,0.0,0.7252747252747253,0.27472527472527475
bert/P,F3_lobo,0.0,0.0,0.6153846153846154,0.38461538461538464
bert/all,sel,0.0,0.21978021978021978,0.6446886446886447,0.13553113553113552
bert/all,evalopt,0.0,0.23809523809523808,0.6556776556776557,0.10622710622710622
bert/all,W3,0.0,0.01098901098901099,0.989010989010989,0.0
bert/all,W4,0.0,0.0,0.0,1.0
bert/all,F1_within,0.0,0.0,1.0,0.0
bert/all,F2_within,0.018315018315018316,0.13553113553113552,0.8461538461538461,0.0
bert/all,F3_within,0.007326007326007326,0.22344322344322345,0.7655677655677655,0.003663003663003663
bert/all,F1_lobo,0.0,0.0,1.0,0.0
bert/all,F2_lobo,0.0,0.0,0.8058608058608059,0.19413919413919414
bert/all,F3_lobo,0.0,0.007326007326007326,0.6923076923076923,0.30036630036630035
roberta/R0,sel,0.0,0.16666666666666666,0.5128205128205128,0.32051282051282054
roberta/R0,evalopt,0.0,0.1794871794871795,0.6282051282051282,0.19230769230769232
roberta/R0,W3,0.0,0.05128205128205128,0.9487179487179487,0.0
roberta/R0,W4,0.0,0.0,0.0,1.0
roberta/R0,F1_within,0.0,0.0,1.0,0.0
roberta/R0,F2_within,0.0,0.08974358974358974,0.782051282051282,0.1282051282051282
roberta/R0,F3_within,0.01282051282051282,0.11538461538461539,0.6282051282051282,0.24358974358974358
roberta/R0,F1_lobo,0.0,0.0,1.0,0.0
roberta/R0,F2_lobo,0.0,0.3076923076923077,0.6923076923076923,0.0
roberta/R0,F3_lobo,0.0,0.28205128205128205,0.717948717948718,0.0
roberta/S1,sel,0.0,0.1794871794871795,0.5384615384615384,0.28205128205128205
roberta/S1,evalopt,0.0,0.16666666666666666,0.6153846153846154,0.21794871794871795
roberta/S1,W3,0.0,0.038461538461538464,0.9615384615384616,0.0
roberta/S1,W4,0.0,0.0,0.0,1.0
roberta/S1,F1_within,0.0,0.0,1.0,0.0
roberta/S1,F2_within,0.0,0.0641025641025641,0.7435897435897436,0.19230769230769232
roberta/S1,F3_within,0.01282051282051282,0.05128205128205128,0.7564102564102564,0.1794871794871795
roberta/S1,F1_lobo,0.0,0.0,1.0,0.0
roberta/S1,F2_lobo,0.01282051282051282,0.2948717948717949,0.6923076923076923,0.0
roberta/S1,F3_lobo,0.0,0.34615384615384615,0.6538461538461539,0.0
roberta/P,sel,0.0,0.19230769230769232,0.5384615384615384,0.2692307692307692
roberta/P,evalopt,0.0,0.15384615384615385,0.6282051282051282,0.21794871794871795
roberta/P,W3,0.0,0.038461538461538464,0.9615384615384616,0.0
roberta/P,W4,0.0,0.0,0.0,1.0
roberta/P,F1_within,0.0,0.0,1.0,0.0
roberta/P,F2_within,0.0,0.05128205128205128,0.8076923076923077,0.14102564102564102
roberta/P,F3_within,0.01282051282051282,0.05128205128205128,0.7948717948717948,0.14102564102564102
roberta/P,F1_lobo,0.0,0.0,1.0,0.0
roberta/P,F2_lobo,0.0,0.05128205128205128,0.9487179487179487,0.0
roberta/P,F3_lobo,0.0,0.0641025641025641,0.9358974358974359,0.0
roberta/all,sel,0.0,0.1794871794871795,0.5299145299145299,0.2905982905982906
roberta/all,evalopt,0.0,0.16666666666666666,0.6239316239316239,0.2094017094017094
roberta/all,W3,0.0,0.042735042735042736,0.9572649572649573,0.0
roberta/all,W4,0.0,0.0,0.0,1.0
roberta/all,F1_within,0.0,0.0,1.0,0.0
roberta/all,F2_within,0.0,0.06837606837606838,0.7777777777777778,0.15384615384615385
roberta/all,F3_within,0.01282051282051282,0.07264957264957266,0.7264957264957265,0.18803418803418803
roberta/all,F1_lobo,0.0,0.0,1.0,0.0
roberta/all,F2_lobo,0.004273504273504274,0.21794871794871795,0.7777777777777778,0.0
roberta/all,F3_lobo,0.0,0.23076923076923078,0.7692307692307693,0.0
qwen/R0,sel,0.03296703296703297,0.37362637362637363,0.4725274725274725,0.12087912087912088
qwen/R0,evalopt,0.054945054945054944,0.3956043956043956,0.42857142857142855,0.12087912087912088
qwen/R0,W3,0.0,0.0,1.0,0.0
qwen/R0,W4,0.0,0.0,0.0,1.0
qwen/R0,F1_within,0.0,0.0,1.0,0.0
qwen/R0,F2_within,0.02197802197802198,0.13186813186813187,0.8461538461538461,0.0
qwen/R0,F3_within,0.02197802197802198,0.24175824175824176,0.7362637362637363,0.0
qwen/R0,F1_lobo,0.0,0.0,1.0,0.0
qwen/R0,F2_lobo,0.02197802197802198,0.26373626373626374,0.6923076923076923,0.02197802197802198
qwen/R0,F3_lobo,0.9560439560439561,0.0,0.0,0.04395604395604396
qwen/S1,sel,0.03296703296703297,0.1978021978021978,0.4945054945054945,0.27472527472527475
qwen/S1,evalopt,0.02197802197802198,0.17582417582417584,0.5274725274725275,0.27472527472527475
qwen/S1,W3,0.0,0.0,1.0,0.0
qwen/S1,W4,0.0,0.0,0.0,1.0
qwen/S1,F1_within,0.0,0.0,1.0,0.0
qwen/S1,F2_within,0.0,0.0989010989010989,0.9010989010989011,0.0
qwen/S1,F3_within,0.01098901098901099,0.0989010989010989,0.8901098901098901,0.0
qwen/S1,F1_lobo,0.0,0.0,1.0,0.0
qwen/S1,F2_lobo,0.0989010989010989,0.4175824175824176,0.4835164835164835,0.0
qwen/S1,F3_lobo,0.9340659340659341,0.02197802197802198,0.0,0.04395604395604396
qwen/P,sel,0.01098901098901099,0.01098901098901099,0.45054945054945056,0.5274725274725275
qwen/P,evalopt,0.0,0.02197802197802198,0.45054945054945056,0.5274725274725275
qwen/P,W3,0.0,0.0,1.0,0.0
qwen/P,W4,0.0,0.0,0.0,1.0
qwen/P,F1_within,0.0,0.0,1.0,0.0
qwen/P,F2_within,0.0,0.01098901098901099,0.5164835164835165,0.4725274725274725
qwen/P,F3_within,0.01098901098901099,0.10989010989010989,0.4725274725274725,0.4065934065934066
qwen/P,F1_lobo,0.0,0.0,1.0,0.0
qwen/P,F2_lobo,0.17582417582417584,0.3956043956043956,0.42857142857142855,0.0
qwen/P,F3_lobo,0.7252747252747253,0.26373626373626374,0.01098901098901099,0.0
qwen/all,sel,0.02564102564102564,0.19413919413919414,0.4725274725274725,0.3076923076923077
qwen/all,evalopt,0.02564102564102564,0.1978021978021978,0.46886446886446886,0.3076923076923077
qwen/all,W3,0.0,0.0,1.0,0.0
qwen/all,W4,0.0,0.0,0.0,1.0
qwen/all,F1_within,0.0,0.0,1.0,0.0
qwen/all,F2_within,0.007326007326007326,0.08058608058608059,0.7545787545787546,0.1575091575091575
qwen/all,F3_within,0.014652014652014652,0.15018315018315018,0.6996336996336996,0.13553113553113552
qwen/all,F1_lobo,0.0,0.0,1.0,0.0
qwen/all,F2_lobo,0.0989010989010989,0.358974358974359,0.5347985347985348,0.007326007326007326
qwen/all,F3_lobo,0.8717948717948718,0.09523809523809523,0.003663003663003663,0.029304029304029304
all/all,sel,0.008974358974358974,0.1987179487179487,0.55,0.2423076923076923
all/all,evalopt,0.008974358974358974,0.20256410256410257,0.5807692307692308,0.2076923076923077
all/all,W3,0.0,0.016666666666666666,0.9833333333333333,0.0
all/all,W4,0.0,0.0,0.0,1.0
all/all,F1_within,0.0,0.0,1.0,0.0
all/all,F2_within,0.008974358974358974,0.09615384615384616,0.7935897435897435,0.10128205128205128
all/all,F3_within,0.011538461538461539,0.15256410256410258,0.7307692307692307,0.10512820512820513
all/all,F1_lobo,0.0,0.0,1.0,0.0
all/all,F2_lobo,0.035897435897435895,0.191025641025641,0.7025641025641025,0.07051282051282051
all/all,F3_lobo,0.30512820512820515,0.10512820512820513,0.47435897435897434,0.11538461538461539
