tau,scope,score,n,prevalence,auroc,auroc_lo,auroc_hi,acc,acc_lo,acc_hi,bal_acc
0.02,bert/R0,M1_within,91,0.8351648351648352,0.39473684210526316,0.1077809147374365,0.7521896014433327,0.7912087912087912,0.6419753086419753,0.9146341463414634,0.47368421052631576
0.02,bert/R0,M1_lobo,91,0.8351648351648352,0.35175438596491226,0.09675069040484165,0.7114285714285714,0.4065934065934066,0.18072289156626506,0.6173280423280421,0.4307017543859649
0.02,bert/R0,M2_tv_cosine,91,0.8351648351648352,0.3631578947368421,0.0918907368907369,0.7110053816046958,,,,
0.02,bert/R0,M2_O_A,91,0.8351648351648352,0.3605263157894737,0.10515350877192983,0.6358928571428569,,,,
0.02,bert/R0,M2_sign_conflict_top20,91,0.8351648351648352,0.6605263157894737,0.33696918632643236,0.913275832910536,,,,
0.02,bert/R0,M2_layer_maxcos,91,0.8351648351648352,0.37456140350877193,0.14352446861097382,0.6480090934924694,,,,
0.02,bert/R0,M2_abs_log_norm_ratio,91,0.8351648351648352,0.45526315789473687,0.14285714285714285,0.7822327596300197,,,,
0.02,bert/R0,M2_neg_mean_theta_min,91,0.8351648351648352,0.36140350877192984,0.09718904109589041,0.660190476190476,,,,
0.02,bert/R0,REF_hold_1-holdnorm,91,0.8351648351648352,0.9245614035087719,0.8075897435897436,1.0,0.8681318681318682,0.7406746031746031,0.9764705882352941,
0.02,bert/R0,M0_always_merge,91,0.8351648351648352,,,,0.16483516483516483,0.04817842799770511,0.30384959046909876,
0.02,bert/S1,M1_within,91,0.8241758241758241,0.3375,0.02753436827831292,0.7662337662337663,0.8021978021978022,0.6190476190476191,0.95,0.51125
0.02,bert/S1,M1_lobo,91,0.8241758241758241,0.375,0.115625,0.7465005788153579,0.3626373626373626,0.1794871794871795,0.5529411764705883,0.39208333333333334
0.02,bert/S1,M2_tv_cosine,91,0.8241758241758241,0.31,0.09118055555555556,0.5723349056603767,,,,
0.02,bert/S1,M2_O_A,91,0.8241758241758241,0.32,0.07036567623524145,0.5764524291497976,,,,
0.02,bert/S1,M2_sign_conflict_top20,91,0.8241758241758241,0.6783333333333333,0.4209311740890688,0.9026091417910447,,,,
0.02,bert/S1,M2_layer_maxcos,91,0.8241758241758241,0.3383333333333333,0.11230275101242844,0.6456868260665728,,,,
0.02,bert/S1,M2_abs_log_norm_ratio,91,0.8241758241758241,0.5483333333333333,0.25206020066889634,0.8989383561643834,,,,
0.02,bert/S1,M2_neg_mean_theta_min,91,0.8241758241758241,0.3075,0.06416969854469855,0.5547405060562953,,,,
0.02,bert/S1,REF_hold_1-holdnorm,91,0.8241758241758241,0.9541666666666667,0.8378912071535023,1.0,0.9120879120879121,0.7974111636419094,1.0,
0.02,bert/S1,M0_always_merge,91,0.8241758241758241,,,,0.17582417582417584,0.0379746835443038,0.3647345767575321,
0.02,bert/P,M1_within,91,0.7472527472527473,0.28452685421994883,0.08343711083437111,0.5726532258064517,0.7362637362637363,0.5060240963855421,0.9091761363636359,0.49264705882352944
0.02,bert/P,M1_lobo,91,0.7472527472527473,0.5070332480818415,0.22623397435897435,0.7847567287784679,0.43956043956043955,0.23808035714285714,0.6628875968992243,0.4955242966751918
0.02,bert/P,M2_tv_cosine,91,0.7472527472527473,0.5319693094629157,0.26423914109226393,0.8296578421578422,,,,
0.02,bert/P,M2_O_A,91,0.7472527472527473,0.46675191815856776,0.19359402852049912,0.7506540361166847,,,,
0.02,bert/P,M2_sign_conflict_top20,91,0.7472527472527473,0.43414322250639387,0.15821756330264555,0.710982142857143,,,,
0.02,bert/P,M2_layer_maxcos,91,0.7472527472527473,0.5319693094629157,0.2755388888888889,0.7934294544139158,,,,
0.02,bert/P,M2_abs_log_norm_ratio,91,0.7472527472527473,0.5875959079283888,0.32370795760779436,0.814907184565612,,,,
0.02,bert/P,M2_neg_mean_theta_min,91,0.7472527472527473,0.479539641943734,0.20982150443229772,0.7531711698764013,,,,
0.02,bert/P,REF_hold_1-holdnorm,91,0.7472527472527473,0.9085677749360613,0.7725866387241873,0.9930696321321322,0.8791208791208791,0.75,0.9761904761904762,
0.02,bert/P,M0_always_merge,91,0.7472527472527473,,,,0.25274725274725274,0.07058823529411765,0.4939759036144578,
0.02,bert/all,M1_within,273,0.8021978021978022,0.32986639607644175,0.1384288712614893,0.6178513450834879,0.7765567765567766,0.626984126984127,0.9007936507936508,0.49099441907661084
0.02,bert/all,M1_lobo,273,0.8021978021978022,0.42533400980889563,0.21110213300379116,0.7276664232168446,0.40293040293040294,0.21951219512195122,0.5967291478470339,0.44647387113140535
0.02,bert/all,M2_tv_cosine,273,0.8021978021978022,0.4572129206832403,0.23893123335115354,0.6936351364153088,,,,
0.02,bert/all,M2_O_A,273,0.8021978021978022,0.40816844241501776,0.20244310279039426,0.6427459540431804,,,,
0.02,bert/all,M2_sign_conflict_top20,273,0.8021978021978022,0.541095890410959,0.31317340712233455,0.760221460468157,,,,
0.02,bert/all,M2_layer_maxcos,273,0.8021978021978022,0.473955690850668,0.27702051608669637,0.6659597185026137,,,,
0.02,bert/all,M2_abs_log_norm_ratio,273,0.8021978021978022,0.5372061559276171,0.28963311370432115,0.7772919835156747,,,,
0.02,bert/all,M2_neg_mean_theta_min,273,0.8021978021978022,0.40926771520378824,0.20598346281307284,0.6365227987219352,,,,
0.02,bert/all,REF_hold_1-holdnorm,273,0.8021978021978022,0.9290546254016574,0.823812457148317,0.9845426569055261,0.8864468864468864,0.7984472198296487,0.9608031674208144,
0.02,bert/all,M0_always_merge,273,0.8021978021978022,,,,0.1978021978021978,0.06664609053497943,0.35715737514518,
0.02,roberta/R0,M1_within,78,0.5256410256410257,0.44100197758734344,0.2393559204440333,0.7097001897533206,0.4230769230769231,0.24323359073359074,0.5972916666666662,0.43012524719841794
0.02,roberta/R0,M1_lobo,78,0.5256410256410257,0.36255767963085034,0.17613266941391942,0.6179678848283499,0.5128205128205128,0.2272247119078105,0.7778186274509802,0.4878048780487805
0.02,roberta/R0,M2_tv_cosine,78,0.5256410256410257,0.5596572181938035,0.32124737394957986,0.8000178571428571,,,,
0.02,roberta/R0,M2_O_A,78,0.5256410256410257,0.5721819380355966,0.32193815331010456,0.8392870549120549,,,,
0.02,roberta/R0,M2_sign_conflict_top20,78,0.5256410256410257,0.4126565589980224,0.17102119216480918,0.6532537245021188,,,,
0.02,roberta/R0,M2_layer_maxcos,78,0.5256410256410257,0.5570204350692155,0.337050547491724,0.7906632892391405,,,,
0.02,roberta/R0,M2_abs_log_norm_ratio,78,0.5256410256410257,0.6011865524060646,0.41440248226950355,0.805203823953824,,,,
0.02,roberta/R0,M2_neg_mean_theta_min,78,0.5256410256410257,0.5530652603823335,0.3128025695134062,0.8173029796714006,,,,
0.02,roberta/R0,REF_hold_1-holdnorm,78,0.5256410256410257,0.8899143045484509,0.7338009891941114,0.9853066740209597,0.8205128205128205,0.6901408450704225,0.9305793378995433,
0.02,roberta/R0,M0_always_merge,78,0.5256410256410257,,,,0.47435897435897434,0.19718309859154928,0.7576504481434054,
0.02,roberta/S1,M1_within,78,0.48717948717948717,0.6190789473684211,0.36369356354240073,0.8723715375351263,0.6025641025641025,0.4,0.7916666666666666,0.6013157894736842
0.02,roberta/S1,M1_lobo,78,0.48717948717948717,0.47171052631578947,0.25783470729416674,0.7154884516605684,0.5,0.20534246575342466,0.7537111801242231,0.5125
0.02,roberta/S1,M2_tv_cosine,78,0.48717948717948717,0.5085526315789474,0.23715626943810905,0.7834047789156148,,,,
0.02,roberta/S1,M2_O_A,78,0.48717948717948717,0.5342105263157895,0.2528818816576254,0.8104152299313588,,,,
0.02,roberta/S1,M2_sign_conflict_top20,78,0.48717948717948717,0.48157894736842105,0.20258148714031068,0.7527378984906318,,,,
0.02,roberta/S1,M2_layer_maxcos,78,0.48717948717948717,0.5585526315789474,0.2661510547201337,0.8267878396161593,,,,
0.02,roberta/S1,M2_abs_log_norm_ratio,78,0.48717948717948717,0.7164473684210526,0.5124768518518518,0.9000027746947836,,,,
0.02,roberta/S1,M2_neg_mean_theta_min,78,0.48717948717948717,0.5289473684210526,0.2550587216018483,0.809411231884058,,,,
0.02,roberta/S1,REF_hold_1-holdnorm,78,0.48717948717948717,0.9138157894736842,0.7852490601503759,1.0,0.8076923076923077,0.6290207373271889,0.9444444444444444,
0.02,roberta/S1,M0_always_merge,78,0.48717948717948717,,,,0.5128205128205128,0.25705756929637524,0.8030934343434339,
0.02,roberta/P,M1_within,78,0.5128205128205128,0.5776315789473684,0.3426534645478745,0.8172567733990147,0.6025641025641025,0.4224790773627271,0.7887323943661971,0.6019736842105263
0.02,roberta/P,M1_lobo,78,0.5128205128205128,0.43026315789473685,0.22643150948086876,0.6579721362229098,0.5128205128205128,0.24324324324324326,0.7714285714285715,0.5
0.02,roberta/P,M2_tv_cosine,78,0.5128205128205128,0.5013157894736842,0.2142662620603797,0.7585906324209398,,,,
0.02,roberta/P,M2_O_A,78,0.5128205128205128,0.5730263157894737,0.2803515625,0.8582435344827586,,,,
0.02,roberta/P,M2_sign_conflict_top20,78,0.5128205128205128,0.48157894736842105,0.2263502122877123,0.7617529461279461,,,,
0.02,roberta/P,M2_layer_maxcos,78,0.5128205128205128,0.5394736842105263,0.21606125783646793,0.7949765512265511,,,,
0.02,roberta/P,M2_abs_log_norm_ratio,78,0.5128205128205128,0.6440789473684211,0.42424242424242425,0.8421127222818952,,,,
0.02,roberta/P,M2_neg_mean_theta_min,78,0.5128205128205128,0.5717105263157894,0.2685612951062778,0.8475228174603173,,,,
0.02,roberta/P,REF_hold_1-holdnorm,78,0.5128205128205128,0.9328947368421052,0.7908458732330141,1.0,0.8846153846153846,0.753840579710145,0.9732454228421956,
0.02,roberta/P,M0_always_merge,78,0.5128205128205128,,,,0.48717948717948717,0.22857142857142856,0.7567567567567568,
0.02,roberta/all,M1_within,234,0.5085470085470085,0.542053343076361,0.3598587017063124,0.7346132270946351,0.5427350427350427,0.4084246218049035,0.6818898443898439,0.5436974789915966
0.02,roberta/all,M1_lobo,234,0.5085470085470085,0.4220679576178297,0.25835397192827747,0.629371336996337,0.5085470085470085,0.24761904761904763,0.7500293427230046,0.5001461454146876
0.02,roberta/all,M2_tv_cosine,234,0.5085470085470085,0.5209353306540008,0.3239849633710764,0.7072694833046316,,,,
0.02,roberta/all,M2_O_A,234,0.5085470085470085,0.556448666423091,0.33288162431564877,0.8021341182759034,,,,
0.02,roberta/all,M2_sign_conflict_top20,234,0.5085470085470085,0.47073438070880524,0.2940792663219134,0.6622299479023098,,,,
0.02,roberta/all,M2_layer_maxcos,234,0.5085470085470085,0.5517720131530873,0.322253019006959,0.7431535997181878,,,,
0.02,roberta/all,M2_abs_log_norm_ratio,234,0.5085470085470085,0.6538545853123858,0.5011179033639972,0.8139931123097678,,,,
0.02,roberta/all,M2_neg_mean_theta_min,234,0.5085470085470085,0.5477530142491779,0.32996358713802537,0.7867443234411658,,,,
0.02,roberta/all,REF_hold_1-holdnorm,234,0.5085470085470085,0.9112897332846182,0.8065304613363397,0.9712805088633224,0.8376068376068376,0.7488567930646548,0.9166666666666666,
0.02,roberta/all,M0_always_merge,234,0.5085470085470085,,,,0.49145299145299143,0.2499706572769953,0.7523809523809524,
0.02,qwen/R0,M1_within,91,0.6373626373626373,0.5726227795193313,0.3064310415461732,0.851531984691088,0.6483516483516484,0.4166666666666667,0.8433734939759037,0.6065830721003135
0.02,qwen/R0,M1_lobo,91,0.6373626373626373,0.3652037617554859,0.18296068086529713,0.5732344713213615,0.4835164835164835,0.3048142370958593,0.6385542168674698,0.3923719958202717
0.02,qwen/R0,M2_tv_cosine,91,0.6373626373626373,0.7241379310344828,0.4865012721653347,0.9080240704772475,,,,
0.02,qwen/R0,M2_O_A,91,0.6373626373626373,0.7309299895506792,0.5117541862198369,0.8979408691376237,,,,
0.02,qwen/R0,M2_sign_conflict_top20,91,0.6373626373626373,0.25182863113897597,0.08723011956975772,0.4760693193193194,,,,
0.02,qwen/R0,M2_layer_maxcos,91,0.6373626373626373,0.5741901776384535,0.332138884965751,0.779873511904762,,,,
0.02,qwen/R0,M2_abs_log_norm_ratio,91,0.6373626373626373,0.7084639498432602,0.40932461361737676,0.9365671641791045,,,,
0.02,qwen/R0,M2_neg_mean_theta_min,91,0.6373626373626373,0.7324973876698014,0.5256684504249812,0.9050157721280603,,,,
0.02,qwen/R0,REF_hold_1-holdnorm,91,0.6373626373626373,0.9341692789968652,0.8187402967051923,0.9959626262626262,0.8571428571428571,0.7325134168157423,0.9634256538348515,
0.02,qwen/R0,M0_always_merge,91,0.6373626373626373,,,,0.3626373626373626,0.12048192771084337,0.6626541047912581,
0.02,qwen/S1,M1_within,91,0.6483516483516484,0.5768008474576272,0.36047421328671325,0.7803495866610619,0.6153846153846154,0.4022413793103448,0.8117647058823529,0.517478813559322
0.02,qwen/S1,M1_lobo,91,0.6483516483516484,0.4417372881355932,0.21852785951146605,0.7020244966673538,0.5274725274725275,0.3213340336134454,0.7412446197991388,0.4282309322033898
0.02,qwen/S1,M2_tv_cosine,91,0.6483516483516484,0.6128177966101694,0.3301737939612056,0.8282040539909391,,,,
0.02,qwen/S1,M2_O_A,91,0.6483516483516484,0.6694915254237288,0.4323717948717949,0.8509236711180934,,,,
0.02,qwen/S1,M2_sign_conflict_top20,91,0.6483516483516484,0.3739406779661017,0.1602318166991929,0.6641034495772945,,,,
0.02,qwen/S1,M2_layer_maxcos,91,0.6483516483516484,0.5736228813559322,0.30431019855015484,0.7965654672663668,,,,
0.02,qwen/S1,M2_abs_log_norm_ratio,91,0.6483516483516484,0.6234110169491526,0.3715148612859296,0.8130203676105312,,,,
0.02,qwen/S1,M2_neg_mean_theta_min,91,0.6483516483516484,0.6679025423728814,0.42527243589743585,0.8564516129032258,,,,
0.02,qwen/S1,REF_hold_1-holdnorm,91,0.6483516483516484,0.916843220338983,0.8172598392093483,0.9872686237373737,0.8351648351648352,0.7058278867102397,0.9390427563914192,
0.02,qwen/S1,M0_always_merge,91,0.6483516483516484,,,,0.3516483516483517,0.12787385928760672,0.6190476190476191,
0.02,qwen/P,M1_within,91,0.6153846153846154,0.585204081632653,0.32059217845379206,0.8269961018760718,0.6263736263736264,0.4117647058823529,0.8000581395348835,0.5839285714285715
0.02,qwen/P,M1_lobo,91,0.6153846153846154,0.5872448979591837,0.36444867393143254,0.8103122942437273,0.6153846153846154,0.3836958082113121,0.8293197178959738,0.5321428571428571
0.02,qwen/P,M2_tv_cosine,91,0.6153846153846154,0.6795918367346939,0.4413773728737135,0.8936117041925465,,,,
0.02,qwen/P,M2_O_A,91,0.6153846153846154,0.7056122448979592,0.448146125448757,0.9176267281105988,,,,
0.02,qwen/P,M2_sign_conflict_top20,91,0.6153846153846154,0.3153061224489796,0.09464680573663624,0.5734388896285443,,,,
0.02,qwen/P,M2_layer_maxcos,91,0.6153846153846154,0.6688775510204081,0.4351849071471165,0.8846769296740995,,,,
0.02,qwen/P,M2_abs_log_norm_ratio,91,0.6153846153846154,0.6520408163265307,0.4505445795339412,0.8333503401360544,,,,
0.02,qwen/P,M2_neg_mean_theta_min,91,0.6153846153846154,0.675,0.3903810975609756,0.9124507467249403,,,,
0.02,qwen/P,REF_hold_1-holdnorm,91,0.6153846153846154,0.8933673469387755,0.7511662679425838,0.9875439488369565,0.7912087912087912,0.6455696202531646,0.9186046511627907,
0.02,qwen/P,M0_always_merge,91,0.6153846153846154,,,,0.38461538461538464,0.15066780821917808,0.6375,
0.02,qwen/all,M1_within,273,0.6336996336996337,0.5754913294797688,0.39962421557415434,0.7586224207930886,0.63003663003663,0.46741379310344827,0.7803921568627451,0.5709537572254335
0.02,qwen/all,M1_lobo,273,0.6336996336996337,0.4531791907514451,0.3157648503145035,0.6292516564676283,0.5421245421245421,0.379828003875969,0.6958333333333333,0.4509537572254335
0.02,qwen/all,M2_tv_cosine,273,0.6336996336996337,0.6176300578034682,0.47200798668611366,0.7441139755222311,,,,
0.02,qwen/all,M2_O_A,273,0.6336996336996337,0.6666473988439306,0.5104829306672272,0.7926518492988163,,,,
0.02,qwen/all,M2_sign_conflict_top20,273,0.6336996336996337,0.3720809248554913,0.2418463878620478,0.5255255532207772,,,,
0.02,qwen/all,M2_layer_maxcos,273,0.6336996336996337,0.5679768786127167,0.43328419287491116,0.6751437853826654,,,,
0.02,qwen/all,M2_abs_log_norm_ratio,273,0.6336996336996337,0.6583236994219653,0.46607990959419654,0.8157676999436525,,,,
0.02,qwen/all,M2_neg_mean_theta_min,273,0.6336996336996337,0.6741040462427745,0.5074920647298231,0.8056576565807274,,,,
0.02,qwen/all,REF_hold_1-holdnorm,273,0.6336996336996337,0.911849710982659,0.8397106613025539,0.9666555160914706,0.8278388278388278,0.7411764705882353,0.9108783302147374,
0.02,qwen/all,M0_always_merge,273,0.6336996336996337,,,,0.3663003663003663,0.15872531939605108,0.6150793650793651,
0.02,all/all,M1_within,780,0.6551282051282051,0.6017066907223245,0.4896878261556598,0.698134195035645,0.6551282051282051,0.5418249446027223,0.7410703244344219,0.5924275602179558
0.02,all/all,M1_lobo,780,0.6551282051282051,0.35932168864897895,0.28088441057813884,0.45498015891204013,0.48333333333333334,0.3415872630043753,0.5945840584295732,0.4040950392480667
0.02,all/all,M2_tv_cosine,780,0.6551282051282051,0.4589222968303276,0.34493903230366113,0.5551980383756212,,,,
0.02,all/all,M2_O_A,780,0.6551282051282051,0.4711368480783361,0.3341019826047815,0.5859955248751286,,,,
0.02,all/all,M2_sign_conflict_top20,780,0.6551282051282051,0.5253202773190552,0.4270084308446659,0.6464191940572446,,,,
0.02,all/all,M2_layer_maxcos,780,0.6551282051282051,0.4567325529794339,0.34482464308401906,0.5633668142576945,,,,
0.02,all/all,M2_abs_log_norm_ratio,780,0.6551282051282051,0.615092500309183,0.5074783137536785,0.6958745268712951,,,,
0.02,all/all,M2_neg_mean_theta_min,780,0.6551282051282051,0.4665609381706545,0.32728791949197183,0.5834701195763776,,,,
0.02,all/all,REF_hold_1-holdnorm,780,0.6551282051282051,0.9214238427458369,0.8668435241826177,0.9601522977330591,0.8512820512820513,0.7947658402203857,0.9032679738562092,
0.02,all/all,M0_always_merge,780,0.6551282051282051,,,,0.34487179487179487,0.18205252382077328,0.540198118442292,
0.05,bert/R0,M1_within,91,0.3956043956043956,0.41515151515151516,0.25310562803421904,0.6451251646903821,0.5384615384615384,0.3927918118466899,0.7037037037037037,0.46944444444444444
0.05,bert/R0,M1_lobo,91,0.3956043956043956,0.4868686868686869,0.32774872245548936,0.6845510057471264,0.6043956043956044,0.4,0.8125,0.5
0.05,bert/R0,M2_tv_cosine,91,0.3956043956043956,0.5297979797979798,0.32777298850574715,0.7176546003016591,,,,
0.05,bert/R0,M2_O_A,91,0.3956043956043956,0.4202020202020202,0.20538582077152695,0.6721165458937197,,,,
0.05,bert/R0,M2_sign_conflict_top20,91,0.3956043956043956,0.4681818181818182,0.27756103449444297,0.6758821839080459,,,,
0.05,bert/R0,M2_layer_maxcos,91,0.3956043956043956,0.4858585858585859,0.2897704725829726,0.6875164234970587,,,,
0.05,bert/R0,M2_abs_log_norm_ratio,91,0.3956043956043956,0.6247474747474747,0.41007594009826154,0.7880405488808425,,,,
0.05,bert/R0,M2_neg_mean_theta_min,91,0.3956043956043956,0.4505050505050505,0.23664984542644116,0.7024016034985421,,,,
0.05,bert/R0,REF_hold_1-holdnorm,91,0.3956043956043956,0.9717171717171718,0.9016199123798756,1.0,0.8791208791208791,0.7316499282639886,0.9764705882352941,
0.05,bert/R0,M0_always_merge,91,0.3956043956043956,,,,0.6043956043956044,0.4,0.8125,
0.05,bert/S1,M1_within,91,0.37362637362637363,0.3864809081527348,0.22525971120356036,0.6309810405643738,0.5714285714285714,0.36585365853658536,0.7647058823529411,0.4739422084623323
0.05,bert/S1,M1_lobo,91,0.37362637362637363,0.5397316821465429,0.3885826931782814,0.7222405849358973,0.6263736263736264,0.379746835443038,0.8471032831737344,0.5
0.05,bert/S1,M2_tv_cosine,91,0.37362637362637363,0.6001031991744066,0.34328610248447206,0.820046235578871,,,,
0.05,bert/S1,M2_O_A,91,0.37362637362637363,0.5350877192982456,0.2863705549862643,0.8051989676989677,,,,
0.05,bert/S1,M2_sign_conflict_top20,91,0.37362637362637363,0.40350877192982454,0.17408963585434173,0.6600632387706853,,,,
0.05,bert/S1,M2_layer_maxcos,91,0.37362637362637363,0.6269349845201239,0.42662288647342994,0.7908596813725489,,,,
0.05,bert/S1,M2_abs_log_norm_ratio,91,0.37362637362637363,0.6207430340557275,0.45655813453685795,0.7834029743757258,,,,
0.05,bert/S1,M2_neg_mean_theta_min,91,0.37362637362637363,0.5572755417956656,0.3318197661947662,0.795608225108225,,,,
0.05,bert/S1,REF_hold_1-holdnorm,91,0.37362637362637363,0.9380804953560371,0.8021955178967375,1.0,0.8571428571428571,0.6867469879518072,0.9761904761904762,
0.05,bert/S1,M0_always_merge,91,0.37362637362637363,,,,0.6263736263736264,0.379746835443038,0.8471032831737344,
0.05,bert/P,M1_within,91,0.3626373626373626,0.4043887147335423,0.22857905059791248,0.5970819418887294,0.5494505494505495,0.35443037974683544,0.7349397590361446,0.45715778474399166
0.05,bert/P,M1_lobo,91,0.3626373626373626,0.5559038662486938,0.3782586933614331,0.7396375768049155,0.6373626373626373,0.3487701252236136,0.891566265060241,0.5
0.05,bert/P,M2_tv_cosine,91,0.3626373626373626,0.5909090909090909,0.3374394466865181,0.7992287443939831,,,,
0.05,bert/P,M2_O_A,91,0.3626373626373626,0.5658307210031348,0.2590167410714286,0.8401913304930546,,,,
0.05,bert/P,M2_sign_conflict_top20,91,0.3626373626373626,0.4059561128526646,0.20768568840579713,0.6757192676547513,,,,
0.05,bert/P,M2_layer_maxcos,91,0.3626373626373626,0.6071055381400209,0.40502117966751916,0.7970140977443607,,,,
0.05,bert/P,M2_abs_log_norm_ratio,91,0.3626373626373626,0.6410658307210031,0.46472308488612835,0.8190041998231652,,,,
0.05,bert/P,M2_neg_mean_theta_min,91,0.3626373626373626,0.5689655172413793,0.26305009710451976,0.8303636128364389,,,,
0.05,bert/P,REF_hold_1-holdnorm,91,0.3626373626373626,0.9545454545454546,0.8749887992831541,1.0,0.8571428571428571,0.7195121951219512,0.9647058823529412,
0.05,bert/P,M0_always_merge,91,0.3626373626373626,,,,0.6373626373626373,0.3487701252236136,0.891566265060241,
0.05,bert/all,M1_within,273,0.3772893772893773,0.40394060536836096,0.2675844979468003,0.6083981248364618,0.5531135531135531,0.40474089635854343,0.7032952527801137,0.4670759565962307
0.05,bert/all,M1_lobo,273,0.3772893772893773,0.5263849229011993,0.3976584686670997,0.6807523925394182,0.6227106227106227,0.3975712373302735,0.8243412162162161,0.5
0.05,bert/all,M2_tv_cosine,273,0.3772893772893773,0.5728726442033124,0.4177082556512584,0.7247595558161338,,,,
0.05,bert/all,M2_O_A,273,0.3772893772893773,0.5062250142775557,0.29931195303319597,0.7308920953848635,,,,
0.05,bert/all,M2_sign_conflict_top20,273,0.3772893772893773,0.43106796116504853,0.27781713056499796,0.5781969696969695,,,,
0.05,bert/all,M2_layer_maxcos,273,0.3772893772893773,0.5721302113078242,0.44949421741551804,0.6803189813238956,,,,
0.05,bert/all,M2_abs_log_norm_ratio,273,0.3772893772893773,0.6292404340376927,0.48276422110104916,0.7513665577342048,,,,
0.05,bert/all,M2_neg_mean_theta_min,273,0.3772893772893773,0.5250713877784123,0.31670702705393083,0.733634860832802,,,,
0.05,bert/all,REF_hold_1-holdnorm,273,0.3772893772893773,0.9507709880068532,0.8876637427365509,0.9902184773221359,0.8644688644688645,0.7713119921546652,0.9397590361445783,
0.05,bert/all,M0_always_merge,273,0.3772893772893773,,,,0.6227106227106227,0.3975712373302735,0.8243412162162161,
0.05,roberta/R0,M1_within,78,0.07692307692307693,0.3680555555555556,0.14787581699346405,0.8529411764705882,0.9230769230769231,0.7808219178082192,1.0,0.5
0.05,roberta/R0,M1_lobo,78,0.07692307692307693,0.5370370370370371,0.16917659804983748,0.9253731343283582,0.8076923076923077,0.6026712328767123,0.9710144927536232,0.5902777777777778
0.05,roberta/R0,M2_tv_cosine,78,0.07692307692307693,0.6018518518518519,0.047595520421607376,0.972972972972973,,,,
0.05,roberta/R0,M2_O_A,78,0.07692307692307693,0.5879629629629629,0.0273972602739726,0.9853991596638656,,,,
0.05,roberta/R0,M2_sign_conflict_top20,78,0.07692307692307693,0.41435185185185186,0.027777777777777776,0.9393939393939394,,,,
0.05,roberta/R0,M2_layer_maxcos,78,0.07692307692307693,0.5740740740740741,0.08,0.9422360248447205,,,,
0.05,roberta/R0,M2_abs_log_norm_ratio,78,0.07692307692307693,0.6226851851851852,0.29536039768019884,0.9433781795249107,,,,
0.05,roberta/R0,M2_neg_mean_theta_min,78,0.07692307692307693,0.5763888888888888,0.0273972602739726,0.9861111111111112,,,,
0.05,roberta/R0,REF_hold_1-holdnorm,78,0.07692307692307693,0.9953703703703703,0.9720031210100724,1.0,0.9487179487179487,0.8571428571428571,1.0,
0.05,roberta/R0,M0_always_merge,78,0.07692307692307693,,,,0.9230769230769231,0.7808219178082192,1.0,
0.05,roberta/S1,M1_within,78,0.0641025641025641,0.32054794520547947,0.0,0.861722866174921,0.9230769230769231,0.7671232876712328,1.0,0.4931506849315068
0.05,roberta/S1,M1_lobo,78,0.0641025641025641,0.6027397260273972,0.28971473770157175,1.0,0.7435897435897436,0.5138795045045045,0.9452054794520548,0.5835616438356164
0.05,roberta/S1,M2_tv_cosine,78,0.0641025641025641,0.663013698630137,0.1323529411764706,0.9241511739547874,,,,
0.05,roberta/S1,M2_O_A,78,0.0641025641025641,0.6876712328767123,0.08680124223602484,0.9436619718309859,,,,
0.05,roberta/S1,M2_sign_conflict_top20,78,0.0641025641025641,0.32602739726027397,0.07462686567164178,0.8678868286445013,,,,
0.05,roberta/S1,M2_layer_maxcos,78,0.0641025641025641,0.6767123287671233,0.2647058823529412,0.9552238805970149,,,,
0.05,roberta/S1,M2_abs_log_norm_ratio,78,0.0641025641025641,0.673972602739726,0.33843325791855206,1.0,,,,
0.05,roberta/S1,M2_neg_mean_theta_min,78,0.0641025641025641,0.6931506849315069,0.08680124223602484,0.9567640692640693,,,,
0.05,roberta/S1,REF_hold_1-holdnorm,78,0.0641025641025641,0.9808219178082191,0.8982347603480603,1.0,0.9487179487179487,0.8108108108108109,1.0,
0.05,roberta/S1,M0_always_merge,78,0.0641025641025641,,,,0.9358974358974359,0.7916666666666666,1.0,
0.05,roberta/P,M1_within,78,0.07692307692307693,0.3472222222222222,0.03731809701492537,0.7825747282608695,0.9102564102564102,0.7611940298507462,1.0,0.4930555555555556
0.05,roberta/P,M1_lobo,78,0.07692307692307693,0.5046296296296297,0.01429621848739496,0.9569847775175638,0.7692307692307693,0.5857142857142857,0.9558983375959079,0.5694444444444444
0.05,roberta/P,M2_tv_cosine,78,0.07692307692307693,0.7685185185185185,0.4053153820816864,0.971830985915493,,,,
0.05,roberta/P,M2_O_A,78,0.07692307692307693,0.7708333333333334,0.36242753623188406,1.0,,,,
0.05,roberta/P,M2_sign_conflict_top20,78,0.07692307692307693,0.24537037037037038,0.03227128503437335,0.5647789514866978,,,,
0.05,roberta/P,M2_layer_maxcos,78,0.07692307692307693,0.7037037037037037,0.3127562830687831,1.0,,,,
0.05,roberta/P,M2_abs_log_norm_ratio,78,0.07692307692307693,0.5763888888888888,0.08453722334004024,1.0,,,,
0.05,roberta/P,M2_neg_mean_theta_min,78,0.07692307692307693,0.7800925925925926,0.39287698412698413,1.0,,,,
0.05,roberta/P,REF_hold_1-holdnorm,78,0.07692307692307693,0.9837962962962963,0.8788290513833992,1.0,0.9487179487179487,0.8027464788732395,1.0,
0.05,roberta/P,M0_always_merge,78,0.07692307692307693,,,,0.9230769230769231,0.7681159420289855,1.0,
0.05,roberta/all,M1_within,234,0.07264957264957266,0.3388452155055571,0.1002583851568623,0.7980990783410139,0.9188034188034188,0.774771602588504,1.0,0.49539170506912444
0.05,roberta/all,M1_lobo,234,0.07264957264957266,0.5505557061534291,0.27881953105512597,0.9342546159106451,0.7735042735042735,0.5868544600938967,0.9444444444444444,0.579696394686907
0.05,roberta/all,M2_tv_cosine,234,0.07264957264957266,0.6500406614258607,0.2645016339869281,0.8778309409888357,,,,
0.05,roberta/all,M2_O_A,234,0.07264957264957266,0.6841962591488209,0.06074766355140187,0.9604966204605339,,,,
0.05,roberta/all,M2_sign_conflict_top20,234,0.07264957264957266,0.371645432366495,0.16317239994197918,0.7137243395010586,,,,
0.05,roberta/all,M2_layer_maxcos,234,0.07264957264957266,0.6381133098400651,0.14787581699346405,0.8897713046588572,,,,
0.05,roberta/all,M2_abs_log_norm_ratio,234,0.07264957264957266,0.6229330441854161,0.42015061936936937,0.9627775246080934,,,,
0.05,roberta/all,M2_neg_mean_theta_min,234,0.07264957264957266,0.6833830306316074,0.059492753623188406,0.9630340453938585,,,,
0.05,roberta/all,REF_hold_1-holdnorm,234,0.07264957264957266,0.9869883437245867,0.9436852238611148,1.0,0.9487179487179487,0.8428505291005292,1.0,
0.05,roberta/all,M0_always_merge,234,0.07264957264957266,,,,0.9273504273504274,0.784037558685446,1.0,
0.05,qwen/R0,M1_within,91,0.31868131868131866,0.3659621802002225,0.16041498010330318,0.5702268786302397,0.6263736263736264,0.38823529411764707,0.8333823529411762,0.46885428253615125
0.05,qwen/R0,M1_lobo,91,0.31868131868131866,0.3426028921023359,0.16853233139560417,0.5688239973558198,0.42857142857142855,0.26248511904761906,0.6395348837209303,0.3879310344827586
0.05,qwen/R0,M2_tv_cosine,91,0.31868131868131866,0.6868743047830923,0.45319670757489816,0.8659930586654724,,,,
0.05,qwen/R0,M2_O_A,91,0.31868131868131866,0.6852057842046718,0.44501540126540123,0.8730242461901533,,,,
0.05,qwen/R0,M2_sign_conflict_top20,91,0.31868131868131866,0.27975528364849833,0.10699498032831366,0.5189675324675322,,,,
0.05,qwen/R0,M2_layer_maxcos,91,0.31868131868131866,0.6140155728587319,0.35490645704355384,0.8401952838267677,,,,
0.05,qwen/R0,M2_abs_log_norm_ratio,91,0.31868131868131866,0.5567296996662959,0.27053424366399237,0.8060499506770691,,,,
0.05,qwen/R0,M2_neg_mean_theta_min,91,0.31868131868131866,0.67853170189099,0.4358518518518519,0.8755315398886826,,,,
0.05,qwen/R0,REF_hold_1-holdnorm,91,0.31868131868131866,0.9727474972191323,0.9085524896525775,1.0,0.9230769230769231,0.8271604938271605,1.0,
0.05,qwen/R0,M0_always_merge,91,0.31868131868131866,,,,0.6813186813186813,0.44995689655172416,0.8861115506329111,
0.05,qwen/S1,M1_within,91,0.2967032967032967,0.3819444444444444,0.13686979166666666,0.627211476982097,0.5714285714285714,0.37345149830089586,0.7595539481615429,0.4383680555555556
0.05,qwen/S1,M1_lobo,91,0.2967032967032967,0.4861111111111111,0.2516525423728813,0.7434555109922756,0.5164835164835165,0.32090413943355117,0.7209302325581395,0.5277777777777778
0.05,qwen/S1,M2_tv_cosine,91,0.2967032967032967,0.45949074074074076,0.22218036529680366,0.7260563096628669,,,,
0.05,qwen/S1,M2_O_A,91,0.2967032967032967,0.5358796296296297,0.26766972485057594,0.8129999999999994,,,,
0.05,qwen/S1,M2_sign_conflict_top20,91,0.2967032967032967,0.5190972222222222,0.25967171515345266,0.7785738095238095,,,,
0.05,qwen/S1,M2_layer_maxcos,91,0.2967032967032967,0.4386574074074074,0.22371921675327647,0.6776046384773482,,,,
0.05,qwen/S1,M2_abs_log_norm_ratio,91,0.2967032967032967,0.6215277777777778,0.35116048987527865,0.8342440663372267,,,,
0.05,qwen/S1,M2_neg_mean_theta_min,91,0.2967032967032967,0.5109953703703703,0.24574004324475135,0.8007715442452283,,,,
0.05,qwen/S1,REF_hold_1-holdnorm,91,0.2967032967032967,0.9571759259259259,0.8892961152882205,1.0,0.8901098901098901,0.7499246987951808,0.988920454545453,
0.05,qwen/S1,M0_always_merge,91,0.2967032967032967,,,,0.7032967032967034,0.4691358024691358,0.9047619047619048,
0.05,qwen/P,M1_within,91,0.26373626373626374,0.39552238805970147,0.11696969696969697,0.675236185383244,0.6923076923076923,0.4941141034727144,0.8795180722891566,0.4835199004975124
0.05,qwen/P,M1_lobo,91,0.26373626373626374,0.6361940298507462,0.2565443219680508,0.9235190169371721,0.37362637362637363,0.17278681120144534,0.5714285714285714,0.507773631840796
0.05,qwen/P,M2_tv_cosine,91,0.26373626373626374,0.6536069651741293,0.4158447921605816,0.834664585012087,,,,
0.05,qwen/P,M2_O_A,91,0.26373626373626374,0.6044776119402985,0.3537465923906602,0.8091392238713666,,,,
0.05,qwen/P,M2_sign_conflict_top20,91,0.26373626373626374,0.3376865671641791,0.16817659533449006,0.5902322747150331,,,,
0.05,qwen/P,M2_layer_maxcos,91,0.26373626373626374,0.5161691542288557,0.28483516483516486,0.7253810039725532,,,,
0.05,qwen/P,M2_abs_log_norm_ratio,91,0.26373626373626374,0.6069651741293532,0.3658232359230221,0.8773254605573925,,,,
0.05,qwen/P,M2_neg_mean_theta_min,91,0.26373626373626374,0.6082089552238806,0.34405386483752715,0.812331081081081,,,,
0.05,qwen/P,REF_hold_1-holdnorm,91,0.26373626373626374,0.9906716417910447,0.9549994419019979,1.0,0.9340659340659341,0.8235107967237527,1.0,
0.05,qwen/P,M0_always_merge,91,0.26373626373626374,,,,0.7362637362637363,0.5189644654567638,0.9294322845417236,
0.05,qwen/all,M1_within,273,0.29304029304029305,0.3784326424870466,0.24372661446784924,0.5290081446579764,0.63003663003663,0.4603174603174603,0.779148358138436,0.4638924870466321
0.05,qwen/all,M1_lobo,273,0.29304029304029305,0.46360103626943006,0.3022809243378202,0.6345264896254511,0.43956043956043955,0.3076550387596899,0.5731874549758155,0.46457253886010363
0.05,qwen/all,M2_tv_cosine,273,0.29304029304029305,0.5778497409326425,0.4136762492580312,0.7250882400247615,,,,
0.05,qwen/all,M2_O_A,273,0.29304029304029305,0.597279792746114,0.42828936385613076,0.7399180388086531,,,,
0.05,qwen/all,M2_sign_conflict_top20,273,0.29304029304029305,0.408160621761658,0.25916916414216296,0.5753320033772907,,,,
0.05,qwen/all,M2_layer_maxcos,273,0.29304029304029305,0.5321891191709844,0.3921823324718805,0.676379055286943,,,,
0.05,qwen/all,M2_abs_log_norm_ratio,273,0.29304029304029305,0.5883419689119171,0.35972882020791,0.7972724537037036,,,,
0.05,qwen/all,M2_neg_mean_theta_min,273,0.29304029304029305,0.5939766839378239,0.41968822031680414,0.7478419782080852,,,,
0.05,qwen/all,REF_hold_1-holdnorm,273,0.29304029304029305,0.9739637305699482,0.9320916497963864,0.9954742517703155,0.9157509157509157,0.8431058320764203,0.9722222222222222,
0.05,qwen/all,M0_always_merge,273,0.29304029304029305,,,,0.706959706959707,0.5064854898188231,0.8809523809523809,
0.05,all/all,M1_within,780,0.2564102564102564,0.5609051724137931,0.4885585810067484,0.6456025595473234,0.6897435897435897,0.5508905741515574,0.7988764985600428,0.4916379310344827
0.05,all/all,M1_lobo,780,0.2564102564102564,0.4050603448275862,0.29814661865495823,0.5423864711377,0.6038461538461538,0.4820245264484165,0.7100343592721641,0.4846551724137931
0.05,all/all,M2_tv_cosine,780,0.2564102564102564,0.49073275862068966,0.3843876425511476,0.5858892421170463,,,,
0.05,all/all,M2_O_A,780,0.2564102564102564,0.5269827586206897,0.3987755432023791,0.6562957484290435,,,,
0.05,all/all,M2_sign_conflict_top20,780,0.2564102564102564,0.4987758620689655,0.4032048816839839,0.5998097659065483,,,,
0.05,all/all,M2_layer_maxcos,780,0.2564102564102564,0.5044913793103448,0.38354008747534196,0.5991222474440553,,,,
0.05,all/all,M2_abs_log_norm_ratio,780,0.2564102564102564,0.575948275862069,0.46059621139819906,0.6843612432084063,,,,
0.05,all/all,M2_neg_mean_theta_min,780,0.2564102564102564,0.5254568965517241,0.4025763473993165,0.6518764171054515,,,,
0.05,all/all,REF_hold_1-holdnorm,780,0.2564102564102564,0.9674482758620689,0.9381301951302983,0.9870132727135691,0.9076923076923077,0.8636327561327561,0.9483227205610926,
0.05,all/all,M0_always_merge,780,0.2564102564102564,,,,0.7435897435897436,0.5796431694520016,0.887567277869002,
0.1,bert/R0,M1_within,91,0.04395604395604396,0.10057471264367816,0.012658227848101266,0.32926829268292684,0.9560439560439561,0.8518518518518519,1.0,0.5
0.1,bert/R0,M1_lobo,91,0.04395604395604396,0.27873563218390807,0.09142543859649123,0.47565220747144177,0.9560439560439561,0.8518518518518519,1.0,0.5
0.1,bert/R0,M2_tv_cosine,91,0.04395604395604396,0.49712643678160917,0.15281087118391662,0.8846706454465075,,,,
0.1,bert/R0,M2_O_A,91,0.04395604395604396,0.3620689655172414,0.0,0.9060191518467853,,,,
0.1,bert/R0,M2_sign_conflict_top20,91,0.04395604395604396,0.45977011494252873,0.12176755803702616,0.7689797794117648,,,,
0.1,bert/R0,M2_layer_maxcos,91,0.04395604395604396,0.5373563218390804,0.13233290304073436,0.9404761904761905,,,,
0.1,bert/R0,M2_abs_log_norm_ratio,91,0.04395604395604396,0.6235632183908046,0.04569767441860465,0.9767441860465116,,,,
0.1,bert/R0,M2_neg_mean_theta_min,91,0.04395604395604396,0.40804597701149425,0.0,0.8902439024390244,,,,
0.1,bert/R0,REF_hold_1-holdnorm,91,0.04395604395604396,1.0,1.0,1.0,0.967032967032967,0.8823529411764706,1.0,
0.1,bert/R0,M0_always_merge,91,0.04395604395604396,,,,0.9560439560439561,0.8518518518518519,1.0,
0.1,bert/S1,M1_within,91,0.054945054945054944,0.15348837209302327,0.023255813953488372,0.4306860902255639,0.945054945054945,0.8352450980392158,1.0,0.5
0.1,bert/S1,M1_lobo,91,0.054945054945054944,0.27209302325581397,0.0734346953859149,0.6458590614387156,0.945054945054945,0.8352450980392158,1.0,0.5
0.1,bert/S1,M2_tv_cosine,91,0.054945054945054944,0.4906976744186046,0.11631652661064426,0.8680803571428571,,,,
0.1,bert/S1,M2_O_A,91,0.054945054945054944,0.3558139534883721,0.0,0.9510635133125093,,,,
0.1,bert/S1,M2_sign_conflict_top20,91,0.054945054945054944,0.5116279069767442,0.11994406196213425,0.9257695195195195,,,,
0.1,bert/S1,M2_layer_maxcos,91,0.054945054945054944,0.48372093023255813,0.14457831325301204,0.8809523809523809,,,,
0.1,bert/S1,M2_abs_log_norm_ratio,91,0.054945054945054944,0.5162790697674419,0.0,0.8734177215189873,,,,
0.1,bert/S1,M2_neg_mean_theta_min,91,0.054945054945054944,0.41627906976744183,0.0,0.9253472222222222,,,,
0.1,bert/S1,REF_hold_1-holdnorm,91,0.054945054945054944,1.0,1.0,1.0,0.967032967032967,0.8780487804878049,1.0,
0.1,bert/S1,M0_always_merge,91,0.054945054945054944,,,,0.945054945054945,0.8352450980392158,1.0,
0.1,bert/P,M1_within,91,0.04395604395604396,0.11494252873563218,0.0,0.3451226851851853,0.9560439560439561,0.853613369467028,1.0,0.5
0.1,bert/P,M1_lobo,91,0.04395604395604396,0.22413793103448276,0.0734908536585366,0.488044425087108,0.9560439560439561,0.853613369467028,1.0,0.5
0.1,bert/P,M2_tv_cosine,91,0.04395604395604396,0.5862068965517241,0.17325403753819296,1.0,,,,
0.1,bert/P,M2_O_A,91,0.04395604395604396,0.6264367816091954,0.2923286671246994,0.9633355916892502,,,,
0.1,bert/P,M2_sign_conflict_top20,91,0.04395604395604396,0.40229885057471265,0.0,0.7811647955092222,,,,
0.1,bert/P,M2_layer_maxcos,91,0.04395604395604396,0.7183908045977011,0.38501602564102566,1.0,,,,
0.1,bert/P,M2_abs_log_norm_ratio,91,0.04395604395604396,0.4396551724137931,0.10999322493224933,0.7577979957805908,,,,
0.1,bert/P,M2_neg_mean_theta_min,91,0.04395604395604396,0.6522988505747126,0.275168435712135,0.9533926128590972,,,,
0.1,bert/P,REF_hold_1-holdnorm,91,0.04395604395604396,0.9971264367816092,0.9619258589511754,1.0,0.9560439560439561,0.8470588235294118,1.0,
0.1,bert/P,M0_always_merge,91,0.04395604395604396,,,,0.9560439560439561,0.853613369467028,1.0,
0.1,bert/all,M1_within,273,0.047619047619047616,0.12396449704142012,0.0,0.3189158636414345,0.9523809523809523,0.8610949612403102,1.0,0.5
0.1,bert/all,M1_lobo,273,0.047619047619047616,0.2650887573964497,0.15239559496567506,0.5571680756648203,0.9523809523809523,0.8610949612403102,1.0,0.5
0.1,bert/all,M2_tv_cosine,273,0.047619047619047616,0.5189349112426036,0.25444612457928883,0.8365981288280357,,,,
0.1,bert/all,M2_O_A,273,0.047619047619047616,0.4390532544378698,0.012019392310276966,0.9272118603538977,,,,
0.1,bert/all,M2_sign_conflict_top20,273,0.047619047619047616,0.464792899408284,0.14919241452625082,0.7364069622876087,,,,
0.1,bert/all,M2_layer_maxcos,273,0.047619047619047616,0.5813609467455622,0.28937822143929015,0.8202060190070779,,,,
0.1,bert/all,M2_abs_log_norm_ratio,273,0.047619047619047616,0.5289940828402366,0.06630792227204783,0.909721742949462,,,,
0.1,bert/all,M2_neg_mean_theta_min,273,0.047619047619047616,0.4849112426035503,0.0,0.91005291005291,,,,
0.1,bert/all,REF_hold_1-holdnorm,273,0.047619047619047616,0.9973372781065089,0.9852476572958501,1.0,0.9633699633699634,0.8823179271708683,1.0,
0.1,bert/all,M0_always_merge,273,0.047619047619047616,,,,0.9523809523809523,0.8610949612403102,1.0,
0.1,roberta/R0,M1_within,78,0.01282051282051282,0.07792207792207792,0.0684931506849315,0.21406926406926402,0.9871794871794872,0.9177796803652968,1.0,0.5
0.1,roberta/R0,M1_lobo,78,0.01282051282051282,0.6233766233766234,0.40606246172688304,0.8235294117647058,0.9871794871794872,0.9177796803652968,1.0,0.5
0.1,roberta/R0,M2_tv_cosine,78,0.01282051282051282,0.922077922077922,0.8,1.0,,,,
0.1,roberta/R0,M2_O_A,78,0.01282051282051282,0.935064935064935,0.7857142857142857,1.0,,,,
0.1,roberta/R0,M2_sign_conflict_top20,78,0.01282051282051282,0.1038961038961039,0.014306418219461698,0.23880597014925373,,,,
0.1,roberta/R0,M2_layer_maxcos,78,0.01282051282051282,0.8961038961038961,0.746268656716418,0.9861111111111112,,,,
0.1,roberta/R0,M2_abs_log_norm_ratio,78,0.01282051282051282,0.5064935064935064,0.29411764705882354,0.7183098591549296,,,,
0.1,roberta/R0,M2_neg_mean_theta_min,78,0.01282051282051282,0.935064935064935,0.7857142857142857,1.0,,,,
0.1,roberta/R0,REF_hold_1-holdnorm,78,0.01282051282051282,0.987012987012987,0.9142857142857143,1.0,0.9871794871794872,0.9177796803652968,1.0,
0.1,roberta/R0,M0_always_merge,78,0.01282051282051282,,,,0.9871794871794872,0.9177796803652968,1.0,
0.1,roberta/S1,M1_within,78,0.0,,,,1.0,1.0,1.0,
0.1,roberta/S1,M1_lobo,78,0.0,,,,1.0,1.0,1.0,
0.1,roberta/S1,M2_tv_cosine,78,0.0,,,,,,,
0.1,roberta/S1,M2_O_A,78,0.0,,,,,,,
0.1,roberta/S1,M2_sign_conflict_top20,78,0.0,,,,,,,
0.1,roberta/S1,M2_layer_maxcos,78,0.0,,,,,,,
0.1,roberta/S1,M2_abs_log_norm_ratio,78,0.0,,,,,,,
0.1,roberta/S1,M2_neg_mean_theta_min,78,0.0,,,,,,,
0.1,roberta/S1,REF_hold_1-holdnorm,78,0.0,,,,1.0,1.0,1.0,
0.1,roberta/S1,M0_always_merge,78,0.0,,,,1.0,1.0,1.0,
0.1,roberta/P,M1_within,78,0.01282051282051282,0.07792207792207792,0.0679054054054054,0.22474723158401527,0.9871794871794872,0.9371968283582089,1.0,0.5
0.1,roberta/P,M1_lobo,78,0.01282051282051282,0.11688311688311688,0.0,0.37737676056337993,0.9871794871794872,0.9371968283582089,1.0,0.5
0.1,roberta/P,M2_tv_cosine,78,0.01282051282051282,0.7272727272727273,0.4859325396825397,0.8636363636363636,,,,
0.1,roberta/P,M2_O_A,78,0.01282051282051282,0.7272727272727273,0.455974025974026,0.8776463262764631,,,,
0.1,roberta/P,M2_sign_conflict_top20,78,0.01282051282051282,0.3116883116883117,0.1419517102615694,0.5851098901098901,,,,
0.1,roberta/P,M2_layer_maxcos,78,0.01282051282051282,0.5194805194805194,0.24815573770491803,0.75,,,,
0.1,roberta/P,M2_abs_log_norm_ratio,78,0.01282051282051282,0.4805194805194805,0.27941176470588236,0.7278571428571428,,,,
0.1,roberta/P,M2_neg_mean_theta_min,78,0.01282051282051282,0.7532467532467533,0.4710504201680672,0.8985507246376812,,,,
0.1,roberta/P,REF_hold_1-holdnorm,78,0.01282051282051282,1.0,1.0,1.0,1.0,1.0,1.0,
0.1,roberta/P,M0_always_merge,78,0.01282051282051282,,,,0.9871794871794872,0.9371968283582089,1.0,
0.1,roberta/all,M1_within,234,0.008547008547008548,0.07974137931034483,0.0763888888888889,0.21641791044776118,0.9914529914529915,0.9624279007377599,1.0,0.5
0.1,roberta/all,M1_lobo,234,0.008547008547008548,0.36637931034482757,0.00909090909090909,0.7096774193548387,0.9914529914529915,0.9624279007377599,1.0,0.5
0.1,roberta/all,M2_tv_cosine,234,0.008547008547008548,0.6508620689655172,0.22871161548731642,0.9731722453555413,,,,
0.1,roberta/all,M2_O_A,234,0.008547008547008548,0.8103448275862069,0.5570041536863967,0.9531167342620348,,,,
0.1,roberta/all,M2_sign_conflict_top20,234,0.008547008547008548,0.3706896551724138,0.03886138613861386,0.7972350230414746,,,,
0.1,roberta/all,M2_layer_maxcos,234,0.008547008547008548,0.6056034482758621,0.16282674699938327,0.9049773755656109,,,,
0.1,roberta/all,M2_abs_log_norm_ratio,234,0.008547008547008548,0.4849137931034483,0.28270739742437856,0.7087254901960783,,,,
0.1,roberta/all,M2_neg_mean_theta_min,234,0.008547008547008548,0.8211206896551724,0.5612601748567982,0.975813212608987,,,,
0.1,roberta/all,REF_hold_1-holdnorm,234,0.008547008547008548,0.9956896551724138,0.9624413145539906,1.0,0.9957264957264957,0.9726027397260274,1.0,
0.1,roberta/all,M0_always_merge,234,0.008547008547008548,,,,0.9914529914529915,0.9624279007377599,1.0,
0.1,qwen/R0,M1_within,91,0.07692307692307693,0.30272108843537415,0.0,0.8232101759000492,0.9120879120879121,0.7831325301204819,1.0,0.49404761904761907
0.1,qwen/R0,M1_lobo,91,0.07692307692307693,0.5272108843537415,0.21726229128014843,0.9047619047619048,0.8901098901098901,0.75,1.0,0.5476190476190476
0.1,qwen/R0,M2_tv_cosine,91,0.07692307692307693,0.7040816326530612,0.4282061688311688,0.9156730769230768,,,,
0.1,qwen/R0,M2_O_A,91,0.07692307692307693,0.5884353741496599,0.25851521164021163,0.884482905982906,,,,
0.1,qwen/R0,M2_sign_conflict_top20,91,0.07692307692307693,0.2534013605442177,0.060738387339311584,0.5261717948717947,,,,
0.1,qwen/R0,M2_layer_maxcos,91,0.07692307692307693,0.5068027210884354,0.17134398496240602,0.7779151404151403,,,,
0.1,qwen/R0,M2_abs_log_norm_ratio,91,0.07692307692307693,0.6258503401360545,0.3128704283857793,0.9512195121951219,,,,
0.1,qwen/R0,M2_neg_mean_theta_min,91,0.07692307692307693,0.5901360544217688,0.28562792728427405,0.8785005406240345,,,,
0.1,qwen/R0,REF_hold_1-holdnorm,91,0.07692307692307693,0.9710884353741497,0.9069598825831702,1.0,0.967032967032967,0.8888888888888888,1.0,
0.1,qwen/R0,M0_always_merge,91,0.07692307692307693,,,,0.9230769230769231,0.788235294117647,1.0,
0.1,qwen/S1,M1_within,91,0.0989010989010989,0.5230352303523035,0.05099778270509979,0.9699851906701221,0.9120879120879121,0.7647058823529411,1.0,0.5555555555555556
0.1,qwen/S1,M1_lobo,91,0.0989010989010989,0.494579945799458,0.15132911392405063,0.8787921305475064,0.8901098901098901,0.7468354430379747,0.9883754343758353,0.5433604336043361
0.1,qwen/S1,M2_tv_cosine,91,0.0989010989010989,0.5447154471544715,0.16783333333333333,0.8451593999062352,,,,
0.1,qwen/S1,M2_O_A,91,0.0989010989010989,0.6084010840108401,0.26079019829242683,0.8915963855421687,,,,
0.1,qwen/S1,M2_sign_conflict_top20,91,0.0989010989010989,0.42140921409214094,0.12495479204339965,0.7948284477015323,,,,
0.1,qwen/S1,M2_layer_maxcos,91,0.0989010989010989,0.47831978319783197,0.14098621420996818,0.7451847239518471,,,,
0.1,qwen/S1,M2_abs_log_norm_ratio,91,0.0989010989010989,0.6842818428184282,0.4143740031897927,1.0,,,,
0.1,qwen/S1,M2_neg_mean_theta_min,91,0.0989010989010989,0.6043360433604336,0.25727699530516435,0.8916639531097362,,,,
0.1,qwen/S1,REF_hold_1-holdnorm,91,0.0989010989010989,0.9634146341463414,0.875,1.0,0.9560439560439561,0.8488372093023255,1.0,
0.1,qwen/S1,M0_always_merge,91,0.0989010989010989,,,,0.9010989010989011,0.753082788671024,1.0,
0.1,qwen/P,M1_within,91,0.0989010989010989,0.3888888888888889,0.036585365853658534,0.8125,0.8901098901098901,0.7325368689733409,1.0,0.49390243902439024
0.1,qwen/P,M1_lobo,91,0.0989010989010989,0.6897018970189702,0.27631578947368424,0.9759036144578314,0.8131868131868132,0.6,0.9880952380952381,0.5501355013550135
0.1,qwen/P,M2_tv_cosine,91,0.0989010989010989,0.7953929539295393,0.5083333333333333,0.9733333333333334,,,,
0.1,qwen/P,M2_O_A,91,0.0989010989010989,0.6747967479674797,0.3313253012048193,0.944078947368421,,,,
0.1,qwen/P,M2_sign_conflict_top20,91,0.0989010989010989,0.1937669376693767,0.017777777777777778,0.5375,,,,
0.1,qwen/P,M2_layer_maxcos,91,0.0989010989010989,0.5230352303523035,0.2222222222222222,0.8226495726495726,,,,
0.1,qwen/P,M2_abs_log_norm_ratio,91,0.0989010989010989,0.47696476964769646,0.0,0.891566265060241,,,,
0.1,qwen/P,M2_neg_mean_theta_min,91,0.0989010989010989,0.7086720867208672,0.3575949367088608,0.9375,,,,
0.1,qwen/P,REF_hold_1-holdnorm,91,0.0989010989010989,0.997289972899729,0.9845559845559846,1.0,0.967032967032967,0.9024390243902439,1.0,
0.1,qwen/P,M0_always_merge,91,0.0989010989010989,,,,0.9010989010989011,0.7439024390243902,1.0,
0.1,qwen/all,M1_within,273,0.09157509157509157,0.4170967741935484,0.18410041841004185,0.7789674708063979,0.9047619047619048,0.7791654116465864,0.9835390946502057,0.5159677419354839
0.1,qwen/all,M1_lobo,273,0.09157509157509157,0.5743548387096774,0.3388399195628112,0.792200663673629,0.8644688644688645,0.7529411764705882,0.9588477366255144,0.547741935483871
0.1,qwen/all,M2_tv_cosine,273,0.09157509157509157,0.58,0.3148308481641815,0.7921516178736518,,,,
0.1,qwen/all,M2_O_A,273,0.09157509157509157,0.5998387096774194,0.35191774025501515,0.8276747060357633,,,,
0.1,qwen/all,M2_sign_conflict_top20,273,0.09157509157509157,0.3995161290322581,0.17877456208964423,0.6749382768608475,,,,
0.1,qwen/all,M2_layer_maxcos,273,0.09157509157509157,0.48193548387096774,0.23253018910913648,0.6924140968862149,,,,
0.1,qwen/all,M2_abs_log_norm_ratio,273,0.09157509157509157,0.5925806451612903,0.35860038965513147,0.8643231236734701,,,,
0.1,qwen/all,M2_neg_mean_theta_min,273,0.09157509157509157,0.62,0.3800055694792537,0.8249692478322243,,,,
0.1,qwen/all,REF_hold_1-holdnorm,273,0.09157509157509157,0.9751612903225807,0.9268072655847986,1.0,0.9633699633699634,0.9102450980392157,0.996031746031746,
0.1,qwen/all,M0_always_merge,273,0.09157509157509157,,,,0.9084249084249084,0.783328313253012,0.9835390946502057,
0.1,all/all,M1_within,780,0.05128205128205128,0.4545608108108108,0.23143403127187695,0.7434627440811272,0.9474358974358974,0.8966928801759668,0.985877196119097,0.5111486486486486
0.1,all/all,M1_lobo,780,0.05128205128205128,0.4588175675675676,0.2531503698703282,0.6588364905861189,0.9333333333333333,0.8816326530612245,0.9803942078923619,0.5391891891891892
0.1,all/all,M2_tv_cosine,780,0.05128205128205128,0.57625,0.37749964205183234,0.7799671969226304,,,,
0.1,all/all,M2_O_A,780,0.05128205128205128,0.6525337837837838,0.3447841179903701,0.8994995832206903,,,,
0.1,all/all,M2_sign_conflict_top20,780,0.05128205128205128,0.4254391891891892,0.23220440170581264,0.6104080237682081,,,,
0.1,all/all,M2_layer_maxcos,780,0.05128205128205128,0.6031081081081081,0.39435920870907465,0.8055009665004809,,,,
0.1,all/all,M2_abs_log_norm_ratio,780,0.05128205128205128,0.4772972972972973,0.2826008346784648,0.7325420261495118,,,,
0.1,all/all,M2_neg_mean_theta_min,780,0.05128205128205128,0.6637837837837838,0.37139248802070457,0.9040854426861356,,,,
0.1,all/all,REF_hold_1-holdnorm,780,0.05128205128205128,0.9815878378378379,0.9530549934207998,1.0,0.9730769230769231,0.9329848409267265,0.9971390753579594,
0.1,all/all,M0_always_merge,780,0.05128205128205128,,,,0.9487179487179487,0.897420634920635,0.9869281045751634,
