tau,scope,score,prevalence,auroc,auroc_lo,auroc_hi,acc,acc_lo,acc_hi
0.02,bert/R0,M3_unlabeled_Dhat,0.7802197802197802,0.7471830985915493,0.46868075427397465,0.9954473083393415,0.7802197802197802,0.5764705882352941,0.9382904245709123
0.02,bert/R0,M1_within,0.7802197802197802,0.33098591549295775,0.07266335227272727,0.6819635627530365,0.7362637362637363,0.5301027639971652,0.891566265060241
0.02,bert/R0,M1_lobo,0.7802197802197802,0.30704225352112674,0.09039135783928655,0.6441259057971015,0.37362637362637363,0.15786303107165503,0.5802756244616708
0.02,bert/R0,M2_tv_cosine,0.7802197802197802,0.3823943661971831,0.11414335664335665,0.7722786505906711,,,
0.02,bert/R0,M2_O_A,0.7802197802197802,0.37816901408450704,0.16077850611398406,0.618113394216134,,,
0.02,bert/R0,REF_hold_1-holdnorm,0.7802197802197802,0.8823943661971831,0.7532347282347283,0.9913425530640063,0.8131868131868132,0.658442218350755,0.9512342051131354
0.02,bert/R0,M0_always_merge,0.7802197802197802,,,,0.21978021978021978,0.06170957542908762,0.4235294117647059
0.02,bert/S1,M3_unlabeled_Dhat,0.8241758241758241,0.8179166666666666,0.556908068676012,1.0,0.8241758241758241,0.6352941176470588,0.9540229885057471
0.02,bert/S1,M1_within,0.8241758241758241,0.36833333333333335,0.03678336654527131,0.7662337662337663,0.8021978021978022,0.6202230259192284,0.9404936974789915
0.02,bert/S1,M1_lobo,0.8241758241758241,0.385,0.11617890557982724,0.7237825332562176,0.3626373626373626,0.18069199876428793,0.548810975609756
0.02,bert/S1,M2_tv_cosine,0.8241758241758241,0.33,0.09411914785049114,0.6037127578304049,,,
0.02,bert/S1,M2_O_A,0.8241758241758241,0.30833333333333335,0.0625,0.5755525372571213,,,
0.02,bert/S1,REF_hold_1-holdnorm,0.8241758241758241,0.9166666666666666,0.7677653918710341,1.0,0.8681318681318682,0.7142857142857143,0.9882352941176471
0.02,bert/S1,M0_always_merge,0.8241758241758241,,,,0.17582417582417584,0.04597701149425287,0.36470588235294116
0.02,bert/P,M3_unlabeled_Dhat,0.7582417582417582,0.8194993412384717,0.5435581140350877,0.986337890625,0.7582417582417582,0.5180722891566265,0.9390243902439024
0.02,bert/P,M1_within,0.7582417582417582,0.2608695652173913,0.07127938517179024,0.5429761904761898,0.7472527472527473,0.5180722891566265,0.926829268292683
0.02,bert/P,M1_lobo,0.7582417582417582,0.43478260869565216,0.17622549019607844,0.71634009009009,0.38461538461538464,0.18818057455540355,0.6
0.02,bert/P,M2_tv_cosine,0.7582417582417582,0.4782608695652174,0.19658080808080808,0.7741916905651147,,,
0.02,bert/P,M2_O_A,0.7582417582417582,0.4321475625823452,0.15461323912596062,0.7271135265700482,,,
0.02,bert/P,REF_hold_1-holdnorm,0.7582417582417582,0.855072463768116,0.701609310470149,0.9802576510056077,0.8241758241758241,0.6428571428571429,0.952954856361149
0.02,bert/P,M0_always_merge,0.7582417582417582,,,,0.24175824175824176,0.06097560975609756,0.4819277108433735
0.02,bert/all,M3_unlabeled_Dhat,0.7875457875457875,0.793223736968725,0.5581985866913675,0.9745238166893097,0.7875457875457875,0.6056910569105691,0.9317472270032511
0.02,bert/all,M1_within,0.7875457875457875,0.3148356054530874,0.1262449340887995,0.5945070141877888,0.7619047619047619,0.590708403233186,0.8996084337349397
0.02,bert/all,M1_lobo,0.7875457875457875,0.37570168404170007,0.1868212383924533,0.6696835463262679,0.37362637362637363,0.19997967479674797,0.5647232563911639
0.02,bert/all,M2_tv_cosine,0.7875457875457875,0.426383319967923,0.19770740187084576,0.6946354229795663,,,
0.02,bert/all,M2_O_A,0.7875457875457875,0.39109863672814754,0.19029247745609873,0.6408876333961079,,,
0.02,bert/all,REF_hold_1-holdnorm,0.7875457875457875,0.8812349639133922,0.7652615931679126,0.9692885420079821,0.8351648351648352,0.7028112449799196,0.9487499999999998
0.02,bert/all,M0_always_merge,0.7875457875457875,,,,0.21245421245421245,0.06825277299674891,0.3943089430894309
0.02,roberta/R0,M3_unlabeled_Dhat,0.5256410256410257,0.8796967699406724,0.6623268398268398,0.9964642973894363,0.5384615384615384,0.2602739726027397,0.7671481040301765
0.02,roberta/R0,M1_within,0.5256410256410257,0.44693473961766644,0.23169144259749147,0.7076542161856251,0.44871794871794873,0.273972602739726,0.6250466417910445
0.02,roberta/R0,M1_lobo,0.5256410256410257,0.34871456822676333,0.1405926201499118,0.592608286252354,0.5128205128205128,0.23180124223602486,0.7429424307036243
0.02,roberta/R0,M2_tv_cosine,0.5256410256410257,0.5583388266315096,0.3201010101010101,0.78657195313866,,,
0.02,roberta/R0,M2_O_A,0.5256410256410257,0.5906394199077126,0.3441781259993604,0.84291495258138,,,
0.02,roberta/R0,REF_hold_1-holdnorm,0.5256410256410257,0.8721160184574819,0.6908244047619048,0.9856003238261303,0.8205128205128205,0.6666666666666666,0.9577611502347416
0.02,roberta/R0,M0_always_merge,0.5256410256410257,,,,0.47435897435897434,0.2361111111111111,0.7638888888888888
0.02,roberta/S1,M3_unlabeled_Dhat,0.48717948717948717,0.8411184210526316,0.6929553865131579,0.9571556221556221,0.48717948717948717,0.21428571428571427,0.73531454248366
0.02,roberta/S1,M1_within,0.48717948717948717,0.5427631578947368,0.29258158508158505,0.8096379187611992,0.5512820512820513,0.3520055113288426,0.745775360485707
0.02,roberta/S1,M1_lobo,0.48717948717948717,0.42894736842105263,0.20674794699514742,0.6900001966955153,0.5,0.2296202893033879,0.7398139577934093
0.02,roberta/S1,M2_tv_cosine,0.48717948717948717,0.47039473684210525,0.21822232947232947,0.7294547597995873,,,
0.02,roberta/S1,M2_O_A,0.48717948717948717,0.5203947368421052,0.25195374923487096,0.7924288791873535,,,
0.02,roberta/S1,REF_hold_1-holdnorm,0.48717948717948717,0.9171052631578948,0.786000275110044,0.993508446245014,0.782051282051282,0.5942028985507246,0.9285714285714286
0.02,roberta/S1,M0_always_merge,0.48717948717948717,,,,0.5128205128205128,0.2646854575163399,0.7857142857142857
0.02,roberta/P,M3_unlabeled_Dhat,0.48717948717948717,0.8792763157894737,0.7191009633667131,0.9823039220170896,0.5,0.23943661971830985,0.7500856164383557
0.02,roberta/P,M1_within,0.48717948717948717,0.5493421052631579,0.3496171701773836,0.7799202732252266,0.5512820512820513,0.36363636363636365,0.7534246575342466
0.02,roberta/P,M1_lobo,0.48717948717948717,0.41118421052631576,0.19236807666328942,0.6585885972289848,0.48717948717948717,0.2222222222222222,0.7433188785800722
0.02,roberta/P,M2_tv_cosine,0.48717948717948717,0.5282894736842105,0.23996926713947989,0.7734083758066889,,,
0.02,roberta/P,M2_O_A,0.48717948717948717,0.5506578947368421,0.24526714113873296,0.8303139801375092,,,
0.02,roberta/P,REF_hold_1-holdnorm,0.48717948717948717,0.9144736842105263,0.7962761069340016,0.9932110969387754,0.8589743589743589,0.7183098591549296,0.971830985915493
0.02,roberta/P,M0_always_merge,0.48717948717948717,,,,0.5128205128205128,0.2566811214199274,0.7777777777777778
0.02,roberta/all,M3_unlabeled_Dhat,0.5,0.8635400686682738,0.7201149552610043,0.9498458334729293,0.5085470085470085,0.2571428571428571,0.7222417840375586
0.02,roberta/all,M1_within,0.5,0.5090218423551757,0.3320866323627309,0.7095638870198987,0.5170940170940171,0.37037037037037035,0.6667792792792786
0.02,roberta/all,M1_lobo,0.5,0.3971802176930382,0.23635609803040997,0.6042720382687486,0.5,0.24283594259621658,0.7187574404761904
0.02,roberta/all,M2_tv_cosine,0.5,0.5209292132369056,0.33356875388922436,0.6914100497694541,,,
0.02,roberta/all,M2_O_A,0.5,0.5495653444371393,0.33989071691616046,0.7642778002654652,,,
0.02,roberta/all,REF_hold_1-holdnorm,0.5,0.901161516546132,0.806096396965866,0.9623973887944041,0.8205128205128205,0.726027397260274,0.906685185185185
0.02,roberta/all,M0_always_merge,0.5,,,,0.5,0.2812425595238095,0.7571640574037833
0.02,qwen/R0,M3_unlabeled_Dhat,0.6153846153846154,0.863265306122449,0.695293798197024,0.9767985684417135,0.6373626373626373,0.37643382352941174,0.8488372093023255
0.02,qwen/R0,M1_within,0.6153846153846154,0.5433673469387755,0.2758301404853129,0.777965372139914,0.6263736263736264,0.39019368723098996,0.8117647058823529
0.02,qwen/R0,M1_lobo,0.6153846153846154,0.4086734693877551,0.22564799733052812,0.6423186942160151,0.5054945054945055,0.30485103426983634,0.6785714285714286
0.02,qwen/R0,M2_tv_cosine,0.6153846153846154,0.6566326530612245,0.3931063652938653,0.8413742769835205,,,
0.02,qwen/R0,M2_O_A,0.6153846153846154,0.6607142857142857,0.41081081081081083,0.8218714175206959,,,
0.02,qwen/R0,REF_hold_1-holdnorm,0.6153846153846154,0.9505102040816327,0.843272921108742,1.0,0.8791208791208791,0.7349206954399878,0.9879553930005737
0.02,qwen/R0,M0_always_merge,0.6153846153846154,,,,0.38461538461538464,0.15476190476190477,0.6708238797504249
0.02,qwen/S1,M3_unlabeled_Dhat,0.6153846153846154,0.9017857142857143,0.7458897872960373,0.9919444927680302,0.6373626373626373,0.4,0.8554647160068845
0.02,qwen/S1,M1_within,0.6153846153846154,0.5438775510204081,0.32177819793856066,0.7565810760667903,0.5824175824175825,0.3589506172839506,0.7857142857142857
0.02,qwen/S1,M1_lobo,0.6153846153846154,0.45051020408163267,0.24460023623330077,0.7059635040885041,0.4945054945054945,0.2823529411764706,0.7108433734939759
0.02,qwen/S1,M2_tv_cosine,0.6153846153846154,0.6153061224489796,0.33212014960261804,0.8348536706349204,,,
0.02,qwen/S1,M2_O_A,0.6153846153846154,0.6561224489795918,0.41041742943682596,0.8392871779859485,,,
0.02,qwen/S1,REF_hold_1-holdnorm,0.6153846153846154,0.8831632653061224,0.7448866213151928,0.9744946172248804,0.8021978021978022,0.6543091168091169,0.9166911764705881
0.02,qwen/S1,M0_always_merge,0.6153846153846154,,,,0.38461538461538464,0.1481029810298103,0.6547619047619048
0.02,qwen/P,M3_unlabeled_Dhat,0.5494505494505495,0.8534146341463414,0.6825133749736454,0.969697211270872,0.6043956043956044,0.3797043840691572,0.8250416666666665
0.02,qwen/P,M1_within,0.5494505494505495,0.5585365853658537,0.31687397181094656,0.7788771697762923,0.5604395604395604,0.37209302325581395,0.7349397590361446
0.02,qwen/P,M1_lobo,0.5494505494505495,0.5434146341463415,0.33500417710944025,0.7561588392427994,0.5494505494505495,0.30111517498565693,0.7778100775193797
0.02,qwen/P,M2_tv_cosine,0.5494505494505495,0.7004878048780487,0.4511056547619048,0.895460619888586,,,
0.02,qwen/P,M2_O_A,0.5494505494505495,0.6882926829268292,0.4751813292884721,0.8645032682768531,,,
0.02,qwen/P,REF_hold_1-holdnorm,0.5494505494505495,0.9024390243902439,0.749173920464243,0.9927003086688113,0.8351648351648352,0.6746987951807228,0.9529411764705882
0.02,qwen/P,M0_always_merge,0.5494505494505495,,,,0.45054945054945056,0.20930232558139536,0.7058823529411765
0.02,qwen/all,M3_unlabeled_Dhat,0.5934065934065934,0.8700645089533978,0.7439656140022388,0.9564280716806077,0.6263736263736264,0.4069767441860465,0.8170828493999225
0.02,qwen/all,M1_within,0.5934065934065934,0.5475475475475475,0.3863111750586224,0.7208900161030596,0.5897435897435898,0.4320806100217865,0.7292105923694776
0.02,qwen/all,M1_lobo,0.5934065934065934,0.4632966299632966,0.32989148190109885,0.6330267682559284,0.5164835164835165,0.33725490196078434,0.6789400523315573
0.02,qwen/all,M2_tv_cosine,0.5934065934065934,0.622678233789345,0.4688285083462922,0.7470263752052545,,,
0.02,qwen/all,M2_O_A,0.5934065934065934,0.6564898231564898,0.5026105166479651,0.7771395357117424,,,
0.02,qwen/all,REF_hold_1-holdnorm,0.5934065934065934,0.9144700255811367,0.8298336965155052,0.9714723901613507,0.8388278388278388,0.7317073170731707,0.9246031746031746
0.02,qwen/all,M0_always_merge,0.5934065934065934,,,,0.4065934065934066,0.19751227130745203,0.6549053807569539
0.02,all/all,M3_unlabeled_Dhat,0.6333333333333333,0.8622561648877438,0.737330070205109,0.9380779733573761,0.6474358974358975,0.47830056412809024,0.7824567520614645
0.02,all/all,M1_within,0.6333333333333333,0.5752809943093344,0.47064204130443926,0.6714123690394438,0.6282051282051282,0.5171190832859824,0.716851087771943
0.02,all/all,M1_lobo,0.6333333333333333,0.3536989326463011,0.269278511392616,0.4569036422614978,0.46153846153846156,0.32932878435927215,0.5688723212408864
0.02,all/all,M2_tv_cosine,0.6333333333333333,0.4603422892896577,0.3404278308891273,0.5626587661229275,,,
0.02,all/all,M2_O_A,0.6333333333333333,0.4537031794116814,0.3018809858203381,0.5723615233702837,,,
0.02,all/all,REF_hold_1-holdnorm,0.6333333333333333,0.9050635599218595,0.8373193051656239,0.9538412484962426,0.8320512820512821,0.7704576835607537,0.8902116402116402
0.02,all/all,M0_always_merge,0.6333333333333333,,,,0.36666666666666664,0.21771410531870783,0.5570186909369875
0.05,bert/R0,M3_unlabeled_Dhat,0.38461538461538464,0.888265306122449,0.7461371355060035,0.9855248327298016,0.43956043956043955,0.2404460518384569,0.6506164191650321
0.05,bert/R0,M1_within,0.38461538461538464,0.35714285714285715,0.19704971464359117,0.5790952558370586,0.5274725274725275,0.3614457831325301,0.702414021164021
0.05,bert/R0,M1_lobo,0.38461538461538464,0.4627551020408163,0.30774000974658866,0.6613584183673467,0.6153846153846154,0.38365171650055374,0.8313755020080319
0.05,bert/R0,M2_tv_cosine,0.38461538461538464,0.525,0.3083173076923077,0.7343367129892227,,,
0.05,bert/R0,M2_O_A,0.38461538461538464,0.41122448979591836,0.20566099592415382,0.6600154950869236,,,
0.05,bert/R0,REF_hold_1-holdnorm,0.38461538461538464,0.9438775510204082,0.8370294784580499,1.0,0.8461538461538461,0.6987951807228916,0.9523809523809523
0.05,bert/R0,M0_always_merge,0.38461538461538464,,,,0.6153846153846154,0.38365171650055374,0.8313755020080319
0.05,bert/S1,M3_unlabeled_Dhat,0.4065934065934066,0.9401901901901902,0.8327858946608946,1.0,0.4945054945054945,0.2976190476190476,0.7066829268292683
0.05,bert/S1,M1_within,0.4065934065934066,0.42842842842842843,0.25216179494712104,0.663944444444444,0.5384615384615384,0.32558139534883723,0.7411764705882353
0.05,bert/S1,M1_lobo,0.4065934065934066,0.5615615615615616,0.4034963034676993,0.7395158589440504,0.5934065934065934,0.3373493975903614,0.8256208728107951
0.05,bert/S1,M2_tv_cosine,0.4065934065934066,0.6086086086086087,0.38261750735786926,0.8175100479101041,,,
0.05,bert/S1,M2_O_A,0.4065934065934066,0.56006006006006,0.31276328502415457,0.80890507518797,,,
0.05,bert/S1,REF_hold_1-holdnorm,0.4065934065934066,0.9204204204204204,0.7793535353535354,0.9936490252149954,0.8241758241758241,0.6511627906976745,0.9518072289156626
0.05,bert/S1,M0_always_merge,0.4065934065934066,,,,0.5934065934065934,0.3373493975903614,0.8256208728107951
0.05,bert/P,M3_unlabeled_Dhat,0.2857142857142857,0.8931952662721894,0.7184041501976285,0.9910330490816484,0.4175824175824176,0.24136892397174908,0.602413500154464
0.05,bert/P,M1_within,0.2857142857142857,0.3816568047337278,0.1628482142857143,0.6353069102550897,0.6263736263736264,0.4578313253012048,0.7857589285714283
0.05,bert/P,M1_lobo,0.2857142857142857,0.47396449704142013,0.3233775881144302,0.6774359257622623,0.7142857142857143,0.4754479072568503,0.905909712722298
0.05,bert/P,M2_tv_cosine,0.2857142857142857,0.5692307692307692,0.288586201574317,0.7934344422700585,,,
0.05,bert/P,M2_O_A,0.2857142857142857,0.47455621301775147,0.2156723682380754,0.7794123744024973,,,
0.05,bert/P,REF_hold_1-holdnorm,0.2857142857142857,0.9461538461538461,0.813304114749348,1.0,0.8681318681318682,0.7411655773420479,0.975609756097561
0.05,bert/P,M0_always_merge,0.2857142857142857,,,,0.7142857142857143,0.4754479072568503,0.905909712722298
0.05,bert/all,M3_unlabeled_Dhat,0.358974358974359,0.904198250728863,0.7865949452466694,0.9752974040441085,0.45054945054945056,0.30486926628525546,0.6157010943912449
0.05,bert/all,M1_within,0.358974358974359,0.39067055393586003,0.23312820524420283,0.6018793700920614,0.5641025641025641,0.41365461847389556,0.7203168685927306
0.05,bert/all,M1_lobo,0.358974358974359,0.5056559766763848,0.38293708284867617,0.6665175395813518,0.6410256410256411,0.4261488993950486,0.8416666666666667
0.05,bert/all,M2_tv_cosine,0.358974358974359,0.5844314868804664,0.43939728776125836,0.7392931631954649,,,
0.05,bert/all,M2_O_A,0.358974358974359,0.4914868804664723,0.292783128721813,0.7214866637776854,,,
0.05,bert/all,REF_hold_1-holdnorm,0.358974358974359,0.9305539358600583,0.8519580489704899,0.9818849872618884,0.8461538461538461,0.7596735780330625,0.9250122549019607
0.05,bert/all,M0_always_merge,0.358974358974359,,,,0.6410256410256411,0.4261488993950486,0.8416666666666667
0.05,roberta/R0,M3_unlabeled_Dhat,0.10256410256410256,0.9785714285714285,0.9131013849346137,1.0,0.5897435897435898,0.37681159420289856,0.8356164383561644
0.05,roberta/R0,M1_within,0.10256410256410256,0.2714285714285714,0.06610219845513965,0.8526119402985073,0.8974358974358975,0.704225352112676,1.0
0.05,roberta/R0,M1_lobo,0.10256410256410256,0.4660714285714286,0.16787736520130886,0.9154929577464789,0.782051282051282,0.5633802816901409,0.9552238805970149
0.05,roberta/R0,M2_tv_cosine,0.10256410256410256,0.6375,0.08108108108108109,0.9710144927536232,,,
0.05,roberta/R0,M2_O_A,0.10256410256410256,0.6482142857142857,0.027836463223787168,0.9775578703703701,,,
0.05,roberta/R0,REF_hold_1-holdnorm,0.10256410256410256,0.9964285714285714,0.9859649122807017,1.0,0.9743589743589743,0.8873239436619719,1.0
0.05,roberta/R0,M0_always_merge,0.10256410256410256,,,,0.8974358974358975,0.704225352112676,1.0
0.05,roberta/S1,M3_unlabeled_Dhat,0.038461538461538464,0.96,0.8511530398322851,1.0,0.47435897435897434,0.20827205882352942,0.7941277195809829
0.05,roberta/S1,M1_within,0.038461538461538464,0.19555555555555557,0.0,0.5657040882543802,0.9487179487179487,0.8285714285714286,1.0
0.05,roberta/S1,M1_lobo,0.038461538461538464,0.40444444444444444,0.21978900255754474,0.6666666666666666,0.717948717948718,0.4647887323943662,0.9436815336463222
0.05,roberta/S1,M2_tv_cosine,0.038461538461538464,0.8355555555555556,0.6321594427244581,0.971830985915493,,,
0.05,roberta/S1,M2_O_A,0.038461538461538464,0.8355555555555556,0.6216248794599808,0.9722222222222222,,,
0.05,roberta/S1,REF_hold_1-holdnorm,0.038461538461538464,0.9733333333333334,0.8801447308909995,1.0,0.9230769230769231,0.7714285714285715,1.0
0.05,roberta/S1,M0_always_merge,0.038461538461538464,,,,0.9615384615384616,0.8356164383561644,1.0
0.05,roberta/P,M3_unlabeled_Dhat,0.08974358974358974,0.9456740442655935,0.7823018934081346,1.0,0.5,0.25705756929637524,0.7837837837837838
0.05,roberta/P,M1_within,0.08974358974358974,0.2937625754527163,0.014953640886476707,0.7796082427536232,0.8974358974358975,0.7390549516908212,1.0
0.05,roberta/P,M1_lobo,0.08974358974358974,0.47283702213279677,0.1094017551369863,0.9499249595936273,0.7564102564102564,0.5714285714285714,0.9436619718309859
0.05,roberta/P,M2_tv_cosine,0.08974358974358974,0.7525150905432596,0.40612880179628497,0.9527281746031746,,,
0.05,roberta/P,M2_O_A,0.08974358974358974,0.7645875251509054,0.3667892156862745,0.9841269841269841,,,
0.05,roberta/P,REF_hold_1-holdnorm,0.08974358974358974,0.9537223340040242,0.7969445803768045,1.0,0.9358974358974359,0.7714285714285715,1.0
0.05,roberta/P,M0_always_merge,0.08974358974358974,,,,0.9102564102564102,0.7418802474591251,1.0
0.05,roberta/all,M3_unlabeled_Dhat,0.07692307692307693,0.9560185185185185,0.8811312122861988,1.0,0.5213675213675214,0.3137254901960784,0.7837901281563253
0.05,roberta/all,M1_within,0.07692307692307693,0.2613168724279835,0.07655502392344497,0.760077421394557,0.9145299145299145,0.7702264764764765,1.0
0.05,roberta/all,M1_lobo,0.07692307692307693,0.45987654320987653,0.26887043678749845,0.9285980810234542,0.7521367521367521,0.5504748186086215,0.933356807511737
0.05,roberta/all,M2_tv_cosine,0.07692307692307693,0.6584362139917695,0.2509011627906977,0.8440575472497668,,,
0.05,roberta/all,M2_O_A,0.07692307692307693,0.7204218106995884,0.06315752262443439,0.9629538354737938,,,
0.05,roberta/all,REF_hold_1-holdnorm,0.07692307692307693,0.9747942386831275,0.9247255437361424,1.0,0.9444444444444444,0.8431372549019608,1.0
0.05,roberta/all,M0_always_merge,0.07692307692307693,,,,0.9230769230769231,0.7825672877846791,1.0
0.05,qwen/R0,M3_unlabeled_Dhat,0.2967032967032967,0.9366319444444444,0.7954159351708028,1.0,0.5384615384615384,0.3536406025824964,0.7350186460126216
0.05,qwen/R0,M1_within,0.2967032967032967,0.4056712962962963,0.18810255659640904,0.616430103002993,0.6483516483516484,0.41975308641975306,0.8518518518518519
0.05,qwen/R0,M1_lobo,0.2967032967032967,0.3443287037037037,0.15817127799736494,0.5701354993447566,0.45054945054945056,0.27710843373493976,0.6586356707317068
0.05,qwen/R0,M2_tv_cosine,0.2967032967032967,0.71875,0.4840886654716442,0.8962163299663299,,,
0.05,qwen/R0,M2_O_A,0.2967032967032967,0.7037037037037037,0.459408011095418,0.8910704593913549,,,
0.05,qwen/R0,REF_hold_1-holdnorm,0.2967032967032967,0.96875,0.8869386567953463,1.0,0.9230769230769231,0.8024691358024691,1.0
0.05,qwen/R0,M0_always_merge,0.2967032967032967,,,,0.7032967032967034,0.4819277108433735,0.8987966869823407
0.05,qwen/S1,M3_unlabeled_Dhat,0.2967032967032967,0.9343171296296297,0.833608141284549,1.0,0.5824175824175825,0.3950066137566137,0.7590361445783133
0.05,qwen/S1,M1_within,0.2967032967032967,0.36516203703703703,0.13592255892255892,0.5967803030303025,0.5714285714285714,0.37209302325581395,0.7564102564102564
0.05,qwen/S1,M1_lobo,0.2967032967032967,0.4849537037037037,0.23331825657894736,0.7400574100607984,0.5164835164835165,0.3132530120481928,0.7089103248436782
0.05,qwen/S1,M2_tv_cosine,0.2967032967032967,0.4861111111111111,0.25730291783121195,0.727794419559537,,,
0.05,qwen/S1,M2_O_A,0.2967032967032967,0.5497685185185185,0.28505636724386724,0.8080865609093344,,,
0.05,qwen/S1,REF_hold_1-holdnorm,0.2967032967032967,0.9554398148148148,0.8794848484848484,1.0,0.8901098901098901,0.775,0.9764705882352941
0.05,qwen/S1,M0_always_merge,0.2967032967032967,,,,0.7032967032967034,0.48766857962697274,0.9036144578313253
0.05,qwen/P,M3_unlabeled_Dhat,0.25274725274725274,0.9255115089514067,0.7528174603174603,1.0,0.5164835164835165,0.27380952380952384,0.7619047619047619
0.05,qwen/P,M1_within,0.25274725274725274,0.42135549872122763,0.15584415584415584,0.6801077694235589,0.7032967032967034,0.5,0.8837209302325582
0.05,qwen/P,M1_lobo,0.25274725274725274,0.6438618925831202,0.2279318689501117,0.926378355786005,0.3626373626373626,0.16470215934475055,0.5647448618001415
0.05,qwen/P,M2_tv_cosine,0.25274725274725274,0.6540920716112532,0.39987500000000004,0.834177036199095,,,
0.05,qwen/P,M2_O_A,0.25274725274725274,0.5978260869565217,0.3286904761904762,0.803082706766917,,,
0.05,qwen/P,REF_hold_1-holdnorm,0.25274725274725274,0.9833759590792839,0.934963090787077,1.0,0.9230769230769231,0.8023255813953488,1.0
0.05,qwen/P,M0_always_merge,0.25274725274725274,,,,0.7472527472527473,0.5243757259001162,0.9397590361445783
0.05,qwen/all,M3_unlabeled_Dhat,0.28205128205128205,0.9288364696527962,0.8398716322668116,0.9858835742416021,0.5457875457875457,0.37912525100401606,0.7229087080027425
0.05,qwen/all,M1_within,0.28205128205128205,0.39564007421150277,0.2529852141123447,0.5383278768901982,0.6410256410256411,0.4773223426678711,0.7857380952380951
0.05,qwen/all,M1_lobo,0.28205128205128205,0.4668698648290485,0.2987516833442439,0.6274570899382109,0.4432234432234432,0.3055555555555556,0.570281124497992
0.05,qwen/all,M2_tv_cosine,0.28205128205128205,0.5907103100980652,0.43567657519270425,0.730351484760354,,,
0.05,qwen/all,M2_O_A,0.28205128205128205,0.6054200901139677,0.4438319145758662,0.7453736831685494,,,
0.05,qwen/all,REF_hold_1-holdnorm,0.28205128205128205,0.9691227140206732,0.9110184259514617,0.9963784576289607,0.9120879120879121,0.827297501695092,0.9722222222222222
0.05,qwen/all,M0_always_merge,0.28205128205128205,,,,0.717948717948718,0.5237664945496271,0.8835341365461847
0.05,all/all,M3_unlabeled_Dhat,0.24743589743589745,0.9348359534296634,0.8698825177653476,0.9752142856243006,0.5051282051282051,0.3986096014492754,0.6250212585034013
0.05,all/all,M1_within,0.24743589743589745,0.5500525196176219,0.4731500014082316,0.6475035697473227,0.6961538461538461,0.5718218760677298,0.7997260503397454
0.05,all/all,M1_lobo,0.24743589743589745,0.40078205682710893,0.2924665760638165,0.5445018929452887,0.6051282051282051,0.4793073268317079,0.7113941711451013
0.05,all/all,M2_tv_cosine,0.24743589743589745,0.5022905614744331,0.3910651038369552,0.6074137460870083,,,
0.05,all/all,M2_O_A,0.24743589743589745,0.527402882841532,0.3969278074416726,0.658423938393793,,,
0.05,all/all,REF_hold_1-holdnorm,0.24743589743589745,0.9583108984826685,0.9135118384815587,0.9844347584682,0.8987179487179487,0.8429752066115702,0.9471665420677194
0.05,all/all,M0_always_merge,0.24743589743589745,,,,0.7525641025641026,0.6076597799613673,0.8861136211512717
0.1,bert/R0,M3_unlabeled_Dhat,0.04395604395604396,0.9841954022988506,0.9256328828828828,1.0,0.45054945054945056,0.21792168674698795,0.6904982363315695
0.1,bert/R0,M1_within,0.04395604395604396,0.10057471264367816,0.012658227848101266,0.32926829268292684,0.9560439560439561,0.8518518518518519,1.0
0.1,bert/R0,M1_lobo,0.04395604395604396,0.27873563218390807,0.09142543859649123,0.47565220747144177,0.9560439560439561,0.8518518518518519,1.0
0.1,bert/R0,M2_tv_cosine,0.04395604395604396,0.49712643678160917,0.15281087118391662,0.8846706454465075,,,
0.1,bert/R0,M2_O_A,0.04395604395604396,0.3620689655172414,0.0,0.9060191518467853,,,
0.1,bert/R0,REF_hold_1-holdnorm,0.04395604395604396,1.0,1.0,1.0,0.967032967032967,0.8823529411764706,1.0
0.1,bert/R0,M0_always_merge,0.04395604395604396,,,,0.9560439560439561,0.8518518518518519,1.0
0.1,bert/S1,M3_unlabeled_Dhat,0.06593406593406594,0.9725490196078431,0.8708204334365326,1.0,0.5384615384615384,0.2948529411764706,0.7882968536251707
0.1,bert/S1,M1_within,0.06593406593406594,0.13137254901960785,0.0,0.37227536876351625,0.9340659340659341,0.8117647058823529,1.0
0.1,bert/S1,M1_lobo,0.06593406593406594,0.28823529411764703,0.08805379746835443,0.6157091853294385,0.9340659340659341,0.8117647058823529,1.0
0.1,bert/S1,M2_tv_cosine,0.06593406593406594,0.5490196078431373,0.14908026755852843,0.8917290784760664,,,
0.1,bert/S1,M2_O_A,0.06593406593406594,0.4588235294117647,0.0,0.9743589743589743,,,
0.1,bert/S1,REF_hold_1-holdnorm,0.06593406593406594,1.0,1.0,1.0,0.978021978021978,0.9036144578313253,1.0
0.1,bert/S1,M0_always_merge,0.06593406593406594,,,,0.9340659340659341,0.8117647058823529,1.0
0.1,bert/P,M3_unlabeled_Dhat,0.04395604395604396,0.9712643678160919,0.8891552511415525,1.0,0.5054945054945055,0.261827731092437,0.7682926829268293
0.1,bert/P,M1_within,0.04395604395604396,0.11494252873563218,0.0,0.3451226851851853,0.9560439560439561,0.853613369467028,1.0
0.1,bert/P,M1_lobo,0.04395604395604396,0.22413793103448276,0.0734908536585366,0.488044425087108,0.9560439560439561,0.853613369467028,1.0
0.1,bert/P,M2_tv_cosine,0.04395604395604396,0.5862068965517241,0.17325403753819296,1.0,,,
0.1,bert/P,M2_O_A,0.04395604395604396,0.6264367816091954,0.2923286671246994,0.9633355916892502,,,
0.1,bert/P,REF_hold_1-holdnorm,0.04395604395604396,0.9971264367816092,0.9619258589511754,1.0,0.9560439560439561,0.8470588235294118,1.0
0.1,bert/P,M0_always_merge,0.04395604395604396,,,,0.9560439560439561,0.853613369467028,1.0
0.1,bert/all,M3_unlabeled_Dhat,0.05128205128205128,0.9747655819084391,0.8889756709135267,1.0,0.4981684981684982,0.28392549526270455,0.7375702519379842
0.1,bert/all,M1_within,0.05128205128205128,0.11803640375068947,0.0,0.31486296440802874,0.9487179487179487,0.8522871680317697,1.0
0.1,bert/all,M1_lobo,0.05128205128205128,0.27606177606177607,0.1564116691389419,0.5608715260161224,0.9487179487179487,0.8522871680317697,1.0
0.1,bert/all,M2_tv_cosine,0.05128205128205128,0.5427468284611142,0.3212526371308017,0.8370258620689655,,,
0.1,bert/all,M2_O_A,0.05128205128205128,0.4784886927744071,0.012019392310276966,0.940733115123359,,,
0.1,bert/all,REF_hold_1-holdnorm,0.05128205128205128,0.9964147821290679,0.9757032423681101,1.0,0.967032967032967,0.8914421440726036,1.0
0.1,bert/all,M0_always_merge,0.05128205128205128,,,,0.9487179487179487,0.8522871680317697,1.0
0.1,roberta/R0,M3_unlabeled_Dhat,0.02564102564102564,0.9736842105263158,0.8307444668008048,1.0,0.9102564102564102,0.7428571428571429,1.0
0.1,roberta/R0,M1_within,0.02564102564102564,0.07236842105263158,0.06521739130434782,0.20606334841628943,0.9743589743589743,0.8857142857142857,1.0
0.1,roberta/R0,M1_lobo,0.02564102564102564,0.3684210526315789,0.0,0.7366935483870963,0.9743589743589743,0.8857142857142857,1.0
0.1,roberta/R0,M2_tv_cosine,0.02564102564102564,0.881578947368421,0.7644257703081232,0.972639763050722,,,
0.1,roberta/R0,M2_O_A,0.02564102564102564,0.8618421052631579,0.6516624040920717,0.9857539682539682,,,
0.1,roberta/R0,REF_hold_1-holdnorm,0.02564102564102564,0.9802631578947368,0.8873239436619719,1.0,0.9743589743589743,0.8857142857142857,1.0
0.1,roberta/R0,M0_always_merge,0.02564102564102564,,,,0.9743589743589743,0.8857142857142857,1.0
0.1,roberta/S1,M3_unlabeled_Dhat,0.0,,,,0.8846153846153846,0.6764602319801161,1.0
0.1,roberta/S1,M1_within,0.0,,,,1.0,1.0,1.0
0.1,roberta/S1,M1_lobo,0.0,,,,1.0,1.0,1.0
0.1,roberta/S1,M2_tv_cosine,0.0,,,,,,
0.1,roberta/S1,M2_O_A,0.0,,,,,,
0.1,roberta/S1,REF_hold_1-holdnorm,0.0,,,,1.0,1.0,1.0
0.1,roberta/S1,M0_always_merge,0.0,,,,1.0,1.0,1.0
0.1,roberta/P,M3_unlabeled_Dhat,0.01282051282051282,0.974025974025974,0.9027777777777778,1.0,0.8974358974358975,0.701455223880597,1.0
0.1,roberta/P,M1_within,0.01282051282051282,0.07792207792207792,0.0679054054054054,0.22474723158401527,0.9871794871794872,0.9371968283582089,1.0
0.1,roberta/P,M1_lobo,0.01282051282051282,0.11688311688311688,0.0,0.37737676056337993,0.9871794871794872,0.9371968283582089,1.0
0.1,roberta/P,M2_tv_cosine,0.01282051282051282,0.7272727272727273,0.4859325396825397,0.8636363636363636,,,
0.1,roberta/P,M2_O_A,0.01282051282051282,0.7272727272727273,0.455974025974026,0.8776463262764631,,,
0.1,roberta/P,REF_hold_1-holdnorm,0.01282051282051282,1.0,1.0,1.0,1.0,1.0,1.0
0.1,roberta/P,M0_always_merge,0.01282051282051282,,,,0.9871794871794872,0.9371968283582089,1.0
0.1,roberta/all,M3_unlabeled_Dhat,0.01282051282051282,0.976911976911977,0.9080624585207581,1.0,0.8974358974358975,0.7101449275362319,1.0
0.1,roberta/all,M1_within,0.01282051282051282,0.07792207792207792,0.07278952266985773,0.21142951251646877,0.9871794871794872,0.9436619718309859,1.0
0.1,roberta/all,M1_lobo,0.01282051282051282,0.2813852813852814,0.0,0.7096774193548387,0.9871794871794872,0.9436619718309859,1.0
0.1,roberta/all,M2_tv_cosine,0.01282051282051282,0.7258297258297258,0.5326426024955436,0.9731722453555413,,,
0.1,roberta/all,M2_O_A,0.01282051282051282,0.7936507936507936,0.5621484039911508,0.9531167342620348,,,
0.1,roberta/all,REF_hold_1-holdnorm,0.01282051282051282,0.9927849927849928,0.9613007219965983,1.0,0.9914529914529915,0.9624279007377599,1.0
0.1,roberta/all,M0_always_merge,0.01282051282051282,,,,0.9871794871794872,0.9436619718309859,1.0
0.1,qwen/R0,M3_unlabeled_Dhat,0.08791208791208792,0.9201807228915663,0.7695797258297258,1.0,0.6593406593406593,0.3953488372093023,0.8902439024390244
0.1,qwen/R0,M1_within,0.08791208791208792,0.3373493975903614,0.012702856215514443,0.7801554603383871,0.9010989010989011,0.7558139534883721,1.0
0.1,qwen/R0,M1_lobo,0.08791208791208792,0.5572289156626506,0.2542564488724127,0.8776472431077694,0.8791208791208791,0.7316838649155722,1.0
0.1,qwen/R0,M2_tv_cosine,0.08791208791208792,0.7033132530120482,0.43304684684684686,0.9101611226611226,,,
0.1,qwen/R0,M2_O_A,0.08791208791208792,0.6174698795180723,0.3277121913580247,0.8862938596491227,,,
0.1,qwen/R0,REF_hold_1-holdnorm,0.08791208791208792,0.9698795180722891,0.9025559639158035,1.0,0.9560439560439561,0.8588235294117647,1.0
0.1,qwen/R0,M0_always_merge,0.08791208791208792,,,,0.9120879120879121,0.7737413941480207,1.0
0.1,qwen/S1,M3_unlabeled_Dhat,0.0989010989010989,0.967479674796748,0.8829833324570167,1.0,0.7472527472527473,0.5171308576480991,0.9285714285714286
0.1,qwen/S1,M1_within,0.0989010989010989,0.4634146341463415,0.0,0.9259259259259259,0.9120879120879121,0.7738095238095238,1.0
0.1,qwen/S1,M1_lobo,0.0989010989010989,0.5840108401084011,0.2088389222717581,0.940074074074074,0.8901098901098901,0.753082788671024,0.9879518072289156
0.1,qwen/S1,M2_tv_cosine,0.0989010989010989,0.48644986449864497,0.1355914355914356,0.8172122660294704,,,
0.1,qwen/S1,M2_O_A,0.0989010989010989,0.5338753387533876,0.18134669479606189,0.8224569510920389,,,
0.1,qwen/S1,REF_hold_1-holdnorm,0.0989010989010989,0.9728997289972899,0.8861649642137448,1.0,0.9560439560439561,0.8690081755593804,1.0
0.1,qwen/S1,M0_always_merge,0.0989010989010989,,,,0.9010989010989011,0.7560975609756098,1.0
0.1,qwen/P,M3_unlabeled_Dhat,0.07692307692307693,0.9880952380952381,0.9258258258258258,1.0,0.7252747252747253,0.5,0.9156626506024096
0.1,qwen/P,M1_within,0.07692307692307693,0.4302721088435374,0.025974025974025976,0.9213815789473683,0.9120879120879121,0.7590361445783133,1.0
0.1,qwen/P,M1_lobo,0.07692307692307693,0.8129251700680272,0.5596119929453263,1.0,0.8351648351648352,0.627906976744186,1.0
0.1,qwen/P,M2_tv_cosine,0.07692307692307693,0.8299319727891157,0.60947505771354,0.9876543209876543,,,
0.1,qwen/P,M2_O_A,0.07692307692307693,0.717687074829932,0.3108108108108108,0.9828480784087843,,,
0.1,qwen/P,REF_hold_1-holdnorm,0.07692307692307693,0.9897959183673469,0.9463748747076511,1.0,0.945054945054945,0.85,1.0
0.1,qwen/P,M0_always_merge,0.07692307692307693,,,,0.9230769230769231,0.7764705882352941,1.0
0.1,qwen/all,M3_unlabeled_Dhat,0.08791208791208792,0.9626004016064257,0.9042525749451845,1.0,0.7106227106227107,0.5039204879482657,0.8875024224806201
0.1,qwen/all,M1_within,0.08791208791208792,0.4024431057563588,0.10858837224996626,0.7189759296271621,0.9084249084249084,0.7901124338624338,0.9839357429718876
0.1,qwen/all,M1_lobo,0.08791208791208792,0.6355421686746988,0.43907177973828826,0.8659123110469128,0.8681318681318682,0.7549479971166718,0.9607957136342908
0.1,qwen/all,M2_tv_cosine,0.08791208791208792,0.6025769745649264,0.33766579682498854,0.8130003452218478,,,
0.1,qwen/all,M2_O_A,0.08791208791208792,0.6164658634538153,0.3743339495432797,0.8081739727841497,,,
0.1,qwen/all,REF_hold_1-holdnorm,0.08791208791208792,0.9754016064257028,0.9287640128511838,1.0,0.9523809523809523,0.8914434304778727,0.9920634920634921
0.1,qwen/all,M0_always_merge,0.08791208791208792,,,,0.9120879120879121,0.7958170180722891,0.9841269841269841
0.1,all/all,M3_unlabeled_Dhat,0.052564102564102565,0.9619129344202779,0.922821653050885,0.9944904180141335,0.6923076923076923,0.5079257829257829,0.8667224546722452
0.1,all/all,M1_within,0.052564102564102565,0.424865507112446,0.1865976715098456,0.7320533711409198,0.9461538461538461,0.8952236652236653,0.9854511732229123
0.1,all/all,M1_lobo,0.052564102564102565,0.4942737384072082,0.29063117480522543,0.6902788232252816,0.9320512820512821,0.8785236565797281,0.9806225574988788
0.1,all/all,M2_tv_cosine,0.052564102564102565,0.5944090564045018,0.4006853909275309,0.8180783003529364,,,
0.1,all/all,M2_O_A,0.052564102564102565,0.6466220007260965,0.3730343866976184,0.9068288163111732,,,
0.1,all/all,REF_hold_1-holdnorm,0.052564102564102565,0.9825736822997458,0.9554878242198817,0.9990895591387304,0.9692307692307692,0.9294087938205585,0.994128200217072
0.1,all/all,M0_always_merge,0.052564102564102565,,,,0.9474358974358974,0.8966782931958885,0.9862258953168044
