grid,scope,rule,regret_pp,regret_lo,regret_hi,meanDsel_test_pct,removed_vs_W1,removed_vs_W1_lo,removed_vs_W1_hi,removed_vs_W2,removed_vs_W2_lo,removed_vs_W2_hi,match_sel
G4,bert/R0,W1,5.513142622648903,2.622588373757805,9.015990315223528,4.421907054453741,0.0,0.0,0.0,-1.3482204939811226,-5.2541009837135695,0.09355471965001193,0.0989010989010989
G4,bert/R0,W2,2.3477959743473833,1.1325706312376604,3.8960711340820313,4.421907054453741,0.5741456125763464,-0.10321056383338345,0.8401048866493461,0.0,0.0,0.0,0.24175824175824176
G4,bert/R0,W3,0.6842551518742999,-0.06413776485666554,1.7276700587635614,4.421907054453741,0.8758865498847669,0.7580168880638133,1.0200274556483033,0.7085542528607061,0.0378963190268269,1.0342454972104866,0.6483516483516484
G4,bert/R0,W4,5.513142622648903,2.622588373757805,9.015990315223528,4.421907054453741,0.0,0.0,0.0,-1.3482204939811226,-5.2541009837135695,0.09355471965001193,0.0989010989010989
G4,bert/R0,U1_agree,0.2681844862591866,-0.17976347546870233,0.7136458069453375,4.421907054453741,0.951355423827158,0.8501715352733555,1.0447195634358983,0.8857718093099065,0.6523063225742923,1.1025455070378254,0.7472527472527473
G4,bert/R0,Lcal_labeled_ref,0.5010276891103251,-0.04789666686128703,1.0589259167384186,4.421907054453741,0.9091212175335315,0.7783776509361562,1.0101460967087965,0.7865965805441865,0.4620726396711696,1.0240594918902197,0.6373626373626373
G4,bert/R0,evalopt_test,-0.22797396341355186,-0.6551430090761887,-0.027321755518902396,4.421907054453741,1.0413510005123026,1.0051830064197445,1.182246155324904,1.0971012668496127,1.009052621074925,1.4039532210924386,0.8241758241758241
G4,bert/R0,F1_within,0.6700764480136934,-0.09759466529306679,1.7020675262188427,4.421907054453741,0.8784583505493022,0.7599839366542523,1.0252426813651148,0.7145934078876022,0.045456692017092626,1.0455634879805118,0.6593406593406593
G4,bert/R0,F2_within,1.4102249421269148,0.08323831440982472,3.55064993864345,4.421907054453741,0.744206700488125,0.15792607131389835,0.9808740109346271,0.39934093186316366,-0.5434578501937972,0.9538406720233067,0.5824175824175825
G4,bert/R0,F3_within,1.056408636848833,0.16680122230133054,2.195662769866006,4.421907054453741,0.8083835828028589,0.569289632926604,0.956284869956078,0.5500424021544363,-0.16480782422039353,0.9243516683912186,0.6153846153846154
G4,bert/R0,F1_lobo,0.6700764480136934,-0.09759466529306679,1.7020675262188427,4.421907054453741,0.8784583505493022,0.7599839366542523,1.0252426813651148,0.7145934078876022,0.045456692017092626,1.0455634879805118,0.6593406593406593
G4,bert/R0,F2_lobo,1.2673005215092208,0.06758050484848831,2.9410387720902587,4.421907054453741,0.7701310108860706,0.5848094115045704,0.9828964810088383,0.46021692883194754,-0.8695651231342275,0.9675846627956449,0.5714285714285714
G4,bert/R0,F3_lobo,1.7517044102686707,0.29361898089100785,3.817964935334454,4.421907054453741,0.6822675323013813,0.4662950370429099,0.9355125023287133,0.25389410774690846,-1.4657739693171283,0.8803339632272785,0.5604395604395604
G4,bert/S1,W1,5.499318187933816,2.28243960008034,9.776493792752557,4.791491332464486,0.0,0.0,0.0,-1.4129475902651278,-5.652249024530443,0.2216712050919139,0.15384615384615385
G4,bert/S1,W2,2.279087291460635,1.2204945273985457,3.597297268181856,4.791491332464486,0.5855691171932488,-0.2848076428543169,0.849674818726265,0.0,0.0,0.0,0.2087912087912088
G4,bert/S1,W3,0.7194970654424664,0.01113559124276849,2.017314365937263,4.791491332464486,0.8691661328087668,0.7446582595874577,0.9965120140975202,0.684304735435846,-0.18295784491446482,0.9956707489984514,0.6263736263736264
G4,bert/S1,W4,5.499318187933816,2.28243960008034,9.776493792752557,4.791491332464486,0.0,0.0,0.0,-1.4129475902651278,-5.652249024530443,0.2216712050919139,0.15384615384615385
G4,bert/S1,U1_agree,0.2689357265343682,-0.08188012743168516,0.9266398950547092,4.791491332464486,0.9510965328166596,0.8323933499847044,1.017186189078278,0.881998496704349,0.5001468409094226,1.0313740616409002,0.7582417582417582
G4,bert/S1,Lcal_labeled_ref,0.16955166021887,-0.1072944261596273,0.5076520921728679,4.791491332464486,0.9691686033750716,0.861180346495337,1.0192199778014128,0.9256054558093706,0.6988835544984682,1.0447402048418277,0.7472527472527473
G4,bert/S1,evalopt_test,-0.23214613301881765,-0.4977707026682906,-0.038099078680974854,4.791491332464486,1.0422136208681605,1.0062584276569322,1.147642079288811,1.1018592547501938,1.0141734391199486,1.307184826302048,0.8241758241758241
G4,bert/S1,F1_within,0.7170552316936417,0.008792003488808464,2.013295097807087,4.791491332464486,0.8696101576251853,0.7457212015349546,0.9973034871879611,0.685376144046641,-0.18145794288048714,0.9966264106063756,0.6373626373626373
G4,bert/S1,F2_within,1.2450194116377884,0.1702516623257502,2.8801680094267335,4.791491332464486,0.773604768974904,0.3304167848828607,0.95601567856393,0.4537201728504777,-0.5508408166842403,0.9209683893106179,0.5494505494505495
G4,bert/S1,F3_within,0.9117232392772185,0.1450567701704036,2.059195023255103,4.791491332464486,0.834211586214878,0.6307500294514566,0.9614313111691938,0.5999612464633121,-0.12894177196497775,0.9271977855179693,0.5494505494505495
G4,bert/S1,F1_lobo,0.7170552316936417,0.008792003488808464,2.013295097807087,4.791491332464486,0.8696101576251853,0.7457212015349546,0.9973034871879611,0.685376144046641,-0.18145794288048714,0.9966264106063756,0.6373626373626373
G4,bert/S1,F2_lobo,1.8937967704947467,0.3157113327331387,4.297272907956508,4.791491332464486,0.6556306244199561,0.41848606511940317,0.9085749807916539,0.1690547450330263,-1.6943206140047633,0.8491306007214778,0.4945054945054945
G4,bert/S1,F3_lobo,1.735528559020002,0.5691227239490443,3.6731208413717686,4.791491332464486,0.6844102305576778,0.43200646483784716,0.8710458493697674,0.2384984263118214,-1.3948119769564193,0.7920845972274974,0.4945054945054945
G4,bert/P,W1,4.815360010592501,2.2000521175121386,8.556344752025229,4.184620730257567,0.0,0.0,0.0,-0.8533601275799649,-3.4686752333295483,0.2721199404391362,0.15384615384615385
G4,bert/P,W2,2.5981782703398197,1.5528246764401568,3.944992654202124,4.184620730257567,0.46043945527966257,-0.37385293235862127,0.7762200292352452,0.0,0.0,0.0,0.2087912087912088
G4,bert/P,W3,0.6191112673239088,0.05331967340109943,1.8404435058139395,4.184620730257567,0.8714299105441691,0.7246730811306529,0.9852532822684034,0.7617133226031737,0.2141961738375658,0.9788364720114837,0.6483516483516484
G4,bert/P,W4,4.815360010592501,2.2000521175121386,8.556344752025229,4.184620730257567,0.0,0.0,0.0,-0.8533601275799649,-3.4686752333295483,0.2721199404391362,0.15384615384615385
G4,bert/P,U1_agree,0.19356434878555648,0.027663265146533614,0.48155191043147194,4.184620730257567,0.9598027253705296,0.9018153125255218,0.9948395310524929,0.9254999739643578,0.8006138756691044,0.9899219479176674,0.7802197802197802
G4,bert/P,Lcal_labeled_ref,0.2057822225488554,-0.035295959019865486,0.63651706050847,4.184620730257567,0.9572654542762764,0.860340262548958,1.0093803026564947,0.9207974968854078,0.6831160738420197,1.012002447509576,0.7362637362637363
G4,bert/P,evalopt_test,-0.11528110760522943,-0.28008907003679967,-0.01600755360948031,4.184620730257567,1.0239402884419113,1.0031588458301823,1.083897332179902,1.044369976041002,1.0053296758421078,1.1183827768196475,0.8461538461538461
G4,bert/P,F1_within,0.6901982708740223,0.08982535187299098,1.9496182199121672,4.184620730257567,0.8566673583375343,0.7061770066886043,0.9768324340827942,0.734352996962079,0.17323673588079605,0.9631971189653791,0.6373626373626373
G4,bert/P,F2_within,1.0239651440833748,0.09727658041049042,2.4914998409135642,4.184620730257567,0.787354394722113,0.3125662306533301,0.9760827685976966,0.6058911138728564,0.10203723224075933,0.9562854910075211,0.6483516483516484
G4,bert/P,F3_within,0.9666598694470737,0.21466298342267637,2.0341384718029563,4.184620730257567,0.79925491192337,0.5284827262671106,0.9353677419830257,0.6279470579512456,0.06274745251580015,0.9067066196201525,0.5934065934065934
G4,bert/P,F1_lobo,0.6901982708740223,0.08982535187299098,1.9496182199121672,4.184620730257567,0.8566673583375343,0.7061770066886043,0.9768324340827942,0.734352996962079,0.17323673588079605,0.9631971189653791,0.6373626373626373
G4,bert/P,F2_lobo,1.7258623195306213,0.35933162936283963,3.7811672404879584,4.184620730257567,0.6415922556705653,0.40130770923456,0.8958342967710538,0.33574137724395137,-0.7487357178434979,0.8496362773986312,0.4945054945054945
G4,bert/P,F3_lobo,1.9950615800586367,0.7907329527418661,3.7991471632310487,4.184620730257567,0.585687970230671,0.3446790772819602,0.7963226717028974,0.23213060364880223,-0.992419924743394,0.7304624030020351,0.42857142857142855
G4,bert/all,W1,5.275940273725072,2.606189513067077,9.200006994505983,4.466006372391932,0.0,0.0,0.0,-1.1906831854630937,-4.618633595884563,0.1586356596372429,0.13553113553113552
G4,bert/all,W2,2.4083538453826123,1.3223780867286312,3.6950920939444836,4.466006372391932,0.5435213970528524,-0.18854573940098376,0.8220207844216496,0.0,0.0,0.0,0.21978021978021978
G4,bert/all,W3,0.6742878282135583,0.09537318412849423,1.7434713664156292,4.466006372391932,0.8721957047975681,0.7585085156713913,0.9711686860917976,0.720021279470071,0.07036366547160341,0.9626484858907679,0.6410256410256411
G4,bert/all,W4,5.275940273725072,2.606189513067077,9.200006994505983,4.466006372391932,0.0,0.0,0.0,-1.1906831854630937,-4.618633595884563,0.1586356596372429,0.13553113553113552
G4,bert/all,U1_agree,0.2435615205263704,0.02106419277739888,0.592700057884271,4.466006372391932,0.9538354287785741,0.8876798239746215,0.9957664949677426,0.8988680500611088,0.6996816049250257,0.9896964077575364,0.7619047619047619
G4,bert/all,Lcal_labeled_ref,0.2921205239593502,0.09613100747147504,0.5804421804287491,4.466006372391932,0.9446315710937534,0.8735860007400592,0.9839794594341563,0.8787053137895767,0.6578047333072219,0.9620406890242611,0.706959706959707
G4,bert/all,evalopt_test,-0.19180040134586632,-0.4149766244636338,-0.046904363134529024,4.466006372391932,1.036353785561421,1.0086219946746653,1.10980574466783,1.079639626757336,1.0182250655376894,1.2201461361081931,0.8315018315018315
G4,bert/all,F1_within,0.6924433168604525,0.1073982498541404,1.7667798689481515,4.466006372391932,0.8687545193964916,0.7542189397508884,0.9702502263827066,0.7124827324738716,0.04295361217739296,0.9551050855765868,0.6446886446886447
G4,bert/all,F2_within,1.2264031659493593,0.1707179999992725,2.9422608316791274,4.466006372391932,0.7675479436230505,0.2824031748197884,0.9574797956045071,0.4907711886686974,-0.24122520785436108,0.9177397555168276,0.5934065934065934
G4,bert/all,F3_within,0.9782639151910417,0.270750035986307,1.9091022913472135,4.466006372391932,0.8145801763407114,0.6163995665898723,0.9338026965038754,0.5938039100580645,-0.03830041298173643,0.8740685220764667,0.5860805860805861
G4,bert/all,F1_lobo,0.6924433168604525,0.1073982498541404,1.7667798689481515,4.466006372391932,0.8687545193964916,0.7542189397508884,0.9702502263827066,0.7124827324738716,0.04295361217739296,0.9551050855765868,0.6446886446886447
G4,bert/all,F2_lobo,1.6289865371781964,0.3490104429577385,3.5348461784593463,4.466006372391932,0.691242422646295,0.4791326511834966,0.9100107064111126,0.323609966906918,-1.036373265664574,0.8433326291210215,0.5201465201465202
G4,bert/all,F3_lobo,1.8274315164491033,0.7068296760271131,3.6165419759742643,4.466006372391932,0.6536292259504963,0.4465098879418251,0.8375847157754838,0.24121136935391596,-1.2004650134239776,0.7352927319179428,0.4945054945054945
G4,roberta/R0,W1,0.9803985875275822,0.3357696826086269,2.0305246468103983,2.6329890335489026,0.0,0.0,0.0,-0.015236857227551193,-2.400405600430657,0.7301048942109168,0.32051282051282054
G4,roberta/R0,W2,0.9656845893133681,0.3749372708373164,1.7331197775380502,2.6329890335489026,0.015008179735673255,-2.6820620477858506,0.7105683681088273,0.0,0.0,0.0,0.16666666666666666
G4,roberta/R0,W3,0.2230560123839348,-0.07003815884414574,0.7950568042229402,2.6329890335489026,0.772484359706751,0.19376632605369623,1.098581873739955,0.7690177363785679,0.2606800469855321,1.1405823789749228,0.5512820512820513
G4,roberta/R0,W4,0.9803985875275822,0.3357696826086269,2.0305246468103983,2.6329890335489026,0.0,0.0,0.0,-0.015236857227551193,-2.400405600430657,0.7301048942109168,0.32051282051282054
G4,roberta/R0,U1_agree,0.09842351136400948,-0.04597414372424153,0.29859745036523666,2.6329890335489026,0.8996086769033207,0.5516977539804507,1.0566334036297436,0.8980790286464116,0.7644584415938545,1.0858487185181334,0.5641025641025641
G4,roberta/R0,Lcal_labeled_ref,0.019085087129055378,-0.09191474355392244,0.1590479062448893,2.6329890335489026,0.9805333388156086,0.7205861281252943,1.1168739158429282,0.9802367280784449,0.8554131214674212,1.1373992374172683,0.6282051282051282
G4,roberta/R0,evalopt_test,-0.14841794565762692,-0.27422811771728905,-0.0540644801968365,2.6329890335489026,1.1513853115924153,1.0476319827504244,1.4840380984797896,1.1536919479714973,1.044497337488359,1.516967122914764,0.6666666666666666
G4,roberta/R0,F1_within,0.20874406492810238,-0.09614766037774578,0.7968723028550253,2.6329890335489026,0.7870824503587632,0.2110219599874098,1.1295437381097881,0.7838382560536397,0.25102044433599835,1.2041464387514345,0.5128205128205128
G4,roberta/R0,F2_within,0.27928493827124495,-0.04810084805114008,0.8454838100696387,2.6329890335489026,0.7151312314968143,0.13342163491524317,1.070522974411962,0.7107907267425431,0.16848787668607304,1.0941243929621964,0.5
G4,roberta/R0,F3_within,0.3706021326414726,-0.006525940207710544,0.9574624119094016,2.6329890335489026,0.6219883041895486,-0.07805005122866002,1.0098914125237084,0.6162285939501403,-0.20678687450773342,1.010071364612088,0.5
G4,roberta/R0,F1_lobo,0.20874406492810238,-0.09614766037774578,0.7968723028550253,2.6329890335489026,0.7870824503587632,0.2110219599874098,1.1295437381097881,0.7838382560536397,0.25102044433599835,1.2041464387514345,0.5128205128205128
G4,roberta/R0,F2_lobo,0.3140711899223295,-0.05291486994284147,0.9017434977054242,2.6329890335489026,0.6796494875473353,-0.06442090552443594,1.0759874589115355,0.6747683525263213,0.18622755153250653,1.1082694995347953,0.47435897435897434
G4,roberta/R0,F3_lobo,0.3363017378760564,-0.06934394023488846,1.0910127363869444,2.6329890335489026,0.6569744773662325,-0.2205902996146188,1.1002791709575046,0.6517478464524556,0.12580281876966762,1.1536216899962273,0.47435897435897434
G4,roberta/S1,W1,0.9747382385602068,0.2666711111085086,2.2048620040308027,2.2774321904241073,0.0,0.0,0.0,0.08048890247525398,-2.030331780668276,0.8167804109821545,0.28205128205128205
G4,roberta/S1,W2,1.0600614187084072,0.484425413184161,1.7891702787426569,2.2774321904241073,-0.08753445465957288,-4.126247050446604,0.6718848668313192,0.0,0.0,0.0,0.1794871794871795
G4,roberta/S1,W3,0.18793839590692088,-0.1485457436187248,0.6323886939952115,2.2774321904241073,0.807190906776648,0.044132163182773895,1.2859593034555072,0.8227098990774445,0.44681284298318347,1.2150592556457658,0.5
G4,roberta/S1,W4,0.9747382385602068,0.2666711111085086,2.2048620040308027,2.2774321904241073,0.0,0.0,0.0,0.08048890247525398,-2.030331780668276,0.8167804109821545,0.28205128205128205
G4,roberta/S1,U1_agree,0.14477163490510794,-0.1493176308271158,0.4450336520679071,2.2774321904241073,0.8514763972746661,0.22227374470152372,1.2372364581450284,0.8634308990496988,0.6116822126632215,1.2308611377189809,0.5256410256410257
G4,roberta/S1,Lcal_labeled_ref,0.1533867444825086,-0.14823637494618044,0.45139815076149364,2.2774321904241073,0.842638014582174,0.43402995217490026,1.3160524989349374,0.8553039080797817,0.49185096409622375,1.1671807135933938,0.3974358974358974
G4,roberta/S1,evalopt_test,-0.2034488999819719,-0.44943146961324093,-0.0658900289697964,2.2774321904241073,1.2087215746070328,1.0462632811284243,1.9950226175978627,1.1919218041440058,1.0524296082149018,1.5858842014775227,0.6923076923076923
G4,roberta/S1,F1_within,0.1379401141369014,-0.18870362602795035,0.5880782372167587,2.2774321904241073,0.8584849668556619,0.10371654328849701,1.355005123497679,0.8698753565571988,0.5061036040501815,1.258938970368173,0.5384615384615384
G4,roberta/S1,F2_within,0.2542380037414887,-0.05921568053349769,0.7107976289019466,2.2774321904241073,0.7391730480205377,-0.15459130536821197,1.1205081200493001,0.7601667231213305,0.41806140697259114,1.0784217882148386,0.4230769230769231
G4,roberta/S1,F3_within,0.28765639953182587,-0.060232472231832604,0.8028782711766461,2.2774321904241073,0.7048885658197577,-0.22075260901720922,1.1372263515515157,0.7286417612648235,0.29206976122633194,1.0939971077857964,0.44871794871794873
G4,roberta/S1,F1_lobo,0.1379401141369014,-0.18870362602795035,0.5880782372167587,2.2774321904241073,0.8584849668556619,0.10371654328849701,1.355005123497679,0.8698753565571988,0.5061036040501815,1.258938970368173,0.5384615384615384
G4,roberta/S1,F2_lobo,0.3878751570037388,-0.06624627007790433,1.0626394712020721,2.2774321904241073,0.6020724932504216,-0.9319806958786595,1.102967292881399,0.6341012415334094,0.23966243246930927,1.103231962637799,0.5
G4,roberta/S1,F3_lobo,0.35888702963310115,-0.11224810976739481,1.032204720437208,2.2774321904241073,0.6318118901714413,-1.0350595726211742,1.1545950701596697,0.6614469470359804,0.31745704999184643,1.1819689732925962,0.5128205128205128
G4,roberta/P,W1,0.8982734269233327,0.26664721301852934,1.8669860049066365,2.44934349366669,0.0,0.0,0.0,0.08301888388761514,-1.8045180873313722,0.7662338408757218,0.2692307692307692
G4,roberta/P,W2,0.9795986101999953,0.5217319113750402,1.525988301882804,2.44934349366669,-0.09053499840823376,-3.2599184824826404,0.643641324148233,0.0,0.0,0.0,0.19230769230769232
G4,roberta/P,W3,0.058365862511246556,-0.11354970971997523,0.286288311671923,2.44934349366669,0.9350243915027578,0.6741565229341214,1.20808634082651,0.9404185940001175,0.6595337535102469,1.1449343974510606,0.5512820512820513
G4,roberta/P,W4,0.8982734269233327,0.26664721301852934,1.8669860049066365,2.44934349366669,0.0,0.0,0.0,0.08301888388761514,-1.8045180873313722,0.7662338408757218,0.2692307692307692
G4,roberta/P,U1_agree,-0.06470508345215424,-0.3197485812331709,0.054156899911159614,2.44934349366669,1.0720327257968378,0.9036980396066238,1.5076686760395168,1.0660526492978017,0.9301260621756235,1.306428633095281,0.6794871794871795
G4,roberta/P,Lcal_labeled_ref,-0.007508463163870384,-0.26627158199910383,0.1724007130132289,2.44934349366669,1.0083587724392422,0.7149081537225865,1.4105463832158203,1.0076648364806657,0.8153358768957865,1.248879380944237,0.6538461538461539
G4,roberta/P,evalopt_test,-0.18136361460479436,-0.4198946967064275,-0.05212402994897237,2.44934349366669,1.2019024599513992,1.0498440505319457,1.8649908951885645,1.1851407430720702,1.0545349507882877,1.4243641115747616,0.6794871794871795
G4,roberta/P,F1_within,0.04748127088291067,-0.13168036775395037,0.28816263653891755,2.44934349366669,0.9471416280836245,0.6819948850579932,1.2362768704263605,0.9515298711242385,0.677692939687768,1.1536838257096371,0.5384615384615384
G4,roberta/P,F2_within,0.07723720147788307,-0.10185686586842684,0.3245691113776889,2.44934349366669,0.9140159341655831,0.5699489360337885,1.2187369920747544,0.9211542353432757,0.627165937441805,1.126594653963135,0.5
G4,roberta/P,F3_within,0.1509794860534542,-0.08745934257037626,0.4981730164127774,2.44934349366669,0.8319225733187137,0.46707039015281954,1.194908807012235,0.8458761736884965,0.30727574863139356,1.1027422184038704,0.44871794871794873
G4,roberta/P,F1_lobo,0.04748127088291067,-0.13168036775395037,0.28816263653891755,2.44934349366669,0.9471416280836245,0.6819948850579932,1.2362768704263605,0.9515298711242385,0.677692939687768,1.1536838257096371,0.5384615384615384
G4,roberta/P,F2_lobo,0.02887023189763516,-0.15859584773209157,0.27711742014996543,2.44934349366669,0.9678603073047387,0.6942823828504028,1.2465515215249532,0.9705285087207902,0.7053194500261106,1.1939271751801164,0.5641025641025641
G4,roberta/P,F3_lobo,0.028559494512385156,-0.15932297321357658,0.27711742014996543,2.44934349366669,0.9682062346982655,0.6953406763419059,1.2476312008696009,0.9708457176082004,0.705753083168403,1.1944046742042014,0.5769230769230769
G4,roberta/all,W1,0.9511367510037072,0.31535662358070093,1.9766823518567258,2.4532549058799,0.0,0.0,0.0,0.05055472317199605,-1.7466969217252495,0.7511289994056335,0.2905982905982906
G4,roberta/all,W2,1.0017815394072571,0.5137074528006136,1.6500629969457559,2.4532549058799,-0.05324658977807961,-2.9175071477417163,0.6377896046078187,0.0,0.0,0.0,0.1794871794871795
G4,roberta/all,W3,0.15645342360070078,-0.07054530374108295,0.533420258254639,2.4532549058799,0.8355090123101647,0.41244816281146457,1.1122454669744803,0.8438248086571125,0.5115482579562814,1.0950750353480423,0.5341880341880342
G4,roberta/all,W4,0.9511367510037072,0.31535662358070093,1.9766823518567258,2.4532549058799,0.0,0.0,0.0,0.05055472317199605,-1.7466969217252495,0.7511289994056335,0.2905982905982906
G4,roberta/all,U1_agree,0.05949668760565439,-0.08311756868781396,0.19215079695066892,2.4532549058799,0.9374467577423864,0.7248476209635025,1.1040680785220882,0.9406091195882309,0.8012267191114214,1.0934863960857744,0.5897435897435898
G4,roberta/all,Lcal_labeled_ref,0.05498778948256454,-0.11504195665902862,0.1959769433941189,2.4532549058799,0.9421872938622785,0.6838201672434074,1.1503423407731026,0.945109999216895,0.7646013504543572,1.1020543028005139,0.5598290598290598
G4,roberta/all,evalopt_test,-0.1777434867481311,-0.2981330009656105,-0.08200326982687554,2.4532549058799,1.1868747964586202,1.0726703667430308,1.6185103978556254,1.1774273928558316,1.0768062911229181,1.351072810746989,0.6794871794871795
G4,roberta/all,F1_within,0.1313884833159715,-0.09551288638128105,0.5214926775525235,2.4532549058799,0.8618616269665523,0.4357380249800725,1.1612504558707093,0.8688451741746882,0.5353522931554421,1.1344645224319212,0.5299145299145299
G4,roberta/all,F2_within,0.20358671449687227,-0.036361718683173845,0.5733979227210624,2.4532549058799,0.785954318049394,0.31276904074730655,1.0691326894429296,0.796775338246568,0.4867710172239874,1.0561217849984263,0.47435897435897434
G4,roberta/all,F3_within,0.26974600607558424,-0.008789288886833613,0.7645608304037832,2.4532549058799,0.71639619035756,0.17617093601696004,1.020656694827122,0.730733702444557,0.22176706047706723,1.014290735656378,0.4658119658119658
G4,roberta/all,F1_lobo,0.1313884833159715,-0.09551288638128105,0.5214926775525235,2.4532549058799,0.8618616269665523,0.4357380249800725,1.1612504558707093,0.8688451741746882,0.5353522931554421,1.1344645224319212,0.5299145299145299
G4,roberta/all,F2_lobo,0.2436055262745678,-0.04440596534516497,0.6994501387500652,2.4532549058799,0.7438795987879787,0.11397110729695399,1.0684784456286216,0.756827694769953,0.41951871266278024,1.0717049374645118,0.5128205128205128
G4,roberta/all,F3_lobo,0.2412494206738476,-0.05108674572590399,0.7275406364624106,2.4532549058799,0.7463567458420001,0.06640119223293739,1.088081416280272,0.759179610340402,0.4415175927137158,1.0824430011166022,0.5213675213675214
G4,qwen/R0,W1,3.0537939886577257,1.5237544651156005,5.083970338284562,4.080953402947562,0.0,0.0,0.0,-1.839490631206337,-9.094163396422797,0.03439884031114834,0.12087912087912088
G4,qwen/R0,W2,1.0754724650598138,0.37861602624783763,1.9626638630198943,4.080953402947562,0.6478241593721487,-0.03395628012815957,0.9010401750097339,0.0,0.0,0.0,0.37362637362637363
G4,qwen/R0,W3,1.1082802089532162,0.3371983117583722,2.426272983233034,4.080953402947562,0.6370808859177979,0.4628570886233942,0.8289679568808102,-0.03050542432211678,-3.0357886775414724,0.786334497861978,0.4725274725274725
G4,qwen/R0,W4,3.0537939886577257,1.5237544651156005,5.083970338284562,4.080953402947562,0.0,0.0,0.0,-1.839490631206337,-9.094163396422797,0.03439884031114834,0.12087912087912088
G4,qwen/R0,U1_agree,0.046469557816976294,-0.1846035211917239,0.24299550231433778,4.080953402947562,0.9847830082875362,0.9002655262850757,1.0560521586813592,0.9567914945973146,0.7025271304843205,1.2638143356142328,0.6813186813186813
G4,qwen/R0,Lcal_labeled_ref,0.13142982410430518,-0.08672528367159747,0.3758825360530133,4.080953402947562,0.9569617909418722,0.8350489753309157,1.027938540608435,0.8777934085955463,0.45878933965203145,1.0918422615187804,0.7362637362637363
G4,qwen/R0,evalopt_test,-0.2155157995197125,-0.4673410952658054,-0.04466324485684964,4.080953402947562,1.0705731297920462,1.0173593275786021,1.1629919699837854,1.2003917408594242,1.0294610461391194,1.9433588118522391,0.6923076923076923
G4,qwen/R0,F1_within,1.1082802089532162,0.3371983117583722,2.426272983233034,4.080953402947562,0.6370808859177979,0.4628570886233942,0.8289679568808102,-0.03050542432211678,-3.0357886775414724,0.786334497861978,0.4725274725274725
G4,qwen/R0,F2_within,1.2306346813127136,0.4293161307621802,2.5181896105589705,4.080953402947562,0.5970145052732811,0.3799011081902912,0.7987051967548167,-0.1442735367885688,-3.211328654285979,0.6902865867865258,0.4835164835164835
G4,qwen/R0,F3_within,1.4359955879861483,0.5752658791745316,2.6927453640162686,4.080953402947562,0.5297667120573086,0.20227986923243388,0.7684792657944212,-0.33522301559462386,-3.3712358689993387,0.5272336236316839,0.4065934065934066
G4,qwen/R0,F1_lobo,1.1082802089532162,0.3371983117583722,2.426272983233034,4.080953402947562,0.6370808859177979,0.4628570886233942,0.8289679568808102,-0.03050542432211678,-3.0357886775414724,0.786334497861978,0.4725274725274725
G4,qwen/R0,F2_lobo,0.9587536620357123,0.3842574233887433,1.7128022308022195,4.080953402947562,0.6860450752091742,0.3355427244411376,0.8817856293417753,0.10852793243535985,-1.588996095765653,0.6930294196124027,0.43956043956043955
G4,qwen/R0,F3_lobo,8.433209761869897,4.822683488737616,12.261400550083392,4.080953402947562,-1.7615516282998045,-5.57017249855612,-0.16276324234235237,-6.841399976149899,-14.380362940520595,-4.149908647126975,0.04395604395604396
G4,qwen/S1,W1,2.077951578127071,0.7549901650118872,3.8608093573961697,4.250465096685795,0.0,0.0,0.0,0.15521796214320904,-1.18865982950726,0.7544378058536206,0.27472527472527475
G4,qwen/S1,W2,2.459748769515539,1.1618520507579002,4.260628902201714,4.250465096685795,-0.18373728984223714,-3.0722881116885503,0.5430952412200997,0.0,0.0,0.0,0.1978021978021978
G4,qwen/S1,W3,0.7632644790979742,0.05166314647252496,1.7144098967217094,4.250465096685795,0.6326841842070591,0.33237975014324583,0.9584460067030135,0.6896981965974097,0.2001500094744956,0.970089026776952,0.4945054945054945
G4,qwen/S1,W4,2.077951578127071,0.7549901650118872,3.8608093573961697,4.250465096685795,0.0,0.0,0.0,0.15521796214320904,-1.18865982950726,0.7544378058536206,0.27472527472527475
G4,qwen/S1,U1_agree,-0.004331209731646162,-0.21750877414189862,0.27853879839515866,4.250465096685795,1.0020843650916784,0.8517499419092562,1.1688435573143234,1.0017608341897857,0.8438803120813335,1.0980058826664116,0.7252747252747253
G4,qwen/S1,Lcal_labeled_ref,0.06610140407654307,-0.2563088423892499,0.5786853766340326,4.250465096685795,0.9681891509059501,0.7652147067051548,1.2547868814846248,0.9731267660763737,0.6909105487256374,1.1095672100393856,0.6593406593406593
G4,qwen/S1,evalopt_test,-0.1987500348343879,-0.41640624518118186,-0.058339067795432055,4.250465096685795,1.095647096364742,1.0190357419276528,1.4097645900893034,1.0808009489820918,1.0195391183648943,1.247878944551521,0.6923076923076923
G4,qwen/S1,F1_within,0.7632644790979742,0.05166314647252496,1.7144098967217094,4.250465096685795,0.6326841842070591,0.33237975014324583,0.9584460067030135,0.6896981965974097,0.2001500094744956,0.970089026776952,0.4945054945054945
G4,qwen/S1,F2_within,0.9394772234777858,0.2465476253791872,1.8554002071722355,4.250465096685795,0.5478830048943832,0.09425126868282899,0.8131194242031422,0.6180596835249882,0.15635735250161162,0.8758920705653633,0.4725274725274725
G4,qwen/S1,F3_within,0.9466039517809981,0.27317339835106774,1.8565515866464213,4.250465096685795,0.5444533155896709,0.08739359287812719,0.804819091309119,0.6151623436049378,0.14449669947807345,0.8776804482580891,0.4725274725274725
G4,qwen/S1,F1_lobo,0.7632644790979742,0.05166314647252496,1.7144098967217094,4.250465096685795,0.6326841842070591,0.33237975014324583,0.9584460067030135,0.6896981965974097,0.2001500094744956,0.970089026776952,0.4945054945054945
G4,qwen/S1,F2_lobo,3.025707371746971,0.851651340618954,6.4376871802486,4.250465096685795,-0.4561010004256907,-3.979454407646092,0.5098811832438217,-0.23008797046492702,-1.0067035309937722,0.45725208962586883,0.34065934065934067
G4,qwen/S1,F3_lobo,9.448605600626001,5.345285246128312,14.313642700930929,4.250465096685795,-3.547076890570449,-14.29748409353196,-0.94629411836555,-2.8412888819076247,-4.453720341514893,-1.9721485179396545,0.04395604395604396
G4,qwen/P,W1,0.9940317537289853,0.1833850079335925,2.537148298304517,3.718687488129279,0.0,0.0,0.0,0.7397908568618584,0.20505534489406965,0.9632292647038766,0.5274725274725275
G4,qwen/P,W2,3.820126155987021,2.163069102976735,6.059408855338271,3.718687488129279,-2.8430624994184517,-26.195556444642822,-0.25794925658850615,0.0,0.0,0.0,0.01098901098901099
G4,qwen/P,W3,0.8046054042560044,0.16501252955369738,1.7052479277888706,3.718687488129279,0.19056368044820682,-4.5268996767467335,0.8062933357376528,0.789377268864537,0.6181497026560293,0.9392157311414887,0.45054945054945056
G4,qwen/P,W4,0.9940317537289853,0.1833850079335925,2.537148298304517,3.718687488129279,0.0,0.0,0.0,0.7397908568618584,0.20505534489406965,0.9632292647038766,0.5274725274725275
G4,qwen/P,U1_agree,0.05475032354289831,-0.1928246970001682,0.3345120309046344,3.718687488129279,0.9449209511290667,0.4241046705944917,1.3011808777537714,0.9856679278884306,0.9239974181459355,1.0658669312682318,0.7362637362637363
G4,qwen/P,Lcal_labeled_ref,0.10089551410144258,-0.15649162222064675,0.4149875792252944,3.718687488129279,0.8984987011501939,0.2411503686407026,1.2003536603578637,0.9735884339988835,0.8952999714250908,1.0559333836766704,0.7252747252747253
G4,qwen/P,evalopt_test,-0.1674419746221005,-0.40539087206762564,-0.02944125868932573,3.718687488129279,1.1684473096497803,1.030789544181501,2.016508964910945,1.0438315301078944,1.0059764790728156,1.1345443492307843,0.7582417582417582
G4,qwen/P,F1_within,0.8046054042560044,0.16501252955369738,1.7052479277888706,3.718687488129279,0.19056368044820682,-4.5268996767467335,0.8062933357376528,0.789377268864537,0.6181497026560293,0.9392157311414887,0.45054945054945056
G4,qwen/P,F2_within,0.8726970175165714,0.07324849100953947,2.4268191895094136,3.718687488129279,0.12206323968750687,-0.6330993931667322,0.8430189952104938,0.7715528278696102,0.2746540846710954,0.9833104000600438,0.5604395604395604
G4,qwen/P,F3_within,1.0078172657599263,0.09009089183157022,2.5117292421895185,3.718687488129279,-0.013868281349389777,-2.0663015720341846,0.8139198814143126,0.7361822032551351,0.22343333724691652,0.9819110773432111,0.5164835164835165
G4,qwen/P,F1_lobo,0.8046054042560044,0.16501252955369738,1.7052479277888706,3.718687488129279,0.19056368044820682,-4.5268996767467335,0.8062933357376528,0.789377268864537,0.6181497026560293,0.9392157311414887,0.45054945054945056
G4,qwen/P,F2_lobo,5.422889516952432,1.7217107636219022,10.91256384370232,3.718687488129279,-4.455448979983932,-47.31783161365572,-0.15053580213393988,-0.41955770451546726,-1.2138071783718785,0.3388919815719658,0.24175824175824176
G4,qwen/P,F3_lobo,10.511797055266678,6.666981923665373,15.10891169980816,3.718687488129279,-9.574910726778084,-65.36079019304543,-2.7465437443921235,-1.7516884589772674,-3.2836680755811725,-0.7898878486206868,0.02197802197802198
G4,qwen/all,W1,2.041925773504594,0.9472607873694048,3.5368426694017345,4.016701995920879,0.0,0.0,0.0,0.16716682499948954,-0.8631994887982704,0.7013243315972708,0.3076923076923077
G4,qwen/all,W2,2.4517824635207917,1.4475408281593947,3.833259387464069,4.016701995920879,-0.2007206605325096,-2.3481138241657717,0.46328881646054065,0.0,0.0,0.0,0.19413919413919414
G4,qwen/all,W3,0.8920500307690648,0.30181926651247903,1.7545183902231434,4.016701995920879,0.5631329785127188,0.3192520455269708,0.788543603553185,0.6361626514417313,0.1767357495573503,0.8684872465871291,0.4725274725274725
G4,qwen/all,W4,2.041925773504594,0.9472607873694048,3.5368426694017345,4.016701995920879,0.0,0.0,0.0,0.16716682499948954,-0.8631994887982704,0.7013243315972708,0.3076923076923077
G4,qwen/all,U1_agree,0.032296223876076155,-0.09031937397343154,0.19560292100310436,4.016701995920879,0.9841834486369965,0.8812841504328331,1.0542740671590334,0.9868274513107911,0.9170359793067893,1.0532254123111295,0.7142857142857143
G4,qwen/all,Lcal_labeled_ref,0.0994755807607636,-0.05728119225373815,0.30728835598467935,4.016701995920879,0.951283449157884,0.8507059258483538,1.0355115384024545,0.9594272402870867,0.8542340168991807,1.026560528011036,0.706959706959707
G4,qwen/all,evalopt_test,-0.193902602992067,-0.3567768477106885,-0.07968180538199682,4.016701995920879,1.094960652100134,1.035802122398277,1.2368763418421718,1.0790863813886735,1.0241936113100525,1.1977809744306052,0.7142857142857143
G4,qwen/all,F1_within,0.8920500307690648,0.30181926651247903,1.7545183902231434,4.016701995920879,0.5631329785127188,0.3192520455269708,0.788543603553185,0.6361626514417313,0.1767357495573503,0.8684872465871291,0.4725274725274725
G4,qwen/all,F2_within,1.0142696407690235,0.3253288128352927,1.9692033421139992,4.016701995920879,0.5032779085655918,0.2947142143977881,0.7177409812461224,0.5863133634977881,0.047715908788044964,0.8778826723998119,0.5054945054945055
G4,qwen/all,F3_within,1.130138935175691,0.40845093226880114,2.0434917524781104,4.016701995920879,0.4465328025925188,0.05936995697634194,0.7144290557360397,0.5390541567244931,-0.030875829601006037,0.8509031523427804,0.4652014652014652
G4,qwen/all,F1_lobo,0.8920500307690648,0.30181926651247903,1.7545183902231434,4.016701995920879,0.5631329785127188,0.3192520455269708,0.788543603553185,0.6361626514417313,0.1767357495573503,0.8684872465871291,0.4725274725274725
G4,qwen/all,F2_lobo,3.135783516911705,1.3240740875216628,5.862488490498343,4.016701995920879,-0.5356990727090452,-3.2400200007098245,0.37262438333697284,-0.2789811345696138,-0.8602488601864066,0.25672249157541155,0.34065934065934067
G4,qwen/all,F3_lobo,9.464537472587526,6.320810073696192,13.311116349252426,4.016701995920879,-3.6351035847612474,-11.210572356349047,-1.1190192896321092,-2.860268034952957,-4.1082774651649006,-2.0530331415186245,0.03663003663003663
G4,all/all,W1,2.846594141831496,1.473928227417171,4.5331407064386875,3.704924400673453,0.0,0.0,0.0,-0.42217201201344956,-1.769437114244747,0.3611966077312061,0.2423076923076923
G4,all/all,W2,2.0015821699383687,1.4133796139358599,2.814804635803289,3.704924400673453,0.2968501759613147,-0.5654271446095764,0.6389157935237516,0.0,0.0,0.0,0.1987179487179487
G4,all/all,W3,0.5951542777241283,0.22837672515137641,1.1101440905137612,3.704924400673453,0.7909240839857814,0.6929270667494664,0.8855146259066524,0.7026580838585039,0.3790484754197416,0.8802206475536025,0.55
G4,all/all,W4,2.846594141831496,1.473928227417171,4.5331407064386875,3.704924400673453,0.0,0.0,0.0,-0.42217201201344956,-1.769437114244747,0.3611966077312061,0.2423076923076923
G4,all/all,U1_agree,0.11439921682255264,0.011987092234283172,0.2537206471669491,3.704924400673453,0.9598118976142668,0.9004570655576626,0.9945471380972765,0.9428456055710792,0.8719420586662907,0.9938095456875771,0.6935897435897436
G4,all/all,Lcal_labeled_ref,0.1535549734968092,0.05412405885640895,0.2932062728919986,3.704924400673453,0.9460565975176173,0.8884809270352114,0.9812177013251875,0.9232832027567784,0.8464771322511491,0.9717573588277022,0.6628205128205128
G4,all/all,evalopt_test,-0.18831909754271597,-0.31799313462864504,-0.089362693303051,3.704924400673453,1.0661559351841958,1.0284314037917195,1.1505896816875993,1.0940851194475392,1.0407936550444383,1.180019974853948,0.7448717948717949
G4,all/all,F1_within,0.5939892166651225,0.22419164389038515,1.1107849762210324,3.704924400673453,0.7913333664478946,0.6962871411400637,0.8855146259066524,0.7032401539211293,0.3879473367407591,0.880787152543767,0.55
G4,all/all,F2_within,0.8453114967004957,0.28601866263647546,1.5554694849784596,3.704924400673453,0.7030446018705627,0.345728246492197,0.8656414764959961,0.5776783439640033,0.2587057935214653,0.8322020376557643,0.5269230769230769
G4,all/all,F3_within,0.8188647994510316,0.37170511425019453,1.3402395607099142,3.704924400673453,0.712335247439182,0.4842726675256411,0.8276931609912958,0.5908912400652302,0.2563781839035905,0.7880602706439956,0.5076923076923077
G4,all/all,F1_lobo,0.5939892166651225,0.22419164389038515,1.1107849762210324,3.704924400673453,0.7913333664478946,0.6962871411400637,0.8855146259066524,0.7032401539211293,0.3879473367407591,0.880787152543767,0.55
G4,all/all,F2_lobo,1.740751176813836,0.7094052095684019,3.023206221881061,3.704924400673453,0.3884793229800444,-0.08639566415758806,0.717515178592835,0.13031240837470293,-0.5545325913361511,0.6093654415282783,0.4551282051282051
G4,all/all,F3_lobo,4.024563972364974,2.5589745549274756,5.587895215429135,3.704924400673453,-0.41381727490508124,-1.7340187671122622,0.23876317587892104,-1.0106913584711315,-1.9345127457674158,-0.3442572767324113,0.3423076923076923
G7,qwen/R0,W1,3.0537939886577257,1.5237544651156005,5.083970338284562,4.080953402947562,0.0,0.0,0.0,-1.839490631206337,-9.094163396422797,0.03439884031114834,0.12087912087912088
G7,qwen/R0,W2,1.0754724650598138,0.37861602624783763,1.9626638630198943,4.080953402947562,0.6478241593721487,-0.03395628012815957,0.9010401750097339,0.0,0.0,0.0,0.37362637362637363
G7,qwen/R0,W3,1.1082802089532162,0.3371983117583722,2.426272983233034,4.080953402947562,0.6370808859177979,0.4628570886233942,0.8289679568808102,-0.03050542432211678,-3.0357886775414724,0.786334497861978,0.4725274725274725
G7,qwen/R0,W4,3.0537939886577257,1.5237544651156005,5.083970338284562,4.080953402947562,0.0,0.0,0.0,-1.839490631206337,-9.094163396422797,0.03439884031114834,0.12087912087912088
G7,qwen/R0,U1_agree,0.046469557816976294,-0.1846035211917239,0.24299550231433778,4.080953402947562,0.9847830082875362,0.9002655262850757,1.0560521586813592,0.9567914945973146,0.7025271304843205,1.2638143356142328,0.6813186813186813
G7,qwen/R0,Lcal_labeled_ref,0.13291174713923287,-0.08509546086521219,0.3758825360530133,4.080953402947562,0.9564765181826645,0.8350489753309157,1.0274931844174633,0.8764154811421966,0.45878933965203145,1.0918422615187804,0.7252747252747253
G7,qwen/R0,evalopt_test,-0.2155157995197125,-0.4673410952658054,-0.04466324485684964,4.080953402947562,1.0705731297920462,1.0173593275786021,1.1629919699837854,1.2003917408594242,1.0294610461391194,1.9433588118522391,0.6923076923076923
G7,qwen/R0,F1_within,1.1082802089532162,0.3371983117583722,2.426272983233034,4.080953402947562,0.6370808859177979,0.4628570886233942,0.8289679568808102,-0.03050542432211678,-3.0357886775414724,0.786334497861978,0.4725274725274725
G7,qwen/S1,W1,2.169823461371027,0.819292909420687,3.891466468782921,4.158593213441838,0.0,0.0,0.0,0.1496292918681179,-1.1651203688519842,0.7488773761726485,0.26373626373626374
G7,qwen/S1,W2,2.551620652759495,1.1956094268083026,4.305987007972061,4.158593213441838,-0.17595772107064644,-2.982124412048619,0.5381267254101952,0.0,0.0,0.0,0.1978021978021978
G7,qwen/S1,W3,0.8551363623419304,0.07726787251245419,1.881599860709875,4.158593213441838,0.6058958815932413,0.2803240569965535,0.9361658033083876,0.6648654017527534,0.19661028442057835,0.960325632709748,0.4835164835164835
G7,qwen/S1,W4,2.169823461371027,0.819292909420687,3.891466468782921,4.158593213441838,0.0,0.0,0.0,0.1496292918681179,-1.1651203688519842,0.7488773761726485,0.26373626373626374
G7,qwen/S1,U1_agree,-0.009827592864945625,-0.2204869181523419,0.27857803216372007,4.158593213441838,1.0045292131087642,0.848781004925569,1.1397602549555874,1.0038515101585799,0.8439008899906825,1.0894515723702196,0.7142857142857143
G7,qwen/S1,Lcal_labeled_ref,0.11735032775432319,-0.21160687872220268,0.7541078183676694,4.158593213441838,0.9459171080765372,0.6409323256476736,1.1541554301635013,0.9540094928972249,0.6174948899971295,1.0833371067243485,0.6373626373626373
G7,qwen/S1,evalopt_test,-0.22800975435326054,-0.4539332520502845,-0.07204034120086555,4.158593213441838,1.1050821683941006,1.024494088223698,1.3789613268066954,1.089358797949325,1.0243880550636324,1.2423332110694436,0.6813186813186813
G7,qwen/S1,F1_within,0.8551363623419304,0.07726787251245419,1.881599860709875,4.158593213441838,0.6058958815932413,0.2803240569965535,0.9361658033083876,0.6648654017527534,0.19661028442057835,0.960325632709748,0.4835164835164835
G7,qwen/P,W1,1.0262029180688592,0.20705472991236465,2.5681516289499293,3.686516323789405,0.0,0.0,0.0,0.7336127425435122,0.20505534489406965,0.9549118753380534,0.5164835164835165
G7,qwen/P,W2,3.8522973203268958,2.1797417412418723,6.093317536186627,3.686516323789405,-2.7539333132829804,-21.14501904183937,-0.2563706250998915,0.0,0.0,0.0,0.01098901098901099
G7,qwen/P,W3,0.8367765685958785,0.1786315299728008,1.7792639216871637,3.686516323789405,0.18458956424471018,-3.745949192314466,0.7987852744788633,0.7827850503177486,0.6030910681177326,0.9369331920402995,0.43956043956043955
G7,qwen/P,W4,1.0262029180688592,0.20705472991236465,2.5681516289499293,3.686516323789405,0.0,0.0,0.0,0.7336127425435122,0.20505534489406965,0.9549118753380534,0.5164835164835165
G7,qwen/P,U1_agree,0.09042210467975054,-0.1926574966006366,0.3889459827068776,3.686516323789405,0.911886720367245,0.3365940795464966,1.295878694163875,0.9765277450931338,0.9082502107993186,1.0662076529776525,0.7142857142857143
G7,qwen/P,Lcal_labeled_ref,0.13455628438688336,-0.09779861020725181,0.4401558905729504,3.686516323789405,0.8688794564723168,0.17559705895074565,1.0871930252863429,0.9650711580134564,0.8878593264989072,1.0325317437052772,0.6813186813186813
G7,qwen/P,evalopt_test,-0.19028157447006555,-0.4334942009852448,-0.05028329763021728,3.686516323789405,1.1854229520494284,1.046989048859715,2.1146420594122275,1.049394311665933,1.0099383992457818,1.140902849862136,0.7032967032967034
G7,qwen/P,F1_within,0.8367765685958785,0.1786315299728008,1.7792639216871637,3.686516323789405,0.18458956424471018,-3.745949192314466,0.7987852744788633,0.7827850503177486,0.6030910681177326,0.9369331920402995,0.43956043956043955
G7,qwen/all,W1,2.083273456032537,0.9789758439530813,3.601118959501965,3.9753543133929354,0.0,0.0,0.0,0.16439442227505185,-0.8180346414744677,0.693882481925661,0.30036630036630035
G7,qwen/all,W2,2.4931301460487347,1.4693365605028201,3.8506714716442065,3.9753543133929354,-0.1967368656425661,-2.266719286451448,0.44995541062192196,0.0,0.0,0.0,0.19413919413919414
G7,qwen/all,W3,0.933397713297008,0.3123727662986144,1.8371020377512042,3.9753543133929354,0.5519562203443973,0.3035423290666277,0.7807863105759298,0.6256121186548107,0.17292333018226203,0.8586387063358841,0.4652014652014652
G7,qwen/all,W4,2.083273456032537,0.9789758439530813,3.601118959501965,3.9753543133929354,0.0,0.0,0.0,0.16439442227505185,-0.8180346414744677,0.693882481925661,0.30036630036630035
G7,qwen/all,U1_agree,0.04235468987726039,-0.11362807763540111,0.2201140266418008,3.9753543133929354,0.9796691645282506,0.8596662887099615,1.0629935188650148,0.9830114404799979,0.9124960600574026,1.058574289885943,0.7032967032967034
G7,qwen/all,Lcal_labeled_ref,0.1282727864268131,-0.041692197628436414,0.37357051013439,3.9753543133929354,0.9384272928475264,0.8067689726213263,1.0224697766491506,0.9485495024677683,0.8226754410062261,1.0201612394760255,0.6813186813186813
G7,qwen/all,evalopt_test,-0.21126904278101286,-0.3918188358034492,-0.08687854849030882,3.9753543133929354,1.1014120552293512,1.0405852733578762,1.2414725668122852,1.0847404789981963,1.0267362042555277,1.205837222040816,0.6923076923076923
G7,qwen/all,F1_within,0.933397713297008,0.3123727662986144,1.8371020377512042,3.9753543133929354,0.5519562203443973,0.3035423290666277,0.7807863105759298,0.6256121186548107,0.17292333018226203,0.8586387063358841,0.4652014652014652
